Built from '6000.3/staging' branch; Version is '6000.3.25f1 (e1dba0a9aba4) revision 14801824'; Using compiler version '194234433'; Build Type 'Release'
OS: 'Windows 11  (10.0.26200) CoreSingleLanguage' Language: 'en' Physical Memory: 7501 MB
BatchMode: 1, IsHumanControllingUs: 0, StartBugReporterOnCrash: 0, Is64bit: 1
System  architecture: x64
Process architecture: x64
Date: 2026-10-08T07:27:46Z
[Licensing::Module] Trying to connect to existing licensing client channel...
[Licensing::IpcConnector] Successfully connected to: "LicenseClient-Hp" at "2026-10-08T07:27:46.9801415Z"
[Licensing::Client] Code 10 while verifying Licensing Client signature (process Id: 11368, path: "C:/Users/Hp/Desktop/Unity Hub/UnityLicensingClient_V1/Unity.Licensing.Client.exe")
[Licensing::Module] LicensingClient has failed validation; ignoring
[Licensing::Client] Handshaking with LicensingClient:
  Version:                 1.18.3+d7ffd15
  Session Id:              f3a7f9afffe84c0a9cf5e489d4f1075f
  Correlation Id:          7edcef9cc0b78bc6c5ae484ea329087c
  External correlation Id: 6509604384981393821
  Machine Id:              mM3y+8hNrOGW2RPrq5hbZmpAOb4=
[Licensing::Module] Successfully connected to LicensingClient on channel: "LicenseClient-Hp" (connect: 0.01s, validation: 0.00s, handshake: 0.17s)
[Licensing::IpcConnector] Successfully connected to: "LicenseClient-Hp-notifications" at "2026-10-08T07:27:47.1635789Z"
[Licensing::Module] Licensing Background thread has ended after 0.19s

COMMAND LINE ARGUMENTS:
C:\Program Files\Unity\Hub\Editor\6000.3.25f1\Editor\Unity.exe
-adb2
-batchMode
-noUpm
-name
AssetImportWorker1
-projectPath
C:/Users/Hp/Desktop/AR_Car_Showroom_Unity_6000_3_25f1
-logFile
Logs/AssetImportWorker1.log
-srvPort
64816
-parentPid
4244
-analyticsCloudUserId
anonymous
-analyticsLocalProjectId
3e7d8c7b4f0b4f5aa7c9f5a0b8e7d2c1
-editorAnalyticsEnabled
1
-cbmEditorLicense
06af23d8393bedd2c2d2fd8424dca4c0507423d7
-cbmMachineId
mM3y+8hNrOGW2RPrq5hbZmpAOb4=
-job-worker-count
5
-background-job-worker-count
8
-gc-helper-count
1
-name
AssetImport
Successfully changed project path to: C:/Users/Hp/Desktop/AR_Car_Showroom_Unity_6000_3_25f1
C:/Users/Hp/Desktop/AR_Car_Showroom_Unity_6000_3_25f1
[UnityMemory] Configuration Parameters - Can be set up in boot.config
    "memorysetup-temp-allocator-size-nav-mesh-worker=65536"
    "memorysetup-temp-allocator-size-audio-worker=65536"
    "memorysetup-temp-allocator-size-gfx=262144"
    "memorysetup-allocator-temp-initial-block-size-main=262144"
    "memorysetup-allocator-temp-initial-block-size-worker=262144"
    "memorysetup-temp-allocator-size-background-worker=32768"
    "memorysetup-temp-allocator-size-job-worker=262144"
    "memorysetup-temp-allocator-size-preload-manager=33554432"
    "memorysetup-remapper-allocator-initial-capacity=32768"
    "memorysetup-temp-allocator-size-gi-baking-worker=262144"
    "memorysetup-temp-allocator-size-gi-baking-worker=262144"
    "memorysetup-temp-allocator-size-gi-baking-worker=262144"
    "memorysetup-temp-allocator-size-gi-baking-worker=262144"
    "memorysetup-temp-allocator-size-gi-baking-worker=262144"
    "memorysetup-bucket-allocator-granularity=16"
    "memorysetup-bucket-allocator-bucket-count=8"
    "memorysetup-bucket-allocator-block-size=33554432"
    "memorysetup-bucket-allocator-block-count=8"
    "memorysetup-main-allocator-block-size=16777216"
    "memorysetup-thread-allocator-block-size=16777216"
    "memorysetup-gfx-main-allocator-block-size=16777216"
    "memorysetup-gfx-thread-allocator-block-size=16777216"
    "memorysetup-cache-allocator-block-size=4194304"
    "memorysetup-typetree-allocator-block-size=2097152"
    "memorysetup-profiler-bucket-allocator-granularity=16"
    "memorysetup-profiler-bucket-allocator-bucket-count=8"
    "memorysetup-profiler-bucket-allocator-block-size=33554432"
    "memorysetup-profiler-bucket-allocator-block-count=8"
    "memorysetup-profiler-allocator-block-size=16777216"
    "memorysetup-profiler-editor-allocator-block-size=1048576"
    "memorysetup-temp-allocator-size-main=16777216"
    "memorysetup-job-temp-allocator-block-size=2097152"
    "memorysetup-job-temp-allocator-block-size-background=1048576"
    "memorysetup-job-temp-allocator-reduction-small-platforms=262144"
    "memorysetup-temp-allocator-size-cloud-worker=32768"
Player connection [4064]  Target information:

Player connection [4064]  * "[IP] 172.25.225.31 [Port] 0 [Flags] 2 [Guid] 844902291 [EditorId] 844902291 [Version] 1048832 [Id] WindowsEditor(7,LAPTOP-U3N5FTL7) [Debug] 1 [PackageName] WindowsEditor [ProjectName] Editor" 

Player connection [4064] Host joined multi-casting on [225.0.0.222:54997]...
Player connection [4064] Host joined alternative multi-casting on [225.0.0.222:34997]...
JobSystem: Creating JobQueue using job-worker-count value 5
Input System module state changed to: Initialized.
[Physics::Module] Initialized fallback backend.
[Physics::Module] Id: 0xdecafbad
Library Redirect Path: Library/
[Physics::Module] Selected backend.
[Physics::Module] Name: PhysX
[Physics::Module] Id: 0xf2b8ea05
[Physics::Module] SDK Version: 4.1.2
[Physics::Module] Integration Version: 1.0.0
[Physics::Module] Threading Mode: Multi-Threaded
Refreshing native plugins compatible for Editor in 5.54 ms, found 3 plugins.
Preloading 0 native plugins for Editor in 0.00 ms.
Initialize engine version: 6000.3.25f1 (e1dba0a9aba4)
[Subsystems] Discovering subsystems at path C:/Program Files/Unity/Hub/Editor/6000.3.25f1/Editor/Data/Resources/UnitySubsystems
[Subsystems] Discovering subsystems at path C:/Users/Hp/Desktop/AR_Car_Showroom_Unity_6000_3_25f1/Assets
GfxDevice: creating device client; kGfxThreadingModeNonThreaded
d3d12: failed to query info queue interface (0x80004002).
Direct3D:
    Version:         Direct3D 12 [level 12.1]
    Renderer:        AMD Radeon(TM) Graphics (ID=0x164c)
    Vendor:          ATI
    VRAM:            3750 MB
    App VRAM Budget: 3821 MB
    Driver:          31.0.21914.8004
    Unified Memory Architecture
Initialize mono
Mono path[0] = 'C:/Program Files/Unity/Hub/Editor/6000.3.25f1/Editor/Data/Managed'
Mono path[1] = 'C:/Program Files/Unity/Hub/Editor/6000.3.25f1/Editor/Data/MonoBleedingEdge/lib/mono/unityjit-win32'
Mono config path = 'C:/Program Files/Unity/Hub/Editor/6000.3.25f1/Editor/Data/MonoBleedingEdge/etc'
Using monoOptions --debugger-agent=transport=dt_socket,embedding=1,server=y,suspend=n,address=127.0.0.1:56836
Begin MonoManager ReloadAssembly
Registering precompiled unity dll's ...
Register platform support module: C:/Program Files/Unity/Hub/Editor/6000.3.25f1/Editor/Data/PlaybackEngines/WindowsStandaloneSupport/UnityEditor.WindowsStandalone.Extensions.dll
[Licensing::Client] Successfully resolved entitlement details
[Licensing::Module] License group:
  Id: 13469973565825-UnityPersXXXX
  Product: Unity Personal
  Type: Assigned
  Expiration: Unlimited
Register platform support module: C:/Program Files/Unity/Hub/Editor/6000.3.25f1/Editor/Data/PlaybackEngines/AndroidPlayer/UnityEditor.Android.Extensions.dll
Registered in 0.021741 seconds.
- Loaded All Assemblies, in  1.701 seconds
Native extension for Android target not found
Native extension for WindowsStandalone target not found
Package Manager log level set to [2]
[Package Manager] Failed to launch server process. Reason: Unity was launched with the -noUpm command-line argument
[Package Manager] Unable to send message (not connected to server process).
[Package Manager] Cannot connect to Unity Package Manager local server
ScheduleIndexationOnStartup MainProcess:False IndexOnStartup:True
Mono: successfully reloaded assembly
- Finished resetting the current domain, in  0.868 seconds
Domain Reload Profiling: 2562ms
	BeginReloadAssembly (779ms)
		ExecutionOrderSort (0ms)
		DisableScriptedObjects (0ms)
		BackupInstance (0ms)
		ReleaseScriptingObjects (0ms)
		CreateAndSetChildDomain (2ms)
	RebuildCommonClasses (110ms)
	RebuildNativeTypeToScriptingClass (46ms)
	initialDomainReloadingComplete (170ms)
	LoadAllAssembliesAndSetupDomain (588ms)
		LoadAssemblies (750ms)
		RebuildTransferFunctionScriptingTraits (0ms)
		AnalyzeDomain (575ms)
			TypeCache.Refresh (571ms)
				TypeCache.ScanAssembly (530ms)
			BuildScriptInfoCaches (0ms)
			ResolveRequiredComponents (1ms)
	FinalizeReload (869ms)
		ReleaseScriptCaches (0ms)
		RebuildScriptCaches (0ms)
		SetupLoadedEditorAssemblies (794ms)
			LogAssemblyErrors (0ms)
			InitializePlatformSupportModulesInManaged (122ms)
			SetLoadedEditorAssemblies (8ms)
			BeforeProcessingInitializeOnLoad (171ms)
			ProcessInitializeOnLoadAttributes (333ms)
			ProcessInitializeOnLoadMethodAttributes (159ms)
			AfterProcessingInitializeOnLoad (0ms)
			EditorAssembliesLoaded (0ms)
		ExecutionOrderSort2 (0ms)
		AwakeInstancesAfterBackupRestoration (0ms)
[Licensing::Client] Successfully resolved entitlement details
========================================================================
Worker process is ready to serve import requests
Import Worker Mode flag is 0x00
Begin MonoManager ReloadAssembly
- Loaded All Assemblies, in  1.289 seconds
Refreshing native plugins compatible for Editor in 14.40 ms, found 3 plugins.
Native extension for Android target not found
Native extension for WindowsStandalone target not found
[Package Manager] Failed to launch server process. Reason: Unity was launched with the -noUpm command-line argument
[Package Manager] Unable to send message (not connected to server process).
[Package Manager] Cannot connect to Unity Package Manager local server
[Package Manager] Failed to launch server process. Reason: Unity was launched with the -noUpm command-line argument
[Package Manager] Unable to send message (not connected to server process).
[Package Manager] Cannot connect to Unity Package Manager local server
ScheduleIndexationOnStartup MainProcess:False IndexOnStartup:True
Mono: successfully reloaded assembly
[Package Manager] Failed to launch server process. Reason: Unity was launched with the -noUpm command-line argument
[Package Manager] Unable to send message (not connected to server process).
[Package Manager] Cannot connect to Unity Package Manager local server
[Package Manager] Failed to launch server process. Reason: Unity was launched with the -noUpm command-line argument
[Package Manager] Unable to send message (not connected to server process).
[Package Manager] Cannot connect to Unity Package Manager local server
- Finished resetting the current domain, in  1.383 seconds
Domain Reload Profiling: 2667ms
	BeginReloadAssembly (431ms)
		ExecutionOrderSort (0ms)
		DisableScriptedObjects (9ms)
		BackupInstance (0ms)
		ReleaseScriptingObjects (0ms)
		CreateAndSetChildDomain (60ms)
	RebuildCommonClasses (65ms)
	RebuildNativeTypeToScriptingClass (21ms)
	initialDomainReloadingComplete (56ms)
	LoadAllAssembliesAndSetupDomain (710ms)
		LoadAssemblies (767ms)
		RebuildTransferFunctionScriptingTraits (0ms)
		AnalyzeDomain (232ms)
			TypeCache.Refresh (164ms)
				TypeCache.ScanAssembly (136ms)
			BuildScriptInfoCaches (50ms)
			ResolveRequiredComponents (11ms)
	FinalizeReload (1384ms)
		ReleaseScriptCaches (0ms)
		RebuildScriptCaches (0ms)
		SetupLoadedEditorAssemblies (1065ms)
			LogAssemblyErrors (0ms)
			InitializePlatformSupportModulesInManaged (23ms)
			SetLoadedEditorAssemblies (10ms)
			BeforeProcessingInitializeOnLoad (298ms)
			ProcessInitializeOnLoadAttributes (641ms)
			ProcessInitializeOnLoadMethodAttributes (86ms)
			AfterProcessingInitializeOnLoad (7ms)
			EditorAssembliesLoaded (1ms)
		ExecutionOrderSort2 (0ms)
		AwakeInstancesAfterBackupRestoration (11ms)
WARNING: Shader Unsupported: 'Hidden/Simulation/URP/Synthetic' - All subshaders removed
WARNING: Shader Did you use #pragma only_renderers and omit this platform?
WARNING: Shader If subshaders removal was intentional, you may have forgotten turning Fallback off?
WARNING: Shader Unsupported: 'Hidden/Simulation/URP/Synthetic' - All subshaders removed
WARNING: Shader Did you use #pragma only_renderers and omit this platform?
WARNING: Shader If subshaders removal was intentional, you may have forgotten turning Fallback off?
WARNING: Shader Unsupported: 'Hidden/Simulation/Synthetic Lit' - All subshaders removed
WARNING: Shader Did you use #pragma only_renderers and omit this platform?
WARNING: Shader If subshaders removal was intentional, you may have forgotten turning Fallback off?
WARNING: Shader Unsupported: 'Hidden/Simulation/Synthetic Lit' - All subshaders removed
WARNING: Shader Did you use #pragma only_renderers and omit this platform?
WARNING: Shader If subshaders removal was intentional, you may have forgotten turning Fallback off?
WARNING: Shader Unsupported: 'Simulation/URP/Room X-Ray' - All subshaders removed
WARNING: Shader Did you use #pragma only_renderers and omit this platform?
WARNING: Shader If subshaders removal was intentional, you may have forgotten turning Fallback off?
WARNING: Shader Unsupported: 'Simulation/URP/Room X-Ray' - All subshaders removed
WARNING: Shader Did you use #pragma only_renderers and omit this platform?
WARNING: Shader If subshaders removal was intentional, you may have forgotten turning Fallback off?
WARNING: Shader Unsupported: 'Simulation/URP/Lit' - All subshaders removed
WARNING: Shader Did you use #pragma only_renderers and omit this platform?
WARNING: Shader If subshaders removal was intentional, you may have forgotten turning Fallback off?
WARNING: Shader Unsupported: 'Simulation/URP/Lit' - All subshaders removed
WARNING: Shader Did you use #pragma only_renderers and omit this platform?
WARNING: Shader If subshaders removal was intentional, you may have forgotten turning Fallback off?
WARNING: Shader Unsupported: 'Simulation/Standard Lit' - All subshaders removed
WARNING: Shader Did you use #pragma only_renderers and omit this platform?
WARNING: Shader If subshaders removal was intentional, you may have forgotten turning Fallback off?
WARNING: Shader Unsupported: 'Simulation/Standard Lit' - All subshaders removed
WARNING: Shader Did you use #pragma only_renderers and omit this platform?
WARNING: Shader If subshaders removal was intentional, you may have forgotten turning Fallback off?
WARNING: Shader Unsupported: 'Simulation/Room X-Ray' - All subshaders removed
WARNING: Shader Did you use #pragma only_renderers and omit this platform?
WARNING: Shader If subshaders removal was intentional, you may have forgotten turning Fallback off?
WARNING: Shader Unsupported: 'Simulation/Room X-Ray' - All subshaders removed
WARNING: Shader Did you use #pragma only_renderers and omit this platform?
WARNING: Shader If subshaders removal was intentional, you may have forgotten turning Fallback off?
Launched and connected shader compiler UnityShaderCompiler.exe after 0.04 seconds
Refreshing native plugins compatible for Editor in 4.84 ms, found 3 plugins.
Preloading 0 native plugins for Editor in 0.00 ms.
Unloading 8 Unused Serialized files (Serialized files now loaded: 0)
Unloading 2632 unused Assets / (3.6 MB). Loaded Objects now: 3221.
Memory consumption went from 97.8 MB to 94.2 MB.
Total: 17.756800 ms (FindLiveObjects: 0.858900 ms CreateObjectMapping: 0.659000 ms MarkObjects: 11.003000 ms  DeleteObjects: 5.229800 ms)

========================================================================
Received Import Request.
  Time since last request: 11486.806643 seconds.
  path: Packages/com.unity.collab-proxy/Editor/PlasticSCM/Help/HelpFormat.cs
  artifactKey: Guid(f7eede78e1db095499f674a48eac686b) Importer(2089858483,b0f066a214c2f5e87bad3c948f4d605d)
Start importing Packages/com.unity.collab-proxy/Editor/PlasticSCM/Help/HelpFormat.cs using Guid(f7eede78e1db095499f674a48eac686b) Importer(2089858483,b0f066a214c2f5e87bad3c948f4d605d) (ScriptedImporter) -> (artifact id: '2b5f69ebfca861685dffe86be3cc822d') in 0.2073179 seconds
Number of updated asset objects reloaded before import = 0Number of asset objects unloaded after import = 0

========================================================================
Received Import Request.
  Time since last request: 0.000044 seconds.
  path: Packages/com.unity.collab-proxy/Editor/PlasticSCM/Developer/IncomingChangesNotifier.cs
  artifactKey: Guid(cc9b578c680471e41965738c85cbabbf) Importer(2089858483,b0f066a214c2f5e87bad3c948f4d605d)
Start importing Packages/com.unity.collab-proxy/Editor/PlasticSCM/Developer/IncomingChangesNotifier.cs using Guid(cc9b578c680471e41965738c85cbabbf) Importer(2089858483,b0f066a214c2f5e87bad3c948f4d605d) (ScriptedImporter) -> (artifact id: '918b55b2ad0aab6cbd7886acff9d8dc5') in 0.0378785 seconds
Number of updated asset objects reloaded before import = 0Number of asset objects unloaded after import = 0

========================================================================
Received Import Request.
  Time since last request: 0.000063 seconds.
  path: Packages/com.unity.collab-proxy/Editor/PlasticSCM/Configuration/CredentialsUIImpl.cs
  artifactKey: Guid(50d82b3e371b7cc42abc2999039b19cb) Importer(2089858483,b0f066a214c2f5e87bad3c948f4d605d)
Start importing Packages/com.unity.collab-proxy/Editor/PlasticSCM/Configuration/CredentialsUIImpl.cs using Guid(50d82b3e371b7cc42abc2999039b19cb) Importer(2089858483,b0f066a214c2f5e87bad3c948f4d605d) (ScriptedImporter) -> (artifact id: '85cff9610e6282681ab2ac4a058f0fb5') in 0.0252877 seconds
Number of updated asset objects reloaded before import = 0Number of asset objects unloaded after import = 0

========================================================================
Received Import Request.
  Time since last request: 0.000055 seconds.
  path: Packages/com.unity.collab-proxy/Editor/PlasticSCM/Configuration/EncryptionConfigurationDialog.cs
  artifactKey: Guid(68d5bb402c52edc48b494a59b8971758) Importer(2089858483,b0f066a214c2f5e87bad3c948f4d605d)
Start importing Packages/com.unity.collab-proxy/Editor/PlasticSCM/Configuration/EncryptionConfigurationDialog.cs using Guid(68d5bb402c52edc48b494a59b8971758) Importer(2089858483,b0f066a214c2f5e87bad3c948f4d605d) (ScriptedImporter) -> (artifact id: '2b4cdfc31c95e683dc101a1789d733d5') in 0.0278124 seconds
Number of updated asset objects reloaded before import = 0Number of asset objects unloaded after import = 0

========================================================================
Received Import Request.
  Time since last request: 0.000400 seconds.
  path: Assets/XR/Settings/ARCoreSettings.asset
  artifactKey: Guid(0b71e2ec8732b894b93f55f689f72f36) Importer(2089858483,b0f066a214c2f5e87bad3c948f4d605d)
Start importing Assets/XR/Settings/ARCoreSettings.asset using Guid(0b71e2ec8732b894b93f55f689f72f36) Importer(2089858483,b0f066a214c2f5e87bad3c948f4d605d) (ScriptedImporter) -> (artifact id: '9e41ec5c1b2eefefe35081ec7aebd1d3') in 0.1143509 seconds
Number of updated asset objects reloaded before import = 0Number of asset objects unloaded after import = 1

========================================================================
Received Import Request.
  Time since last request: 0.000049 seconds.
  path: Packages/com.unity.collab-proxy/Editor/PlasticSCM/Configuration/SSOCredentialsDialog.cs
  artifactKey: Guid(f1969c6a4a44a474983058896f48d9f5) Importer(2089858483,b0f066a214c2f5e87bad3c948f4d605d)
Start importing Packages/com.unity.collab-proxy/Editor/PlasticSCM/Configuration/SSOCredentialsDialog.cs using Guid(f1969c6a4a44a474983058896f48d9f5) Importer(2089858483,b0f066a214c2f5e87bad3c948f4d605d) (ScriptedImporter) -> (artifact id: '6c62f1f3cd880b914903cbd9d8b73acf') in 0.0262015 seconds
Number of updated asset objects reloaded before import = 0Number of asset objects unloaded after import = 0

========================================================================
Received Import Request.
  Time since last request: 0.000320 seconds.
  path: Packages/com.unity.collab-proxy/Editor/PlasticSCM/PlasticWindow.cs
  artifactKey: Guid(6629f1bb292b749a18b5fff7994c8b19) Importer(2089858483,b0f066a214c2f5e87bad3c948f4d605d)
Start importing Packages/com.unity.collab-proxy/Editor/PlasticSCM/PlasticWindow.cs using Guid(6629f1bb292b749a18b5fff7994c8b19) Importer(2089858483,b0f066a214c2f5e87bad3c948f4d605d) (ScriptedImporter) -> (artifact id: 'e59a4e982d5031f87544631711f98b98') in 0.033315 seconds
Number of updated asset objects reloaded before import = 0Number of asset objects unloaded after import = 0

========================================================================
Received Import Request.
  Time since last request: 0.000124 seconds.
  path: Packages/com.unity.collab-proxy/Editor/PlasticSCM/Configuration/WriteLogConfiguration.cs
  artifactKey: Guid(332442c8f4f7b1943bb9e12fc97356e4) Importer(2089858483,b0f066a214c2f5e87bad3c948f4d605d)
Start importing Packages/com.unity.collab-proxy/Editor/PlasticSCM/Configuration/WriteLogConfiguration.cs using Guid(332442c8f4f7b1943bb9e12fc97356e4) Importer(2089858483,b0f066a214c2f5e87bad3c948f4d605d) (ScriptedImporter) -> (artifact id: 'c8482215962694fb0c978904118f6d68') in 0.0335738 seconds
Number of updated asset objects reloaded before import = 0Number of asset objects unloaded after import = 0

========================================================================
Received Import Request.
  Time since last request: 0.000384 seconds.
  path: Packages/com.unity.collab-proxy/Editor/PlasticSCM/SwitchModeConfirmationDialog.cs
  artifactKey: Guid(cf7c1a153f50c6548bfff5dfd2ef5dff) Importer(2089858483,b0f066a214c2f5e87bad3c948f4d605d)
Start importing Packages/com.unity.collab-proxy/Editor/PlasticSCM/SwitchModeConfirmationDialog.cs using Guid(cf7c1a153f50c6548bfff5dfd2ef5dff) Importer(2089858483,b0f066a214c2f5e87bad3c948f4d605d) (ScriptedImporter) -> (artifact id: '164c0d3f4142ea447d6eabbcaa97ba7c') in 0.0339496 seconds
Number of updated asset objects reloaded before import = 0Number of asset objects unloaded after import = 0

========================================================================
Received Import Request.
  Time since last request: 0.000107 seconds.
  path: Packages/com.unity.collab-proxy/Editor/PlasticSCM/AssetsUtils/LoadAsset.cs
  artifactKey: Guid(91f74d588534bef42ac4b919a2ece84a) Importer(2089858483,b0f066a214c2f5e87bad3c948f4d605d)
Start importing Packages/com.unity.collab-proxy/Editor/PlasticSCM/AssetsUtils/LoadAsset.cs using Guid(91f74d588534bef42ac4b919a2ece84a) Importer(2089858483,b0f066a214c2f5e87bad3c948f4d605d) (ScriptedImporter) -> (artifact id: 'c6bfa10fc6b83f3214ee537a8a07086b') in 0.0384413 seconds
Number of updated asset objects reloaded before import = 0Number of asset objects unloaded after import = 0

========================================================================
Received Import Request.
  Time since last request: 0.000513 seconds.
  path: Packages/com.unity.collab-proxy/Editor/PlasticSCM/BuildGetEventExtraInfoFunction.cs
  artifactKey: Guid(e8b13064517f28443ac41883eb559c8f) Importer(2089858483,b0f066a214c2f5e87bad3c948f4d605d)
Start importing Packages/com.unity.collab-proxy/Editor/PlasticSCM/BuildGetEventExtraInfoFunction.cs using Guid(e8b13064517f28443ac41883eb559c8f) Importer(2089858483,b0f066a214c2f5e87bad3c948f4d605d) (ScriptedImporter) -> (artifact id: '6b524c74a979bd88e88b56187b8633c2') in 0.0323018 seconds
Number of updated asset objects reloaded before import = 0Number of asset objects unloaded after import = 0

========================================================================
Received Import Request.
  Time since last request: 0.000297 seconds.
  path: Packages/com.unity.collab-proxy/Editor/PlasticSCM/AssetOverlays/DrawAssetOverlay.cs
  artifactKey: Guid(d30dfeb72257204458e1e8e1576b84ba) Importer(2089858483,b0f066a214c2f5e87bad3c948f4d605d)
Start importing Packages/com.unity.collab-proxy/Editor/PlasticSCM/AssetOverlays/DrawAssetOverlay.cs using Guid(d30dfeb72257204458e1e8e1576b84ba) Importer(2089858483,b0f066a214c2f5e87bad3c948f4d605d) (ScriptedImporter) -> (artifact id: '6a8cd84b4c95e635e0b2d8ad32c631db') in 0.0336857 seconds
Number of updated asset objects reloaded before import = 0Number of asset objects unloaded after import = 0

========================================================================
Received Import Request.
  Time since last request: 0.001939 seconds.
  path: Packages/com.unity.modules.uielements/package.ModuleCompilationTrigger
  artifactKey: Guid(8a752aaaadd2410dd9a84e01c1bace9f) Importer(2089858483,b0f066a214c2f5e87bad3c948f4d605d)
Start importing Packages/com.unity.modules.uielements/package.ModuleCompilationTrigger using Guid(8a752aaaadd2410dd9a84e01c1bace9f) Importer(2089858483,b0f066a214c2f5e87bad3c948f4d605d) (ScriptedImporter) -> (artifact id: '040f85ce17b44eec486ac65834211ee9') in 0.0296609 seconds
Number of updated asset objects reloaded before import = 0Number of asset objects unloaded after import = 1

========================================================================
Received Import Request.
  Time since last request: 0.000050 seconds.
  path: Packages/com.unity.collab-proxy/Editor/PlasticSCM/ProjectWindow.cs
  artifactKey: Guid(9d68334722828a945b9cda72a3e419b7) Importer(2089858483,b0f066a214c2f5e87bad3c948f4d605d)
Start importing Packages/com.unity.collab-proxy/Editor/PlasticSCM/ProjectWindow.cs using Guid(9d68334722828a945b9cda72a3e419b7) Importer(2089858483,b0f066a214c2f5e87bad3c948f4d605d) (ScriptedImporter) -> (artifact id: '55210828d32b0f737513d733d770e142') in 0.0334618 seconds
Number of updated asset objects reloaded before import = 0Number of asset objects unloaded after import = 0

========================================================================
Received Import Request.
  Time since last request: 0.000532 seconds.
  path: Packages/com.unity.collab-proxy/Editor/PlasticSCM/WorkspaceWindow.cs
  artifactKey: Guid(30e9a0b4c58f24512803e160e0216686) Importer(2089858483,b0f066a214c2f5e87bad3c948f4d605d)
Start importing Packages/com.unity.collab-proxy/Editor/PlasticSCM/WorkspaceWindow.cs using Guid(30e9a0b4c58f24512803e160e0216686) Importer(2089858483,b0f066a214c2f5e87bad3c948f4d605d) (ScriptedImporter) -> (artifact id: '6f6040de162de3802d400d84733c3d9b') in 0.034272 seconds
Number of updated asset objects reloaded before import = 0Number of asset objects unloaded after import = 0

========================================================================
Received Import Request.
  Time since last request: 0.000224 seconds.
  path: Packages/com.unity.collab-proxy/Editor/PlasticSCM/NewIncomingChanges.cs
  artifactKey: Guid(cd17bd02643083b43bac72747b7641ff) Importer(2089858483,b0f066a214c2f5e87bad3c948f4d605d)
Start importing Packages/com.unity.collab-proxy/Editor/PlasticSCM/NewIncomingChanges.cs using Guid(cd17bd02643083b43bac72747b7641ff) Importer(2089858483,b0f066a214c2f5e87bad3c948f4d605d) (ScriptedImporter) -> (artifact id: '52a24fb3d0f8c8f877416119994f5117') in 0.038631 seconds
Number of updated asset objects reloaded before import = 0Number of asset objects unloaded after import = 0

========================================================================
Received Import Request.
  Time since last request: 0.000327 seconds.
  path: Packages/com.unity.collab-proxy/Editor/PlasticSCM/Developer/GenericProgress.cs
  artifactKey: Guid(dc0cbec450c3bd54eb12276dcfdc27d3) Importer(2089858483,b0f066a214c2f5e87bad3c948f4d605d)
Start importing Packages/com.unity.collab-proxy/Editor/PlasticSCM/Developer/GenericProgress.cs using Guid(dc0cbec450c3bd54eb12276dcfdc27d3) Importer(2089858483,b0f066a214c2f5e87bad3c948f4d605d) (ScriptedImporter) -> (artifact id: '58997344b6ae2c622cda1181bed74b29') in 0.0322561 seconds
Number of updated asset objects reloaded before import = 0Number of asset objects unloaded after import = 0

========================================================================
Received Import Request.
  Time since last request: 0.000219 seconds.
  path: Packages/com.unity.collab-proxy/Editor/PlasticSCM/GetRelativePath.cs
  artifactKey: Guid(4af85446b06bf694a966f280918beb31) Importer(2089858483,b0f066a214c2f5e87bad3c948f4d605d)
Start importing Packages/com.unity.collab-proxy/Editor/PlasticSCM/GetRelativePath.cs using Guid(4af85446b06bf694a966f280918beb31) Importer(2089858483,b0f066a214c2f5e87bad3c948f4d605d) (ScriptedImporter) -> (artifact id: '372b5a6db35c8c61f49b4aa7336f5c13') in 0.0377075 seconds
Number of updated asset objects reloaded before import = 0Number of asset objects unloaded after import = 0

========================================================================
Received Import Request.
  Time since last request: 0.000035 seconds.
  path: Packages/com.unity.collab-proxy/Editor/PlasticSCM/DrawGuiModeSwitcher.cs
  artifactKey: Guid(14c7ad7d838cc1d4691f5d9ca504f0ac) Importer(2089858483,b0f066a214c2f5e87bad3c948f4d605d)
Start importing Packages/com.unity.collab-proxy/Editor/PlasticSCM/DrawGuiModeSwitcher.cs using Guid(14c7ad7d838cc1d4691f5d9ca504f0ac) Importer(2089858483,b0f066a214c2f5e87bad3c948f4d605d) (ScriptedImporter) -> (artifact id: '6d5a564c4887d951e476f65f0c2fd7a3') in 0.0322285 seconds
Number of updated asset objects reloaded before import = 0Number of asset objects unloaded after import = 0

========================================================================
Received Import Request.
  Time since last request: 0.000332 seconds.
  path: Packages/com.unity.collab-proxy/README.md
  artifactKey: Guid(c10740cd62ccaf54c8880da0a3f4d10f) Importer(2089858483,b0f066a214c2f5e87bad3c948f4d605d)
Start importing Packages/com.unity.collab-proxy/README.md using Guid(c10740cd62ccaf54c8880da0a3f4d10f) Importer(2089858483,b0f066a214c2f5e87bad3c948f4d605d) (ScriptedImporter) -> (artifact id: '80cd3e34012898c61a684f42819114cf') in 0.0392603 seconds
Number of updated asset objects reloaded before import = 0Number of asset objects unloaded after import = 1

========================================================================
Received Import Request.
  Time since last request: 0.000074 seconds.
  path: Packages/com.unity.collab-proxy/Editor/PlasticSCM/CollabMigration/MigrationDialog.cs
  artifactKey: Guid(c7a84120cb1bc4b48a18d18cb745730a) Importer(2089858483,b0f066a214c2f5e87bad3c948f4d605d)
Start importing Packages/com.unity.collab-proxy/Editor/PlasticSCM/CollabMigration/MigrationDialog.cs using Guid(c7a84120cb1bc4b48a18d18cb745730a) Importer(2089858483,b0f066a214c2f5e87bad3c948f4d605d) (ScriptedImporter) -> (artifact id: 'fb9c48941df5abdf372dc38a03b1bbea') in 0.0329251 seconds
Number of updated asset objects reloaded before import = 0Number of asset objects unloaded after import = 0

========================================================================
Received Import Request.
  Time since last request: 0.000156 seconds.
  path: Packages/com.unity.collab-proxy/Editor/PlasticSCM/VisualElementExtensions.cs
  artifactKey: Guid(e9e00039daba468c8a0dbcffa3506c1d) Importer(2089858483,b0f066a214c2f5e87bad3c948f4d605d)
Start importing Packages/com.unity.collab-proxy/Editor/PlasticSCM/VisualElementExtensions.cs using Guid(e9e00039daba468c8a0dbcffa3506c1d) Importer(2089858483,b0f066a214c2f5e87bad3c948f4d605d) (ScriptedImporter) -> (artifact id: 'be6f9cfffa72e811ea1f24cdf0ebee71') in 0.0443746 seconds
Number of updated asset objects reloaded before import = 0Number of asset objects unloaded after import = 0

========================================================================
Received Import Request.
  Time since last request: 0.002040 seconds.
  path: Packages/com.unity.collab-proxy/Editor/PlasticSCM/Help/BuildFormattedHelp.cs
  artifactKey: Guid(ed669a00ecaa3ff45b9d6eb52f4a478f) Importer(2089858483,b0f066a214c2f5e87bad3c948f4d605d)
Start importing Packages/com.unity.collab-proxy/Editor/PlasticSCM/Help/BuildFormattedHelp.cs using Guid(ed669a00ecaa3ff45b9d6eb52f4a478f) Importer(2089858483,b0f066a214c2f5e87bad3c948f4d605d) (ScriptedImporter) -> (artifact id: 'e5982ae030b8005b4730d28608718b74') in 0.0338519 seconds
Number of updated asset objects reloaded before import = 0Number of asset objects unloaded after import = 0

========================================================================
Received Import Request.
  Time since last request: 0.000124 seconds.
  path: Packages/com.unity.collab-proxy/Editor/PlasticSCM/AssetsUtils/AssetsPath.cs
  artifactKey: Guid(a077a49d9db9de74f827f0568f6e65c2) Importer(2089858483,b0f066a214c2f5e87bad3c948f4d605d)
Start importing Packages/com.unity.collab-proxy/Editor/PlasticSCM/AssetsUtils/AssetsPath.cs using Guid(a077a49d9db9de74f827f0568f6e65c2) Importer(2089858483,b0f066a214c2f5e87bad3c948f4d605d) (ScriptedImporter) -> (artifact id: '267c0d663966e684c9e043b73fc0e334') in 0.034626 seconds
Number of updated asset objects reloaded before import = 0Number of asset objects unloaded after import = 0

========================================================================
Received Import Request.
  Time since last request: 0.000144 seconds.
  path: Packages/com.unity.collab-proxy/Editor/PlasticSCM/AssetsUtils/ProjectPath.cs
  artifactKey: Guid(6cad902920d2d0e448b4a307b199d8fd) Importer(2089858483,b0f066a214c2f5e87bad3c948f4d605d)
Start importing Packages/com.unity.collab-proxy/Editor/PlasticSCM/AssetsUtils/ProjectPath.cs using Guid(6cad902920d2d0e448b4a307b199d8fd) Importer(2089858483,b0f066a214c2f5e87bad3c948f4d605d) (ScriptedImporter) -> (artifact id: 'e11df12505dd783eca47a6b9b440f12a') in 0.0346562 seconds
Number of updated asset objects reloaded before import = 0Number of asset objects unloaded after import = 0

========================================================================
Received Import Request.
  Time since last request: 0.000148 seconds.
  path: Packages/com.unity.collab-proxy/Editor/PlasticSCM/VCSPlugin.cs
  artifactKey: Guid(7aad121cec1867b4493b3b31bc5c8a26) Importer(2089858483,b0f066a214c2f5e87bad3c948f4d605d)
Start importing Packages/com.unity.collab-proxy/Editor/PlasticSCM/VCSPlugin.cs using Guid(7aad121cec1867b4493b3b31bc5c8a26) Importer(2089858483,b0f066a214c2f5e87bad3c948f4d605d) (ScriptedImporter) -> (artifact id: 'fe58cd96c7ed0eac9fce3b47a077c249') in 0.0437288 seconds
Number of updated asset objects reloaded before import = 0Number of asset objects unloaded after import = 0

========================================================================
Received Import Request.
  Time since last request: 0.000347 seconds.
  path: Packages/com.unity.collab-proxy/Editor/PlasticSCM/Developer/ProgressOperationHandler.cs
  artifactKey: Guid(f1b80531a496e644abedd795c21274cb) Importer(2089858483,b0f066a214c2f5e87bad3c948f4d605d)
Start importing Packages/com.unity.collab-proxy/Editor/PlasticSCM/Developer/ProgressOperationHandler.cs using Guid(f1b80531a496e644abedd795c21274cb) Importer(2089858483,b0f066a214c2f5e87bad3c948f4d605d) (ScriptedImporter) -> (artifact id: 'b4dd1bd291b9a7ca8ae7b6031054a955') in 0.0368411 seconds
Number of updated asset objects reloaded before import = 0Number of asset objects unloaded after import = 0

========================================================================
Received Import Request.
  Time since last request: 0.000370 seconds.
  path: Assets/ARCarShowroom/Scripts/ARPlacementManager.cs
  artifactKey: Guid(05767907524095442a9f08c72eb2ae45) Importer(2089858483,b0f066a214c2f5e87bad3c948f4d605d)
Start importing Assets/ARCarShowroom/Scripts/ARPlacementManager.cs using Guid(05767907524095442a9f08c72eb2ae45) Importer(2089858483,b0f066a214c2f5e87bad3c948f4d605d) (ScriptedImporter) -> (artifact id: '3d14e202134c8c90c4416af3e6ef29bd') in 0.0294614 seconds
Number of updated asset objects reloaded before import = 0Number of asset objects unloaded after import = 0

========================================================================
Received Import Request.
  Time since last request: 0.000285 seconds.
  path: Packages/com.unity.collab-proxy/Editor/PlasticSCM/AutoRefresh.cs
  artifactKey: Guid(a840d4787ba856c4dbaf61207189b00c) Importer(2089858483,b0f066a214c2f5e87bad3c948f4d605d)
Start importing Packages/com.unity.collab-proxy/Editor/PlasticSCM/AutoRefresh.cs using Guid(a840d4787ba856c4dbaf61207189b00c) Importer(2089858483,b0f066a214c2f5e87bad3c948f4d605d) (ScriptedImporter) -> (artifact id: '3138f36dc63a16145d77b4d083f65a6d') in 0.0326837 seconds
Number of updated asset objects reloaded before import = 0Number of asset objects unloaded after import = 0

========================================================================
Received Import Request.
  Time since last request: 0.000870 seconds.
  path: Packages/com.unity.collab-proxy/Editor/PlasticSCM/Configuration/ConfigurePartialWorkspace.cs
  artifactKey: Guid(2b3223ee740687445a7e4bc793fa2aae) Importer(2089858483,b0f066a214c2f5e87bad3c948f4d605d)
Start importing Packages/com.unity.collab-proxy/Editor/PlasticSCM/Configuration/ConfigurePartialWorkspace.cs using Guid(2b3223ee740687445a7e4bc793fa2aae) Importer(2089858483,b0f066a214c2f5e87bad3c948f4d605d) (ScriptedImporter) -> (artifact id: '59c00617e4d5027d3f6eb13351668de9') in 0.0413777 seconds
Number of updated asset objects reloaded before import = 0Number of asset objects unloaded after import = 0

========================================================================
Received Import Request.
  Time since last request: 0.001997 seconds.
  path: Assets/XR/Loaders/ARCoreLoader.asset
  artifactKey: Guid(decc5b871ccd8e14ea8eaa46fe46d030) Importer(2089858483,b0f066a214c2f5e87bad3c948f4d605d)
Start importing Assets/XR/Loaders/ARCoreLoader.asset using Guid(decc5b871ccd8e14ea8eaa46fe46d030) Importer(2089858483,b0f066a214c2f5e87bad3c948f4d605d) (ScriptedImporter) -> (artifact id: '3ca310cd4d27363de41f21c6401c7945') in 0.0472749 seconds
Number of updated asset objects reloaded before import = 0Number of asset objects unloaded after import = 1

========================================================================
Received Import Request.
  Time since last request: 0.000548 seconds.
  path: Packages/com.unity.collab-proxy/package.json
  artifactKey: Guid(743fda8c4b219c8429fb5a77ede1c879) Importer(2089858483,b0f066a214c2f5e87bad3c948f4d605d)
Start importing Packages/com.unity.collab-proxy/package.json using Guid(743fda8c4b219c8429fb5a77ede1c879) Importer(2089858483,b0f066a214c2f5e87bad3c948f4d605d) (ScriptedImporter) -> (artifact id: '231821c11c450cabe05d6da5cb462197') in 0.1386774 seconds
Number of updated asset objects reloaded before import = 0Number of asset objects unloaded after import = 1

========================================================================
Received Import Request.
  Time since last request: 0.002407 seconds.
  path: Packages/com.unity.collab-proxy/LICENSE.md
  artifactKey: Guid(52a2c019761d4f74ea3dbdaa0d889673) Importer(2089858483,b0f066a214c2f5e87bad3c948f4d605d)
Start importing Packages/com.unity.collab-proxy/LICENSE.md using Guid(52a2c019761d4f74ea3dbdaa0d889673) Importer(2089858483,b0f066a214c2f5e87bad3c948f4d605d) (ScriptedImporter) -> (artifact id: '7e98d5fbba2ad4319ab8387fb5c16f74') in 0.0492679 seconds
Number of updated asset objects reloaded before import = 0Number of asset objects unloaded after import = 1

========================================================================
Received Import Request.
  Time since last request: 0.000059 seconds.
  path: Assets/ARCarShowroom/Scripts/CarController.cs
  artifactKey: Guid(d51ebdc91e0b82f458c6cb88a8b40788) Importer(2089858483,b0f066a214c2f5e87bad3c948f4d605d)
Start importing Assets/ARCarShowroom/Scripts/CarController.cs using Guid(d51ebdc91e0b82f458c6cb88a8b40788) Importer(2089858483,b0f066a214c2f5e87bad3c948f4d605d) (ScriptedImporter) -> (artifact id: '687eb9022d8bf99bf0f5cca851280580') in 0.0453013 seconds
Number of updated asset objects reloaded before import = 0Number of asset objects unloaded after import = 0

========================================================================
Received Import Request.
  Time since last request: 0.000718 seconds.
  path: Packages/com.unity.collab-proxy/Editor/PlasticSCM/AssetMenu/AssetMenuOperations.cs
  artifactKey: Guid(c456fa791a741a045a8a99ee73af2ae6) Importer(2089858483,b0f066a214c2f5e87bad3c948f4d605d)
Start importing Packages/com.unity.collab-proxy/Editor/PlasticSCM/AssetMenu/AssetMenuOperations.cs using Guid(c456fa791a741a045a8a99ee73af2ae6) Importer(2089858483,b0f066a214c2f5e87bad3c948f4d605d) (ScriptedImporter) -> (artifact id: '28f959ceebabf7a87a18ee5f40cc159e') in 0.0290932 seconds
Number of updated asset objects reloaded before import = 0Number of asset objects unloaded after import = 0

========================================================================
Received Import Request.
  Time since last request: 0.000058 seconds.
  path: Packages/com.unity.collab-proxy/Editor/PlasticSCM/UnityConfigurationChecker.cs
  artifactKey: Guid(1dc96db8ece508c4696f7e89c2cd11e3) Importer(2089858483,b0f066a214c2f5e87bad3c948f4d605d)
Start importing Packages/com.unity.collab-proxy/Editor/PlasticSCM/UnityConfigurationChecker.cs using Guid(1dc96db8ece508c4696f7e89c2cd11e3) Importer(2089858483,b0f066a214c2f5e87bad3c948f4d605d) (ScriptedImporter) -> (artifact id: 'fe959bec83b6ab454528077dedbccc3d') in 0.0396238 seconds
Number of updated asset objects reloaded before import = 0Number of asset objects unloaded after import = 0

========================================================================
Received Import Request.
  Time since last request: 0.000059 seconds.
  path: Assets/ARCarShowroom/Scenes/ARCarShowroom.unity
  artifactKey: Guid(267544cc3a0c3794c88c00a43472b9cf) Importer(2089858483,b0f066a214c2f5e87bad3c948f4d605d)
Start importing Assets/ARCarShowroom/Scenes/ARCarShowroom.unity using Guid(267544cc3a0c3794c88c00a43472b9cf) Importer(2089858483,b0f066a214c2f5e87bad3c948f4d605d) (ScriptedImporter) -> (artifact id: '5606cae0b2ea4df1adbf05e5824fa84f') in 0.0349247 seconds
Number of updated asset objects reloaded before import = 0Number of asset objects unloaded after import = 1

========================================================================
Received Import Request.
  Time since last request: 0.000188 seconds.
  path: Packages/com.unity.collab-proxy/Editor/PlasticSCM/AssetMenu/AssetsSelection.cs
  artifactKey: Guid(1686ac2e1d109ed43bf2dec74fed784f) Importer(2089858483,b0f066a214c2f5e87bad3c948f4d605d)
Start importing Packages/com.unity.collab-proxy/Editor/PlasticSCM/AssetMenu/AssetsSelection.cs using Guid(1686ac2e1d109ed43bf2dec74fed784f) Importer(2089858483,b0f066a214c2f5e87bad3c948f4d605d) (ScriptedImporter) -> (artifact id: '346d6d439201b7731f86c177f77b3873') in 0.0251685 seconds
Number of updated asset objects reloaded before import = 0Number of asset objects unloaded after import = 0

========================================================================
Received Import Request.
  Time since last request: 0.000332 seconds.
  path: Packages/com.unity.collab-proxy/Editor/PlasticSCM/AssetsUtils/RepaintInspector.cs
  artifactKey: Guid(9203e3f44c0ecfd42953709384a56c4d) Importer(2089858483,b0f066a214c2f5e87bad3c948f4d605d)
Start importing Packages/com.unity.collab-proxy/Editor/PlasticSCM/AssetsUtils/RepaintInspector.cs using Guid(9203e3f44c0ecfd42953709384a56c4d) Importer(2089858483,b0f066a214c2f5e87bad3c948f4d605d) (ScriptedImporter) -> (artifact id: 'c328e54d954032f6482f067828ff9bcd') in 0.0317127 seconds
Number of updated asset objects reloaded before import = 0Number of asset objects unloaded after import = 0

========================================================================
Received Import Request.
  Time since last request: 0.000245 seconds.
  path: Packages/com.unity.collab-proxy/Editor/PlasticSCM/Help/HelpLinkData.cs
  artifactKey: Guid(d1d2cd7920afc0741b8baae80a676934) Importer(2089858483,b0f066a214c2f5e87bad3c948f4d605d)
Start importing Packages/com.unity.collab-proxy/Editor/PlasticSCM/Help/HelpLinkData.cs using Guid(d1d2cd7920afc0741b8baae80a676934) Importer(2089858483,b0f066a214c2f5e87bad3c948f4d605d) (ScriptedImporter) -> (artifact id: '92e6d272aa7ad9faa0ee1114f5ab3bf7') in 0.0331068 seconds
Number of updated asset objects reloaded before import = 0Number of asset objects unloaded after import = 0

========================================================================
Received Import Request.
  Time since last request: 0.000202 seconds.
  path: Packages/com.unity.collab-proxy/Editor/PlasticSCM/AssetMenu/AssetFilesFilterPatternsMenuBuilder.cs
  artifactKey: Guid(b4eb3fe08d1dc86419dee5ddcc40baae) Importer(2089858483,b0f066a214c2f5e87bad3c948f4d605d)
Start importing Packages/com.unity.collab-proxy/Editor/PlasticSCM/AssetMenu/AssetFilesFilterPatternsMenuBuilder.cs using Guid(b4eb3fe08d1dc86419dee5ddcc40baae) Importer(2089858483,b0f066a214c2f5e87bad3c948f4d605d) (ScriptedImporter) -> (artifact id: '49d8407796540144b546e670fb04925e') in 0.0252399 seconds
Number of updated asset objects reloaded before import = 0Number of asset objects unloaded after import = 0

========================================================================
Received Import Request.
  Time since last request: 0.000211 seconds.
  path: Packages/com.unity.collab-proxy/Editor/PlasticSCM/FindWorkspace.cs
  artifactKey: Guid(699b33b09648b5641b12384ac691546d) Importer(2089858483,b0f066a214c2f5e87bad3c948f4d605d)
Start importing Packages/com.unity.collab-proxy/Editor/PlasticSCM/FindWorkspace.cs using Guid(699b33b09648b5641b12384ac691546d) Importer(2089858483,b0f066a214c2f5e87bad3c948f4d605d) (ScriptedImporter) -> (artifact id: '01d3eb4f41cabf4af1eeea4b8a2d7ce5') in 0.0295656 seconds
Number of updated asset objects reloaded before import = 0Number of asset objects unloaded after import = 0

========================================================================
Received Import Request.
  Time since last request: 0.000432 seconds.
  path: Packages/com.unity.collab-proxy/Editor/PlasticSCM/Gluon/IncomingChangesNotifier.cs
  artifactKey: Guid(9b17ac8ceb35dc74fbf646862e01a782) Importer(2089858483,b0f066a214c2f5e87bad3c948f4d605d)
Start importing Packages/com.unity.collab-proxy/Editor/PlasticSCM/Gluon/IncomingChangesNotifier.cs using Guid(9b17ac8ceb35dc74fbf646862e01a782) Importer(2089858483,b0f066a214c2f5e87bad3c948f4d605d) (ScriptedImporter) -> (artifact id: '405382802c8d26f6b400ac35dade089c') in 0.0298152 seconds
Number of updated asset objects reloaded before import = 0Number of asset objects unloaded after import = 0

========================================================================
Received Import Request.
  Time since last request: 0.000052 seconds.
  path: Assets/XR/Settings/XRSimulationSettings.asset
  artifactKey: Guid(548e9cae82fc10b488965ddfee27ee26) Importer(2089858483,b0f066a214c2f5e87bad3c948f4d605d)
Start importing Assets/XR/Settings/XRSimulationSettings.asset using Guid(548e9cae82fc10b488965ddfee27ee26) Importer(2089858483,b0f066a214c2f5e87bad3c948f4d605d) (ScriptedImporter) -> (artifact id: '58ede7d0faa733db8cb71479b84cd81d') in 0.0289762 seconds
Number of updated asset objects reloaded before import = 0Number of asset objects unloaded after import = 1

========================================================================
Received Import Request.
  Time since last request: 1.035910 seconds.
  path: Packages/com.unity.collab-proxy/Editor/PlasticSCM/Hub/CommandLineArguments.cs
  artifactKey: Guid(4675673a75b20a14da0806d155b5680c) Importer(2089858483,b0f066a214c2f5e87bad3c948f4d605d)
Start importing Packages/com.unity.collab-proxy/Editor/PlasticSCM/Hub/CommandLineArguments.cs using Guid(4675673a75b20a14da0806d155b5680c) Importer(2089858483,b0f066a214c2f5e87bad3c948f4d605d) (ScriptedImporter) -> (artifact id: '7de115a741b261ba130ebcba45f5049b') in 0.0263269 seconds
Number of updated asset objects reloaded before import = 0Number of asset objects unloaded after import = 0

========================================================================
Received Import Request.
  Time since last request: 0.000107 seconds.
  path: Packages/com.unity.collab-proxy/Editor/PlasticSCM/WebApi/CredentialsResponse.cs
  artifactKey: Guid(d1c46ccb760d06146a24b7e265e19566) Importer(2089858483,b0f066a214c2f5e87bad3c948f4d605d)
Start importing Packages/com.unity.collab-proxy/Editor/PlasticSCM/WebApi/CredentialsResponse.cs using Guid(d1c46ccb760d06146a24b7e265e19566) Importer(2089858483,b0f066a214c2f5e87bad3c948f4d605d) (ScriptedImporter) -> (artifact id: 'a78ea82a82afb0093c2c7490e1f04ee9') in 0.0259878 seconds
Number of updated asset objects reloaded before import = 0Number of asset objects unloaded after import = 0

========================================================================
Received Import Request.
  Time since last request: 0.000668 seconds.
  path: Packages/com.unity.collab-proxy/Editor/PlasticSCM/Assets/Images/d_buttonssosigninemail.png
  artifactKey: Guid(3086d66a563317b40a20a20da2c64ac0) Importer(2089858483,b0f066a214c2f5e87bad3c948f4d605d)
Start importing Packages/com.unity.collab-proxy/Editor/PlasticSCM/Assets/Images/d_buttonssosigninemail.png using Guid(3086d66a563317b40a20a20da2c64ac0) Importer(2089858483,b0f066a214c2f5e87bad3c948f4d605d) (ScriptedImporter) -> (artifact id: '083767295fdf0fa90d9206ed26c9c6b6') in 0.114 seconds
Number of updated asset objects reloaded before import = 0Number of asset objects unloaded after import = 1

========================================================================
Received Import Request.
  Time since last request: 0.000143 seconds.
  path: Packages/com.unity.collab-proxy/Editor/PlasticSCM/Assets/Images/buttonssosigningoogle.png
  artifactKey: Guid(f09eae8c0ea04254b90c5386a034a225) Importer(2089858483,b0f066a214c2f5e87bad3c948f4d605d)
Start importing Packages/com.unity.collab-proxy/Editor/PlasticSCM/Assets/Images/buttonssosigningoogle.png using Guid(f09eae8c0ea04254b90c5386a034a225) Importer(2089858483,b0f066a214c2f5e87bad3c948f4d605d) (ScriptedImporter) -> (artifact id: '1bb172fc8d2c3e4df90c06c05b541ab3') in 0.0319626 seconds
Number of updated asset objects reloaded before import = 0Number of asset objects unloaded after import = 1

========================================================================
Received Import Request.
  Time since last request: 0.000074 seconds.
  path: Packages/com.unity.collab-proxy/Editor/PlasticSCM/UI/UnityPlasticTimer.cs
  artifactKey: Guid(90a94ffd2947aab4d9da12dee0175a7a) Importer(2089858483,b0f066a214c2f5e87bad3c948f4d605d)
Start importing Packages/com.unity.collab-proxy/Editor/PlasticSCM/UI/UnityPlasticTimer.cs using Guid(90a94ffd2947aab4d9da12dee0175a7a) Importer(2089858483,b0f066a214c2f5e87bad3c948f4d605d) (ScriptedImporter) -> (artifact id: 'd6e3f88216c40e4aa6d1b80f2b91ba0a') in 0.0211261 seconds
Number of updated asset objects reloaded before import = 0Number of asset objects unloaded after import = 0

========================================================================
Received Import Request.
  Time since last request: 0.000215 seconds.
  path: Packages/com.unity.collab-proxy/Editor/PlasticSCM/Views/FileSystemOperation.cs
  artifactKey: Guid(f5eff45d4f0cc5e478e6724c378098eb) Importer(2089858483,b0f066a214c2f5e87bad3c948f4d605d)
Start importing Packages/com.unity.collab-proxy/Editor/PlasticSCM/Views/FileSystemOperation.cs using Guid(f5eff45d4f0cc5e478e6724c378098eb) Importer(2089858483,b0f066a214c2f5e87bad3c948f4d605d) (ScriptedImporter) -> (artifact id: '23a1047b5de2771f7aaa4c0f8d1df538') in 0.0264667 seconds
Number of updated asset objects reloaded before import = 0Number of asset objects unloaded after import = 0

========================================================================
Received Import Request.
  Time since last request: 0.000128 seconds.
  path: Packages/com.unity.collab-proxy/Editor/PlasticSCM/UI/FindEditorWindow.cs
  artifactKey: Guid(0f5401cd5ff8fc4409bf9540072b14bc) Importer(2089858483,b0f066a214c2f5e87bad3c948f4d605d)
Start importing Packages/com.unity.collab-proxy/Editor/PlasticSCM/UI/FindEditorWindow.cs using Guid(0f5401cd5ff8fc4409bf9540072b14bc) Importer(2089858483,b0f066a214c2f5e87bad3c948f4d605d) (ScriptedImporter) -> (artifact id: '7a355bc7a36033444e93b842bd5b09e4') in 0.0258265 seconds
Number of updated asset objects reloaded before import = 0Number of asset objects unloaded after import = 0

========================================================================
Received Import Request.
  Time since last request: 0.000394 seconds.
  path: Packages/com.unity.collab-proxy/Editor/PlasticSCM/UI/PlasticSplitterGUILayout.cs
  artifactKey: Guid(aaa080d8f7504a868c0c980890f9d5fd) Importer(2089858483,b0f066a214c2f5e87bad3c948f4d605d)
Start importing Packages/com.unity.collab-proxy/Editor/PlasticSCM/UI/PlasticSplitterGUILayout.cs using Guid(aaa080d8f7504a868c0c980890f9d5fd) Importer(2089858483,b0f066a214c2f5e87bad3c948f4d605d) (ScriptedImporter) -> (artifact id: '170599dee9a415588898aac74c330837') in 0.0311987 seconds
Number of updated asset objects reloaded before import = 0Number of asset objects unloaded after import = 0

========================================================================
Received Import Request.
  Time since last request: 0.000349 seconds.
  path: Packages/com.unity.collab-proxy/Editor/PlasticSCM/Tool/AuthToken.cs
  artifactKey: Guid(537d6b35c9cc8bd42a656dfc8cb64948) Importer(2089858483,b0f066a214c2f5e87bad3c948f4d605d)
Start importing Packages/com.unity.collab-proxy/Editor/PlasticSCM/Tool/AuthToken.cs using Guid(537d6b35c9cc8bd42a656dfc8cb64948) Importer(2089858483,b0f066a214c2f5e87bad3c948f4d605d) (ScriptedImporter) -> (artifact id: '17fae101a55432e4a671378177bdb6e1') in 0.0272752 seconds
Number of updated asset objects reloaded before import = 0Number of asset objects unloaded after import = 0

========================================================================
Received Import Request.
  Time since last request: 0.000656 seconds.
  path: Packages/com.unity.collab-proxy/Editor/PlasticSCM/Tool/ToolConstants.cs
  artifactKey: Guid(de6e8913aefd69d4ca90a7216d225d3a) Importer(2089858483,b0f066a214c2f5e87bad3c948f4d605d)
Start importing Packages/com.unity.collab-proxy/Editor/PlasticSCM/Tool/ToolConstants.cs using Guid(de6e8913aefd69d4ca90a7216d225d3a) Importer(2089858483,b0f066a214c2f5e87bad3c948f4d605d) (ScriptedImporter) -> (artifact id: '07d75d9ab67361eafd0bbd10542c2d86') in 0.0257079 seconds
Number of updated asset objects reloaded before import = 0Number of asset objects unloaded after import = 0

========================================================================
Received Import Request.
  Time since last request: 0.000371 seconds.
  path: Packages/com.unity.collab-proxy/Editor/PlasticSCM/UI/Images.cs
  artifactKey: Guid(d765c78b18a58b14a986b34841ae9c52) Importer(2089858483,b0f066a214c2f5e87bad3c948f4d605d)
Start importing Packages/com.unity.collab-proxy/Editor/PlasticSCM/UI/Images.cs using Guid(d765c78b18a58b14a986b34841ae9c52) Importer(2089858483,b0f066a214c2f5e87bad3c948f4d605d) (ScriptedImporter) -> (artifact id: '997e118a7386f8d3133ed42d1cdbb80e') in 0.025488 seconds
Number of updated asset objects reloaded before import = 0Number of asset objects unloaded after import = 0

========================================================================
Received Import Request.
  Time since last request: 0.000256 seconds.
  path: Packages/com.unity.collab-proxy/Editor/PlasticSCM/UI/GUIActionRunner.cs
  artifactKey: Guid(6dbc54b503a79034d9c544e39451fd10) Importer(2089858483,b0f066a214c2f5e87bad3c948f4d605d)
Start importing Packages/com.unity.collab-proxy/Editor/PlasticSCM/UI/GUIActionRunner.cs using Guid(6dbc54b503a79034d9c544e39451fd10) Importer(2089858483,b0f066a214c2f5e87bad3c948f4d605d) (ScriptedImporter) -> (artifact id: 'bfdc923b006b200c1129ab695f5f4b48') in 0.0298729 seconds
Number of updated asset objects reloaded before import = 0Number of asset objects unloaded after import = 0

========================================================================
Received Import Request.
  Time since last request: 0.000278 seconds.
  path: Packages/com.unity.collab-proxy/Editor/PlasticSCM/Assets/Images/d_iconbranch@2x.png
  artifactKey: Guid(874d8401331ede14087e8d8d486ddda6) Importer(2089858483,b0f066a214c2f5e87bad3c948f4d605d)
Start importing Packages/com.unity.collab-proxy/Editor/PlasticSCM/Assets/Images/d_iconbranch@2x.png using Guid(874d8401331ede14087e8d8d486ddda6) Importer(2089858483,b0f066a214c2f5e87bad3c948f4d605d) (ScriptedImporter) -> (artifact id: '55fab19f21f184cb2285a950200f4a6f') in 0.039142 seconds
Number of updated asset objects reloaded before import = 0Number of asset objects unloaded after import = 1

========================================================================
Received Import Request.
  Time since last request: 0.000069 seconds.
  path: Packages/com.unity.collab-proxy/Editor/PlasticSCM/UI/DockEditorWindow.cs
  artifactKey: Guid(3a6fba741cdd5fb4982a73a4d791754f) Importer(2089858483,b0f066a214c2f5e87bad3c948f4d605d)
Start importing Packages/com.unity.collab-proxy/Editor/PlasticSCM/UI/DockEditorWindow.cs using Guid(3a6fba741cdd5fb4982a73a4d791754f) Importer(2089858483,b0f066a214c2f5e87bad3c948f4d605d) (ScriptedImporter) -> (artifact id: 'f55271ee4865c3410cd6a96b3b768c27') in 0.0265544 seconds
Number of updated asset objects reloaded before import = 0Number of asset objects unloaded after import = 0

========================================================================
Received Import Request.
  Time since last request: 0.000154 seconds.
  path: Packages/com.unity.collab-proxy/Editor/PlasticSCM/UI/ResponseType.cs
  artifactKey: Guid(ba319c71501487041bda92a854e8435e) Importer(2089858483,b0f066a214c2f5e87bad3c948f4d605d)
Start importing Packages/com.unity.collab-proxy/Editor/PlasticSCM/UI/ResponseType.cs using Guid(ba319c71501487041bda92a854e8435e) Importer(2089858483,b0f066a214c2f5e87bad3c948f4d605d) (ScriptedImporter) -> (artifact id: '68dc8017c9ad9fa1681da4e71e395dc6') in 0.0292575 seconds
Number of updated asset objects reloaded before import = 0Number of asset objects unloaded after import = 0

========================================================================
Received Import Request.
  Time since last request: 0.000081 seconds.
  path: Packages/com.unity.collab-proxy/Lib/Editor/PlasticSCM/Unity.Plastic.Antlr3.Runtime.dll
  artifactKey: Guid(f3cad5fee9fee5945b13e7e3518afb1b) Importer(2089858483,b0f066a214c2f5e87bad3c948f4d605d)
Start importing Packages/com.unity.collab-proxy/Lib/Editor/PlasticSCM/Unity.Plastic.Antlr3.Runtime.dll using Guid(f3cad5fee9fee5945b13e7e3518afb1b) Importer(2089858483,b0f066a214c2f5e87bad3c948f4d605d) (ScriptedImporter) -> (artifact id: 'f2a8dc83979a3f941ff5a57d1cd49ce4') in 0.0616957 seconds
Number of updated asset objects reloaded before import = 0Number of asset objects unloaded after import = 0

========================================================================
Received Import Request.
  Time since last request: 0.000637 seconds.
  path: Packages/com.unity.collab-proxy/Editor/PlasticSCM/UI/UnityPlasticGuiMessage.cs
  artifactKey: Guid(ee61022c90cce0b49bb0e459b11ec2ee) Importer(2089858483,b0f066a214c2f5e87bad3c948f4d605d)
Start importing Packages/com.unity.collab-proxy/Editor/PlasticSCM/UI/UnityPlasticGuiMessage.cs using Guid(ee61022c90cce0b49bb0e459b11ec2ee) Importer(2089858483,b0f066a214c2f5e87bad3c948f4d605d) (ScriptedImporter) -> (artifact id: 'b8a88763c2e7543aac0c47199ce3e20b') in 0.0311183 seconds
Number of updated asset objects reloaded before import = 0Number of asset objects unloaded after import = 0

========================================================================
Received Import Request.
  Time since last request: 0.000656 seconds.
  path: Packages/com.unity.collab-proxy/Editor/PlasticSCM/WebApi/CurrentUserAdminCheckResponse.cs
  artifactKey: Guid(363c1190d7979084c84a0421cedb3a51) Importer(2089858483,b0f066a214c2f5e87bad3c948f4d605d)
Start importing Packages/com.unity.collab-proxy/Editor/PlasticSCM/WebApi/CurrentUserAdminCheckResponse.cs using Guid(363c1190d7979084c84a0421cedb3a51) Importer(2089858483,b0f066a214c2f5e87bad3c948f4d605d) (ScriptedImporter) -> (artifact id: '3d67d109e48bb7d93f9d7c33890fd27e') in 0.0418453 seconds
Number of updated asset objects reloaded before import = 0Number of asset objects unloaded after import = 0

========================================================================
Received Import Request.
  Time since last request: 0.001244 seconds.
  path: Packages/com.unity.collab-proxy/Editor/PlasticSCM/AssetOverlays/Cache/LocalStatusCache.cs
  artifactKey: Guid(226459a134855504d841db6b61519d2b) Importer(2089858483,b0f066a214c2f5e87bad3c948f4d605d)
Start importing Packages/com.unity.collab-proxy/Editor/PlasticSCM/AssetOverlays/Cache/LocalStatusCache.cs using Guid(226459a134855504d841db6b61519d2b) Importer(2089858483,b0f066a214c2f5e87bad3c948f4d605d) (ScriptedImporter) -> (artifact id: '5a94b534b9634ad26716aac84f4e6c47') in 0.0335941 seconds
Number of updated asset objects reloaded before import = 0Number of asset objects unloaded after import = 0

========================================================================
Received Import Request.
  Time since last request: 0.000135 seconds.
  path: Packages/com.unity.collab-proxy/Editor/PlasticSCM/UI/DrawActionButtonWithMenu.cs
  artifactKey: Guid(640fd06dff6f43498693eeda77683e6e) Importer(2089858483,b0f066a214c2f5e87bad3c948f4d605d)
Start importing Packages/com.unity.collab-proxy/Editor/PlasticSCM/UI/DrawActionButtonWithMenu.cs using Guid(640fd06dff6f43498693eeda77683e6e) Importer(2089858483,b0f066a214c2f5e87bad3c948f4d605d) (ScriptedImporter) -> (artifact id: 'df5ddd7815979adf5ad9ccffdaeb1207') in 0.0271556 seconds
Number of updated asset objects reloaded before import = 0Number of asset objects unloaded after import = 0

========================================================================
Received Import Request.
  Time since last request: 0.000370 seconds.
  path: Packages/com.unity.collab-proxy/Editor/PlasticSCM/Tool/LaunchInstaller.cs
  artifactKey: Guid(7b405b01c6be83742bc000fb416b4dbf) Importer(2089858483,b0f066a214c2f5e87bad3c948f4d605d)
Start importing Packages/com.unity.collab-proxy/Editor/PlasticSCM/Tool/LaunchInstaller.cs using Guid(7b405b01c6be83742bc000fb416b4dbf) Importer(2089858483,b0f066a214c2f5e87bad3c948f4d605d) (ScriptedImporter) -> (artifact id: 'd3c12e1f7a0d597c4186017bb52ea884') in 0.0299256 seconds
Number of updated asset objects reloaded before import = 0Number of asset objects unloaded after import = 0

========================================================================
Received Import Request.
  Time since last request: 0.000247 seconds.
  path: Packages/com.unity.collab-proxy/Lib/Editor/PlasticSCM/lz4x64Plastic.dll
  artifactKey: Guid(074a5a5f34697b64c9b36dc09f6f7c32) Importer(2089858483,b0f066a214c2f5e87bad3c948f4d605d)
Start importing Packages/com.unity.collab-proxy/Lib/Editor/PlasticSCM/lz4x64Plastic.dll using Guid(074a5a5f34697b64c9b36dc09f6f7c32) Importer(2089858483,b0f066a214c2f5e87bad3c948f4d605d) (ScriptedImporter) -> (artifact id: '6ccbeb26022a92d8a3b5a4dc52a7ec85') in 0.0282899 seconds
Number of updated asset objects reloaded before import = 0Number of asset objects unloaded after import = 0

========================================================================
Received Import Request.
  Time since last request: 0.000157 seconds.
  path: Packages/com.unity.collab-proxy/Editor/PlasticSCM/Tool/LaunchTool.cs
  artifactKey: Guid(a6d05b29e607e62478df26227566e1b9) Importer(2089858483,b0f066a214c2f5e87bad3c948f4d605d)
Start importing Packages/com.unity.collab-proxy/Editor/PlasticSCM/Tool/LaunchTool.cs using Guid(a6d05b29e607e62478df26227566e1b9) Importer(2089858483,b0f066a214c2f5e87bad3c948f4d605d) (ScriptedImporter) -> (artifact id: '8fd9142106fbab6c113e1b59de9e8599') in 0.0218962 seconds
Number of updated asset objects reloaded before import = 0Number of asset objects unloaded after import = 0

========================================================================
Received Import Request.
  Time since last request: 0.000050 seconds.
  path: Packages/com.unity.collab-proxy/Editor/PlasticSCM/UI/RunModal.cs
  artifactKey: Guid(701a688f3cb0245579bf46b63d0b7134) Importer(2089858483,b0f066a214c2f5e87bad3c948f4d605d)
Start importing Packages/com.unity.collab-proxy/Editor/PlasticSCM/UI/RunModal.cs using Guid(701a688f3cb0245579bf46b63d0b7134) Importer(2089858483,b0f066a214c2f5e87bad3c948f4d605d) (ScriptedImporter) -> (artifact id: 'a65b9c47f831e35d821ab044a8294b9a') in 0.0229258 seconds
Number of updated asset objects reloaded before import = 0Number of asset objects unloaded after import = 0

========================================================================
Received Import Request.
  Time since last request: 0.000152 seconds.
  path: Packages/com.unity.collab-proxy/Editor/PlasticSCM/UI/BoolSetting.cs
  artifactKey: Guid(5be77ef41db4cc24a82cd1eca7456b5a) Importer(2089858483,b0f066a214c2f5e87bad3c948f4d605d)
Start importing Packages/com.unity.collab-proxy/Editor/PlasticSCM/UI/BoolSetting.cs using Guid(5be77ef41db4cc24a82cd1eca7456b5a) Importer(2089858483,b0f066a214c2f5e87bad3c948f4d605d) (ScriptedImporter) -> (artifact id: 'f69d081020ca400702787bf20889b5a9') in 0.029683 seconds
Number of updated asset objects reloaded before import = 0Number of asset objects unloaded after import = 0

========================================================================
Received Import Request.
  Time since last request: 0.000235 seconds.
  path: Packages/com.unity.collab-proxy/Editor/PlasticSCM/Tool/IsExeAvailable.cs
  artifactKey: Guid(f25df29da91c45449ada5f3da8cf20ea) Importer(2089858483,b0f066a214c2f5e87bad3c948f4d605d)
Start importing Packages/com.unity.collab-proxy/Editor/PlasticSCM/Tool/IsExeAvailable.cs using Guid(f25df29da91c45449ada5f3da8cf20ea) Importer(2089858483,b0f066a214c2f5e87bad3c948f4d605d) (ScriptedImporter) -> (artifact id: '9ccfad1469a78014d42ab100ee7da5af') in 0.0461896 seconds
Number of updated asset objects reloaded before import = 0Number of asset objects unloaded after import = 0

========================================================================
Received Import Request.
  Time since last request: 0.000251 seconds.
  path: Packages/com.unity.collab-proxy/Editor/PlasticSCM/UI/DrawActionToolbar.cs
  artifactKey: Guid(3c3253f17b35cd14ab618b470fb0e52a) Importer(2089858483,b0f066a214c2f5e87bad3c948f4d605d)
Start importing Packages/com.unity.collab-proxy/Editor/PlasticSCM/UI/DrawActionToolbar.cs using Guid(3c3253f17b35cd14ab618b470fb0e52a) Importer(2089858483,b0f066a214c2f5e87bad3c948f4d605d) (ScriptedImporter) -> (artifact id: 'c6b643d7d0b96653b1b8c20eff2ca9f6') in 0.0353859 seconds
Number of updated asset objects reloaded before import = 0Number of asset objects unloaded after import = 0

========================================================================
Received Import Request.
  Time since last request: 0.000430 seconds.
  path: Packages/com.unity.collab-proxy/Editor/PlasticSCM/UI/UnityConstants.cs
  artifactKey: Guid(c60feb8f0f5f57c4393eae9a43529616) Importer(2089858483,b0f066a214c2f5e87bad3c948f4d605d)
Start importing Packages/com.unity.collab-proxy/Editor/PlasticSCM/UI/UnityConstants.cs using Guid(c60feb8f0f5f57c4393eae9a43529616) Importer(2089858483,b0f066a214c2f5e87bad3c948f4d605d) (ScriptedImporter) -> (artifact id: '1533a3c720fae2ba824750cf5d0287d0') in 0.0246349 seconds
Number of updated asset objects reloaded before import = 0Number of asset objects unloaded after import = 0

========================================================================
Received Import Request.
  Time since last request: 0.000110 seconds.
  path: Packages/com.unity.collab-proxy/Editor/PlasticSCM/Hub/ParseArguments.cs
  artifactKey: Guid(f6b5d170f39144847822c10b478f25e5) Importer(2089858483,b0f066a214c2f5e87bad3c948f4d605d)
Start importing Packages/com.unity.collab-proxy/Editor/PlasticSCM/Hub/ParseArguments.cs using Guid(f6b5d170f39144847822c10b478f25e5) Importer(2089858483,b0f066a214c2f5e87bad3c948f4d605d) (ScriptedImporter) -> (artifact id: '47c56c4f986542e44558c1f9e6eb31b0') in 0.0272832 seconds
Number of updated asset objects reloaded before import = 0Number of asset objects unloaded after import = 0

========================================================================
Received Import Request.
  Time since last request: 0.000416 seconds.
  path: Packages/com.unity.collab-proxy/Editor/PlasticSCM/UI/GetPlasticShortcut.cs
  artifactKey: Guid(65c9d93f86da86b41a712d92e8f03dc2) Importer(2089858483,b0f066a214c2f5e87bad3c948f4d605d)
Start importing Packages/com.unity.collab-proxy/Editor/PlasticSCM/UI/GetPlasticShortcut.cs using Guid(65c9d93f86da86b41a712d92e8f03dc2) Importer(2089858483,b0f066a214c2f5e87bad3c948f4d605d) (ScriptedImporter) -> (artifact id: '52313a1cde2f56723d62aa9061555f33') in 0.0331386 seconds
Number of updated asset objects reloaded before import = 0Number of asset objects unloaded after import = 0

========================================================================
Received Import Request.
  Time since last request: 0.001468 seconds.
  path: Packages/com.unity.collab-proxy/Editor/PlasticSCM/AssetOverlays/Cache/AssetStatusCache.cs
  artifactKey: Guid(3f227b28cf424364489edd67fce697bc) Importer(2089858483,b0f066a214c2f5e87bad3c948f4d605d)
Start importing Packages/com.unity.collab-proxy/Editor/PlasticSCM/AssetOverlays/Cache/AssetStatusCache.cs using Guid(3f227b28cf424364489edd67fce697bc) Importer(2089858483,b0f066a214c2f5e87bad3c948f4d605d) (ScriptedImporter) -> (artifact id: '67b4e7a935f883152b63a9f824f166e7') in 0.0290442 seconds
Number of updated asset objects reloaded before import = 0Number of asset objects unloaded after import = 0

========================================================================
Received Import Request.
  Time since last request: 0.000342 seconds.
  path: Packages/com.unity.collab-proxy/Editor/PlasticSCM/UI/EditorDispatcher.cs
  artifactKey: Guid(de4aea75bc204d14cb432cf1708548f1) Importer(2089858483,b0f066a214c2f5e87bad3c948f4d605d)
Start importing Packages/com.unity.collab-proxy/Editor/PlasticSCM/UI/EditorDispatcher.cs using Guid(de4aea75bc204d14cb432cf1708548f1) Importer(2089858483,b0f066a214c2f5e87bad3c948f4d605d) (ScriptedImporter) -> (artifact id: 'dfa6f5744eb3e914454307fa47ff9385') in 0.0307104 seconds
Number of updated asset objects reloaded before import = 0Number of asset objects unloaded after import = 0

========================================================================
Received Import Request.
  Time since last request: 0.000277 seconds.
  path: Packages/com.unity.collab-proxy/Editor/PlasticSCM/Assets/Images/buttonssosigninunity.png
  artifactKey: Guid(f9161c6c9e06dc445ada3ee16d991f90) Importer(2089858483,b0f066a214c2f5e87bad3c948f4d605d)
Start importing Packages/com.unity.collab-proxy/Editor/PlasticSCM/Assets/Images/buttonssosigninunity.png using Guid(f9161c6c9e06dc445ada3ee16d991f90) Importer(2089858483,b0f066a214c2f5e87bad3c948f4d605d) (ScriptedImporter) -> (artifact id: '65f2b8a216c760aed292475dd6fa9fe0') in 0.0533904 seconds
Number of updated asset objects reloaded before import = 0Number of asset objects unloaded after import = 1

========================================================================
Received Import Request.
  Time since last request: 0.000146 seconds.
  path: Packages/com.unity.collab-proxy/Editor/PlasticSCM/AssetMenu/Dialogs/CheckinDialog.cs
  artifactKey: Guid(678db227e4ffec949980d309c0532b08) Importer(2089858483,b0f066a214c2f5e87bad3c948f4d605d)
Start importing Packages/com.unity.collab-proxy/Editor/PlasticSCM/AssetMenu/Dialogs/CheckinDialog.cs using Guid(678db227e4ffec949980d309c0532b08) Importer(2089858483,b0f066a214c2f5e87bad3c948f4d605d) (ScriptedImporter) -> (artifact id: '288ef530b7acad5f7a5bcd75e4a6cd5d') in 0.0318934 seconds
Number of updated asset objects reloaded before import = 0Number of asset objects unloaded after import = 0

========================================================================
Received Import Request.
  Time since last request: 1.798125 seconds.
  path: Packages/com.unity.collab-proxy/Editor/PlasticSCM/Assets/Images/d_iconconflicted@2x.png
  artifactKey: Guid(65f0e363b74cf5845ab8c3fbc14f39ac) Importer(2089858483,b0f066a214c2f5e87bad3c948f4d605d)
Start importing Packages/com.unity.collab-proxy/Editor/PlasticSCM/Assets/Images/d_iconconflicted@2x.png using Guid(65f0e363b74cf5845ab8c3fbc14f39ac) Importer(2089858483,b0f066a214c2f5e87bad3c948f4d605d) (ScriptedImporter) -> (artifact id: '8f5c72dc440e3cd707e55d12a76062da') in 0.0242494 seconds
Number of updated asset objects reloaded before import = 0Number of asset objects unloaded after import = 1

========================================================================
Received Import Request.
  Time since last request: 0.000090 seconds.
  path: Packages/com.unity.collab-proxy/Editor/PlasticSCM/Developer/UpdateReport/UpdateReportListHeaderState.cs
  artifactKey: Guid(5b37b989e50b35043bba89d7d660e31e) Importer(2089858483,b0f066a214c2f5e87bad3c948f4d605d)
Start importing Packages/com.unity.collab-proxy/Editor/PlasticSCM/Developer/UpdateReport/UpdateReportListHeaderState.cs using Guid(5b37b989e50b35043bba89d7d660e31e) Importer(2089858483,b0f066a214c2f5e87bad3c948f4d605d) (ScriptedImporter) -> (artifact id: 'a1dc95fed2412479e03faaab7fe65c46') in 0.0253267 seconds
Number of updated asset objects reloaded before import = 0Number of asset objects unloaded after import = 0

========================================================================
Received Import Request.
  Time since last request: 0.000228 seconds.
  path: Packages/com.unity.collab-proxy/Editor/PlasticSCM/Assets/Images/iconclosebutton.png
  artifactKey: Guid(13527793884104b46b7446fd7464c3ed) Importer(2089858483,b0f066a214c2f5e87bad3c948f4d605d)
Start importing Packages/com.unity.collab-proxy/Editor/PlasticSCM/Assets/Images/iconclosebutton.png using Guid(13527793884104b46b7446fd7464c3ed) Importer(2089858483,b0f066a214c2f5e87bad3c948f4d605d) (ScriptedImporter) -> (artifact id: '44015680113573dc52bcf7673161479c') in 0.0348068 seconds
Number of updated asset objects reloaded before import = 0Number of asset objects unloaded after import = 1

========================================================================
Received Import Request.
  Time since last request: 0.000069 seconds.
  path: Packages/com.unity.collab-proxy/Editor/PlasticSCM/Assets/Images/loading@2x.png
  artifactKey: Guid(5dbc069eb79bd4d43840847264d6d956) Importer(2089858483,b0f066a214c2f5e87bad3c948f4d605d)
Start importing Packages/com.unity.collab-proxy/Editor/PlasticSCM/Assets/Images/loading@2x.png using Guid(5dbc069eb79bd4d43840847264d6d956) Importer(2089858483,b0f066a214c2f5e87bad3c948f4d605d) (ScriptedImporter) -> (artifact id: 'c57f7992619117e034dc71af43e092bf') in 0.0361111 seconds
Number of updated asset objects reloaded before import = 0Number of asset objects unloaded after import = 1

========================================================================
Received Import Request.
  Time since last request: 0.000049 seconds.
  path: Packages/com.unity.collab-proxy/Editor/PlasticSCM/Assets/Images/d_iconoutofsyncoverlay@2x.png
  artifactKey: Guid(4d7e6e570e9d65a4c9a994783a0652e2) Importer(2089858483,b0f066a214c2f5e87bad3c948f4d605d)
Start importing Packages/com.unity.collab-proxy/Editor/PlasticSCM/Assets/Images/d_iconoutofsyncoverlay@2x.png using Guid(4d7e6e570e9d65a4c9a994783a0652e2) Importer(2089858483,b0f066a214c2f5e87bad3c948f4d605d) (ScriptedImporter) -> (artifact id: 'c17d256bc91a39c49c7a64e95c0e4a57') in 0.0339584 seconds
Number of updated asset objects reloaded before import = 0Number of asset objects unloaded after import = 1

========================================================================
Received Import Request.
  Time since last request: 0.000258 seconds.
  path: Packages/com.unity.collab-proxy/Editor/PlasticSCM/Assets/Images/d_refresh.png
  artifactKey: Guid(92b8c447daf4d4b41a0ec148d1091261) Importer(2089858483,b0f066a214c2f5e87bad3c948f4d605d)
Start importing Packages/com.unity.collab-proxy/Editor/PlasticSCM/Assets/Images/d_refresh.png using Guid(92b8c447daf4d4b41a0ec148d1091261) Importer(2089858483,b0f066a214c2f5e87bad3c948f4d605d) (ScriptedImporter) -> (artifact id: '6f654b03e437ea099a99214bd2babd4a') in 0.0303713 seconds
Number of updated asset objects reloaded before import = 0Number of asset objects unloaded after import = 1

========================================================================
Received Import Request.
  Time since last request: 0.000052 seconds.
  path: Packages/com.unity.collab-proxy/Editor/PlasticSCM/Assets/Styles/WaitingSignInPanel.uss
  artifactKey: Guid(90945345530e7174eb4f0575a0bec0bf) Importer(2089858483,b0f066a214c2f5e87bad3c948f4d605d)
Start importing Packages/com.unity.collab-proxy/Editor/PlasticSCM/Assets/Styles/WaitingSignInPanel.uss using Guid(90945345530e7174eb4f0575a0bec0bf) Importer(2089858483,b0f066a214c2f5e87bad3c948f4d605d) (ScriptedImporter) -> (artifact id: '978757d56d66c810a43c0c51ce108a17') in 0.0505246 seconds
Number of updated asset objects reloaded before import = 0Number of asset objects unloaded after import = 2

========================================================================
Received Import Request.
  Time since last request: 0.000046 seconds.
  path: Packages/com.unity.collab-proxy/Editor/PlasticSCM/AssetsUtils/Processor/AssetsProcessor.cs
  artifactKey: Guid(71cb30384b5f8d64ea7df220cff88d0c) Importer(2089858483,b0f066a214c2f5e87bad3c948f4d605d)
Start importing Packages/com.unity.collab-proxy/Editor/PlasticSCM/AssetsUtils/Processor/AssetsProcessor.cs using Guid(71cb30384b5f8d64ea7df220cff88d0c) Importer(2089858483,b0f066a214c2f5e87bad3c948f4d605d) (ScriptedImporter) -> (artifact id: '740256a9f5f95200f611971de403ee32') in 0.0235588 seconds
Number of updated asset objects reloaded before import = 0Number of asset objects unloaded after import = 0

========================================================================
Received Import Request.
  Time since last request: 0.000273 seconds.
  path: Packages/com.unity.collab-proxy/Editor/PlasticSCM/Hub/Operations/CreateWorkspace.cs
  artifactKey: Guid(de7c5b4b6cb58e546b24137064ac9025) Importer(2089858483,b0f066a214c2f5e87bad3c948f4d605d)
Start importing Packages/com.unity.collab-proxy/Editor/PlasticSCM/Hub/Operations/CreateWorkspace.cs using Guid(de7c5b4b6cb58e546b24137064ac9025) Importer(2089858483,b0f066a214c2f5e87bad3c948f4d605d) (ScriptedImporter) -> (artifact id: '0f772b3f6a1627ab51abf620f19a50db') in 0.0285504 seconds
Number of updated asset objects reloaded before import = 0Number of asset objects unloaded after import = 0

========================================================================
Received Import Request.
  Time since last request: 0.000157 seconds.
  path: Packages/com.unity.collab-proxy/Editor/PlasticSCM/Assets/Layouts/CreatedOrganizationPanel.uxml
  artifactKey: Guid(0a73ab5bab69746419e8e0ff89c8e816) Importer(2089858483,b0f066a214c2f5e87bad3c948f4d605d)
Start importing Packages/com.unity.collab-proxy/Editor/PlasticSCM/Assets/Layouts/CreatedOrganizationPanel.uxml using Guid(0a73ab5bab69746419e8e0ff89c8e816) Importer(2089858483,b0f066a214c2f5e87bad3c948f4d605d) (ScriptedImporter) -> (artifact id: '42c63edf3fc0ea1b017bb44b1347cb01') in 0.1388167 seconds
Number of updated asset objects reloaded before import = 0Number of asset objects unloaded after import = 2

========================================================================
Received Import Request.
  Time since last request: 0.000085 seconds.
  path: Packages/com.unity.collab-proxy/Editor/PlasticSCM/Assets/Images/d_iconplasticview.png
  artifactKey: Guid(519d97e745e55f041b609f3666cbc037) Importer(2089858483,b0f066a214c2f5e87bad3c948f4d605d)
Start importing Packages/com.unity.collab-proxy/Editor/PlasticSCM/Assets/Images/d_iconplasticview.png using Guid(519d97e745e55f041b609f3666cbc037) Importer(2089858483,b0f066a214c2f5e87bad3c948f4d605d) (ScriptedImporter) -> (artifact id: 'be0857efe8eeeae89a739ac2fbaf75b7') in 0.0315305 seconds
Number of updated asset objects reloaded before import = 0Number of asset objects unloaded after import = 1

========================================================================
Received Import Request.
  Time since last request: 0.000048 seconds.
  path: Packages/com.unity.collab-proxy/Editor/PlasticSCM/Assets/Images/d_step3@2x.png
  artifactKey: Guid(c9ed6d6ea2f9657409bfa068d4846139) Importer(2089858483,b0f066a214c2f5e87bad3c948f4d605d)
Start importing Packages/com.unity.collab-proxy/Editor/PlasticSCM/Assets/Images/d_step3@2x.png using Guid(c9ed6d6ea2f9657409bfa068d4846139) Importer(2089858483,b0f066a214c2f5e87bad3c948f4d605d) (ScriptedImporter) -> (artifact id: '7957655b1adae6b841aa820b9b7f8293') in 0.0365752 seconds
Number of updated asset objects reloaded before import = 0Number of asset objects unloaded after import = 1

========================================================================
Received Import Request.
  Time since last request: 0.000116 seconds.
  path: Packages/com.unity.collab-proxy/Editor/PlasticSCM/Assets/Images/iconaddedlocal.png
  artifactKey: Guid(9a1ab8af8c446204e989a90f18305caf) Importer(2089858483,b0f066a214c2f5e87bad3c948f4d605d)
Start importing Packages/com.unity.collab-proxy/Editor/PlasticSCM/Assets/Images/iconaddedlocal.png using Guid(9a1ab8af8c446204e989a90f18305caf) Importer(2089858483,b0f066a214c2f5e87bad3c948f4d605d) (ScriptedImporter) -> (artifact id: '3efa45c3150a0badc4cd682ce18bd73c') in 0.0398356 seconds
Number of updated asset objects reloaded before import = 0Number of asset objects unloaded after import = 1

========================================================================
Received Import Request.
  Time since last request: 0.000065 seconds.
  path: Packages/com.unity.collab-proxy/Editor/PlasticSCM/Assets/Images/d_iconemptygravatar.png
  artifactKey: Guid(9aebd705574f9e642aef1e5f59b3e4d8) Importer(2089858483,b0f066a214c2f5e87bad3c948f4d605d)
Start importing Packages/com.unity.collab-proxy/Editor/PlasticSCM/Assets/Images/d_iconemptygravatar.png using Guid(9aebd705574f9e642aef1e5f59b3e4d8) Importer(2089858483,b0f066a214c2f5e87bad3c948f4d605d) (ScriptedImporter) -> (artifact id: '53b09c5a5c09e21f75a2f8ff9ff73064') in 0.0383055 seconds
Number of updated asset objects reloaded before import = 0Number of asset objects unloaded after import = 1

========================================================================
Received Import Request.
  Time since last request: 0.000100 seconds.
  path: Packages/com.unity.collab-proxy/Editor/PlasticSCM/Assets/Images/d_iconundo.png
  artifactKey: Guid(691dc543ff5b9ca44bf846657ba04161) Importer(2089858483,b0f066a214c2f5e87bad3c948f4d605d)
Start importing Packages/com.unity.collab-proxy/Editor/PlasticSCM/Assets/Images/d_iconundo.png using Guid(691dc543ff5b9ca44bf846657ba04161) Importer(2089858483,b0f066a214c2f5e87bad3c948f4d605d) (ScriptedImporter) -> (artifact id: 'c6558aa409c1952f6a2fc3e1841369da') in 0.0423377 seconds
Number of updated asset objects reloaded before import = 0Number of asset objects unloaded after import = 1

========================================================================
Received Import Request.
  Time since last request: 0.000157 seconds.
  path: Packages/com.unity.collab-proxy/Editor/PlasticSCM/Assets/Images/notondisk.png
  artifactKey: Guid(b205f4b28f59dda49af458b35d8a3ff3) Importer(2089858483,b0f066a214c2f5e87bad3c948f4d605d)
Start importing Packages/com.unity.collab-proxy/Editor/PlasticSCM/Assets/Images/notondisk.png using Guid(b205f4b28f59dda49af458b35d8a3ff3) Importer(2089858483,b0f066a214c2f5e87bad3c948f4d605d) (ScriptedImporter) -> (artifact id: '0899b266ff094a375a0833ab69c438b4') in 0.0374774 seconds
Number of updated asset objects reloaded before import = 0Number of asset objects unloaded after import = 1

========================================================================
Received Import Request.
  Time since last request: 0.000040 seconds.
  path: Packages/com.unity.collab-proxy/Editor/PlasticSCM/Assets/Styles/Base.uss
  artifactKey: Guid(bdf4f3d05dd541fa829ffa06bfbc8d0c) Importer(2089858483,b0f066a214c2f5e87bad3c948f4d605d)
Start importing Packages/com.unity.collab-proxy/Editor/PlasticSCM/Assets/Styles/Base.uss using Guid(bdf4f3d05dd541fa829ffa06bfbc8d0c) Importer(2089858483,b0f066a214c2f5e87bad3c948f4d605d) (ScriptedImporter) -> (artifact id: '1941c5613383705b3395093c6c33d440') in 0.0353921 seconds
Number of updated asset objects reloaded before import = 0Number of asset objects unloaded after import = 1

========================================================================
Received Import Request.
  Time since last request: 0.000058 seconds.
  path: Packages/com.unity.collab-proxy/Editor/PlasticSCM/Assets/Images/step1@2x.png
  artifactKey: Guid(affeade9874cf2347abb155e8d0db4d8) Importer(2089858483,b0f066a214c2f5e87bad3c948f4d605d)
Start importing Packages/com.unity.collab-proxy/Editor/PlasticSCM/Assets/Images/step1@2x.png using Guid(affeade9874cf2347abb155e8d0db4d8) Importer(2089858483,b0f066a214c2f5e87bad3c948f4d605d) (ScriptedImporter) -> (artifact id: 'a0f7f48622e1f86add5f36d2a4ba71fb') in 0.0383235 seconds
Number of updated asset objects reloaded before import = 0Number of asset objects unloaded after import = 1

========================================================================
Received Import Request.
  Time since last request: 0.000078 seconds.
  path: Packages/com.unity.collab-proxy/Editor/PlasticSCM/Assets/Images/iconaddedlocal@2x.png
  artifactKey: Guid(a67b58d6cddcd4345b1e001340de5a76) Importer(2089858483,b0f066a214c2f5e87bad3c948f4d605d)
Start importing Packages/com.unity.collab-proxy/Editor/PlasticSCM/Assets/Images/iconaddedlocal@2x.png using Guid(a67b58d6cddcd4345b1e001340de5a76) Importer(2089858483,b0f066a214c2f5e87bad3c948f4d605d) (ScriptedImporter) -> (artifact id: '3a58b7ae7f586d9c7f3fcbb134cc846e') in 0.0425226 seconds
Number of updated asset objects reloaded before import = 0Number of asset objects unloaded after import = 1

========================================================================
Received Import Request.
  Time since last request: 0.000087 seconds.
  path: Packages/com.unity.collab-proxy/Editor/PlasticSCM/Assets/Styles/SignInWithEmailPanel.uss
  artifactKey: Guid(b37675bc656348c429a6c56b2eda1345) Importer(2089858483,b0f066a214c2f5e87bad3c948f4d605d)
Start importing Packages/com.unity.collab-proxy/Editor/PlasticSCM/Assets/Styles/SignInWithEmailPanel.uss using Guid(b37675bc656348c429a6c56b2eda1345) Importer(2089858483,b0f066a214c2f5e87bad3c948f4d605d) (ScriptedImporter) -> (artifact id: '2cdc118b7881cd63e2e5e14042ac7de8') in 0.0355459 seconds
Number of updated asset objects reloaded before import = 0Number of asset objects unloaded after import = 2

========================================================================
Received Import Request.
  Time since last request: 0.000119 seconds.
  path: Packages/com.unity.collab-proxy/Editor/PlasticSCM/Assets/Images/d_iconprivateoverlay@2x.png
  artifactKey: Guid(7f854f490da24e54f9e8383e446b5d81) Importer(2089858483,b0f066a214c2f5e87bad3c948f4d605d)
Start importing Packages/com.unity.collab-proxy/Editor/PlasticSCM/Assets/Images/d_iconprivateoverlay@2x.png using Guid(7f854f490da24e54f9e8383e446b5d81) Importer(2089858483,b0f066a214c2f5e87bad3c948f4d605d) (ScriptedImporter) -> (artifact id: '138cb673a0dc0292d98de2e72d7ff342') in 0.0361659 seconds
Number of updated asset objects reloaded before import = 0Number of asset objects unloaded after import = 1

========================================================================
Received Import Request.
  Time since last request: 0.000190 seconds.
  path: Packages/com.unity.collab-proxy/Editor/PlasticSCM/Assets/Images/xlink.png
  artifactKey: Guid(556a2f3b046024d4c9621c1b4be5f0c1) Importer(2089858483,b0f066a214c2f5e87bad3c948f4d605d)
Start importing Packages/com.unity.collab-proxy/Editor/PlasticSCM/Assets/Images/xlink.png using Guid(556a2f3b046024d4c9621c1b4be5f0c1) Importer(2089858483,b0f066a214c2f5e87bad3c948f4d605d) (ScriptedImporter) -> (artifact id: 'fc3c182b4965307299ffcb544d282566') in 0.0386581 seconds
Number of updated asset objects reloaded before import = 0Number of asset objects unloaded after import = 1

========================================================================
Received Import Request.
  Time since last request: 0.000193 seconds.
  path: Packages/com.unity.collab-proxy/Editor/PlasticSCM/Assets/Images/d_iconlockedremoteoverlay@2x.png
  artifactKey: Guid(2bb4e96f5d0b02c468932d665a015c54) Importer(2089858483,b0f066a214c2f5e87bad3c948f4d605d)
Start importing Packages/com.unity.collab-proxy/Editor/PlasticSCM/Assets/Images/d_iconlockedremoteoverlay@2x.png using Guid(2bb4e96f5d0b02c468932d665a015c54) Importer(2089858483,b0f066a214c2f5e87bad3c948f4d605d) (ScriptedImporter) -> (artifact id: '95003985b515bf0d6d7437c2a6d8bebf') in 0.0350503 seconds
Number of updated asset objects reloaded before import = 0Number of asset objects unloaded after import = 1

========================================================================
Received Import Request.
  Time since last request: 0.000061 seconds.
  path: Packages/com.unity.collab-proxy/Editor/PlasticSCM/Assets/Images/iconlockedlocaloverlay@2x.png
  artifactKey: Guid(b528c1b33a65cf94ea74f830b54c9acb) Importer(2089858483,b0f066a214c2f5e87bad3c948f4d605d)
Start importing Packages/com.unity.collab-proxy/Editor/PlasticSCM/Assets/Images/iconlockedlocaloverlay@2x.png using Guid(b528c1b33a65cf94ea74f830b54c9acb) Importer(2089858483,b0f066a214c2f5e87bad3c948f4d605d) (ScriptedImporter) -> (artifact id: 'd79916a52bfa509f1e60d76090acf322') in 0.0442648 seconds
Number of updated asset objects reloaded before import = 0Number of asset objects unloaded after import = 1

========================================================================
Received Import Request.
  Time since last request: 0.000044 seconds.
  path: Packages/com.unity.collab-proxy/Editor/PlasticSCM/Assets/Images/d_refresh@2x.png
  artifactKey: Guid(602b72d4617c3694aa94419fc1b68e04) Importer(2089858483,b0f066a214c2f5e87bad3c948f4d605d)
Start importing Packages/com.unity.collab-proxy/Editor/PlasticSCM/Assets/Images/d_refresh@2x.png using Guid(602b72d4617c3694aa94419fc1b68e04) Importer(2089858483,b0f066a214c2f5e87bad3c948f4d605d) (ScriptedImporter) -> (artifact id: 'b50606b34456953604701bfa3e60222f') in 0.0417059 seconds
Number of updated asset objects reloaded before import = 0Number of asset objects unloaded after import = 1

========================================================================
Received Import Request.
  Time since last request: 0.000079 seconds.
  path: Packages/com.unity.collab-proxy/Editor/PlasticSCM/Assets/Images/iconlockedremoteoverlay@2x.png
  artifactKey: Guid(f73a7d8758d7be04588b15637d94b5a8) Importer(2089858483,b0f066a214c2f5e87bad3c948f4d605d)
Start importing Packages/com.unity.collab-proxy/Editor/PlasticSCM/Assets/Images/iconlockedremoteoverlay@2x.png using Guid(f73a7d8758d7be04588b15637d94b5a8) Importer(2089858483,b0f066a214c2f5e87bad3c948f4d605d) (ScriptedImporter) -> (artifact id: '4f1b7ebccaf73960c5ae26e14504457f') in 0.0381611 seconds
Number of updated asset objects reloaded before import = 0Number of asset objects unloaded after import = 1

========================================================================
Received Import Request.
  Time since last request: 0.000642 seconds.
  path: Packages/com.unity.collab-proxy/Editor/PlasticSCM/Assets/Images/d_iconlock@2x.png
  artifactKey: Guid(55747841a2e3b47dab36dc8d5e0dc4df) Importer(2089858483,b0f066a214c2f5e87bad3c948f4d605d)
Start importing Packages/com.unity.collab-proxy/Editor/PlasticSCM/Assets/Images/d_iconlock@2x.png using Guid(55747841a2e3b47dab36dc8d5e0dc4df) Importer(2089858483,b0f066a214c2f5e87bad3c948f4d605d) (ScriptedImporter) -> (artifact id: '571f5c20a0b3eed73bb767523165a648') in 0.076244 seconds
Number of updated asset objects reloaded before import = 0Number of asset objects unloaded after import = 3

========================================================================
Received Import Request.
  Time since last request: 0.000078 seconds.
  path: Packages/com.unity.collab-proxy/Editor/PlasticSCM/Assets/Images/iconemptygravatar@2x.png
  artifactKey: Guid(da545229eea36164d8b8cba2f75a1143) Importer(2089858483,b0f066a214c2f5e87bad3c948f4d605d)
Start importing Packages/com.unity.collab-proxy/Editor/PlasticSCM/Assets/Images/iconemptygravatar@2x.png using Guid(da545229eea36164d8b8cba2f75a1143) Importer(2089858483,b0f066a214c2f5e87bad3c948f4d605d) (ScriptedImporter) -> (artifact id: '3751800918e6f6f66661b5dd0d96296c') in 0.0484847 seconds
Number of updated asset objects reloaded before import = 0Number of asset objects unloaded after import = 1

========================================================================
Received Import Request.
  Time since last request: 0.000054 seconds.
  path: Packages/com.unity.collab-proxy/Editor/PlasticSCM/Assets/Images/d_iconprivateoverlay.png
  artifactKey: Guid(059fb5367594a3343814dc25ace454b3) Importer(2089858483,b0f066a214c2f5e87bad3c948f4d605d)
Start importing Packages/com.unity.collab-proxy/Editor/PlasticSCM/Assets/Images/d_iconprivateoverlay.png using Guid(059fb5367594a3343814dc25ace454b3) Importer(2089858483,b0f066a214c2f5e87bad3c948f4d605d) (ScriptedImporter) -> (artifact id: 'a483bff4c877da1bfd4c4a75b0ccd2e5') in 0.0723111 seconds
Number of updated asset objects reloaded before import = 0Number of asset objects unloaded after import = 1

========================================================================
Received Import Request.
  Time since last request: 0.000321 seconds.
  path: Packages/com.unity.collab-proxy/Editor/PlasticSCM/Assets/Images/iconconflicted@2x.png
  artifactKey: Guid(f95f697d66d238446b1ab717def09945) Importer(2089858483,b0f066a214c2f5e87bad3c948f4d605d)
Start importing Packages/com.unity.collab-proxy/Editor/PlasticSCM/Assets/Images/iconconflicted@2x.png using Guid(f95f697d66d238446b1ab717def09945) Importer(2089858483,b0f066a214c2f5e87bad3c948f4d605d) (ScriptedImporter) -> (artifact id: 'fbf3615ee58d71c92638489139e0d9ed') in 0.0436913 seconds
Number of updated asset objects reloaded before import = 0Number of asset objects unloaded after import = 1

========================================================================
Received Import Request.
  Time since last request: 0.000064 seconds.
  path: Packages/com.unity.collab-proxy/Editor/PlasticSCM/Assets/Images/iconlock@2x.png
  artifactKey: Guid(ba96945b6a1b743579931a87e98041fe) Importer(2089858483,b0f066a214c2f5e87bad3c948f4d605d)
Start importing Packages/com.unity.collab-proxy/Editor/PlasticSCM/Assets/Images/iconlock@2x.png using Guid(ba96945b6a1b743579931a87e98041fe) Importer(2089858483,b0f066a214c2f5e87bad3c948f4d605d) (ScriptedImporter) -> (artifact id: '7d6790bb2e5a046ec53b0f2d13fb45d3') in 0.0378127 seconds
Number of updated asset objects reloaded before import = 0Number of asset objects unloaded after import = 3

========================================================================
Received Import Request.
  Time since last request: 0.000075 seconds.
  path: Packages/com.unity.collab-proxy/Editor/PlasticSCM/Assets/Images/d_iconoutofsyncoverlay.png
  artifactKey: Guid(dc633de6e6e7415448c7568418239a9d) Importer(2089858483,b0f066a214c2f5e87bad3c948f4d605d)
Start importing Packages/com.unity.collab-proxy/Editor/PlasticSCM/Assets/Images/d_iconoutofsyncoverlay.png using Guid(dc633de6e6e7415448c7568418239a9d) Importer(2089858483,b0f066a214c2f5e87bad3c948f4d605d) (ScriptedImporter) -> (artifact id: '29f407497fbd5981698c8ccbb27784ef') in 0.0318622 seconds
Number of updated asset objects reloaded before import = 0Number of asset objects unloaded after import = 1

========================================================================
Received Import Request.
  Time since last request: 0.000088 seconds.
  path: Packages/com.unity.collab-proxy/Editor/PlasticSCM/Assets/Images/iconconflicted.png
  artifactKey: Guid(d1c88f142eee55b4eb2b2cfd7b3624ce) Importer(2089858483,b0f066a214c2f5e87bad3c948f4d605d)
Start importing Packages/com.unity.collab-proxy/Editor/PlasticSCM/Assets/Images/iconconflicted.png using Guid(d1c88f142eee55b4eb2b2cfd7b3624ce) Importer(2089858483,b0f066a214c2f5e87bad3c948f4d605d) (ScriptedImporter) -> (artifact id: '9d64db2bcdc427f1ce737722c470d91a') in 0.0323438 seconds
Number of updated asset objects reloaded before import = 0Number of asset objects unloaded after import = 1

========================================================================
Received Import Request.
  Time since last request: 0.000055 seconds.
  path: Packages/com.unity.collab-proxy/Editor/PlasticSCM/Assets/Images/iconplasticnotifyconflict@2x.png
  artifactKey: Guid(6e0a54826ffc3ee46b0aa3e1c1575a69) Importer(2089858483,b0f066a214c2f5e87bad3c948f4d605d)
Start importing Packages/com.unity.collab-proxy/Editor/PlasticSCM/Assets/Images/iconplasticnotifyconflict@2x.png using Guid(6e0a54826ffc3ee46b0aa3e1c1575a69) Importer(2089858483,b0f066a214c2f5e87bad3c948f4d605d) (ScriptedImporter) -> (artifact id: '3068498d5e66c2b27d240d52f591b2c7') in 0.0367193 seconds
Number of updated asset objects reloaded before import = 0Number of asset objects unloaded after import = 1

========================================================================
Received Import Request.
  Time since last request: 0.000052 seconds.
  path: Packages/com.unity.collab-proxy/Editor/PlasticSCM/Assets/Images/d_iconinviteusers@2x.png
  artifactKey: Guid(2b9bf8ec5d54fe249ac9e20979ccd42c) Importer(2089858483,b0f066a214c2f5e87bad3c948f4d605d)
Start importing Packages/com.unity.collab-proxy/Editor/PlasticSCM/Assets/Images/d_iconinviteusers@2x.png using Guid(2b9bf8ec5d54fe249ac9e20979ccd42c) Importer(2089858483,b0f066a214c2f5e87bad3c948f4d605d) (ScriptedImporter) -> (artifact id: '727883cc28d850d9fb94b8a0c2749eaa') in 0.0401167 seconds
Number of updated asset objects reloaded before import = 0Number of asset objects unloaded after import = 3

========================================================================
Received Import Request.
  Time since last request: 0.000047 seconds.
  path: Packages/com.unity.collab-proxy/Editor/PlasticSCM/Assets/Images/icondeletedlocaloverlay@2x.png
  artifactKey: Guid(a3e491f99ea3ad74f8731ca93e84c497) Importer(2089858483,b0f066a214c2f5e87bad3c948f4d605d)
Start importing Packages/com.unity.collab-proxy/Editor/PlasticSCM/Assets/Images/icondeletedlocaloverlay@2x.png using Guid(a3e491f99ea3ad74f8731ca93e84c497) Importer(2089858483,b0f066a214c2f5e87bad3c948f4d605d) (ScriptedImporter) -> (artifact id: 'c94b424266abdc9b28f3ec4baf5c72d4') in 0.0330062 seconds
Number of updated asset objects reloaded before import = 0Number of asset objects unloaded after import = 1

========================================================================
Received Import Request.
  Time since last request: 0.000097 seconds.
  path: Packages/com.unity.collab-proxy/Editor/PlasticSCM/Assets/Images/iconplastic.png
  artifactKey: Guid(3042b019b052942a1baf7aa49d7ca6bb) Importer(2089858483,b0f066a214c2f5e87bad3c948f4d605d)
Start importing Packages/com.unity.collab-proxy/Editor/PlasticSCM/Assets/Images/iconplastic.png using Guid(3042b019b052942a1baf7aa49d7ca6bb) Importer(2089858483,b0f066a214c2f5e87bad3c948f4d605d) (ScriptedImporter) -> (artifact id: 'aa50bec809a86f4bbc8c1a129bae19d3') in 0.0402348 seconds
Number of updated asset objects reloaded before import = 0Number of asset objects unloaded after import = 1

========================================================================
Received Import Request.
  Time since last request: 0.000056 seconds.
  path: Packages/com.unity.collab-proxy/Editor/PlasticSCM/Assets/Images/secondarytabclose.png
  artifactKey: Guid(03cefa94d5aa9d74993fb2138af9d607) Importer(2089858483,b0f066a214c2f5e87bad3c948f4d605d)
Start importing Packages/com.unity.collab-proxy/Editor/PlasticSCM/Assets/Images/secondarytabclose.png using Guid(03cefa94d5aa9d74993fb2138af9d607) Importer(2089858483,b0f066a214c2f5e87bad3c948f4d605d) (ScriptedImporter) -> (artifact id: 'ce6a2afba868bb35a4331a982da0e7d5') in 0.0315058 seconds
Number of updated asset objects reloaded before import = 0Number of asset objects unloaded after import = 1

========================================================================
Received Import Request.
  Time since last request: 0.000072 seconds.
  path: Packages/com.unity.collab-proxy/Editor/PlasticSCM/Assets/Images/d_iconconflictedoverlay.png
  artifactKey: Guid(a892bcc7ae1871447926b3c44d158763) Importer(2089858483,b0f066a214c2f5e87bad3c948f4d605d)
Start importing Packages/com.unity.collab-proxy/Editor/PlasticSCM/Assets/Images/d_iconconflictedoverlay.png using Guid(a892bcc7ae1871447926b3c44d158763) Importer(2089858483,b0f066a214c2f5e87bad3c948f4d605d) (ScriptedImporter) -> (artifact id: '81d685ec3332accdae2e6aeca2e9dc71') in 0.0321729 seconds
Number of updated asset objects reloaded before import = 0Number of asset objects unloaded after import = 1

========================================================================
Received Import Request.
  Time since last request: 0.000050 seconds.
  path: Packages/com.unity.collab-proxy/Editor/PlasticSCM/Assets/Images/stepok@2x.png
  artifactKey: Guid(be340a165cb9c8d4cb50f1deeb51d4ea) Importer(2089858483,b0f066a214c2f5e87bad3c948f4d605d)
Start importing Packages/com.unity.collab-proxy/Editor/PlasticSCM/Assets/Images/stepok@2x.png using Guid(be340a165cb9c8d4cb50f1deeb51d4ea) Importer(2089858483,b0f066a214c2f5e87bad3c948f4d605d) (ScriptedImporter) -> (artifact id: 'f8c81344c365ebb36332fdc6d7feae5a') in 0.0328158 seconds
Number of updated asset objects reloaded before import = 0Number of asset objects unloaded after import = 1

========================================================================
Received Import Request.
  Time since last request: 0.000064 seconds.
  path: Packages/com.unity.collab-proxy/Editor/PlasticSCM/Assets/Images/d_iconconflictresolvedoverlay@2x.png
  artifactKey: Guid(4a231ba0e81e63849a8f985c228e8acd) Importer(2089858483,b0f066a214c2f5e87bad3c948f4d605d)
Start importing Packages/com.unity.collab-proxy/Editor/PlasticSCM/Assets/Images/d_iconconflictresolvedoverlay@2x.png using Guid(4a231ba0e81e63849a8f985c228e8acd) Importer(2089858483,b0f066a214c2f5e87bad3c948f4d605d) (ScriptedImporter) -> (artifact id: 'd59f30e4ae09e6c0caf05b88ff8b892d') in 0.0363451 seconds
Number of updated asset objects reloaded before import = 0Number of asset objects unloaded after import = 1

========================================================================
Received Import Request.
  Time since last request: 0.000044 seconds.
  path: Packages/com.unity.collab-proxy/Editor/PlasticSCM/Assets/Images/d_iconplasticnotifyconflict@2x.png
  artifactKey: Guid(23743f0c0ed1e6546808a5d645c2a6a5) Importer(2089858483,b0f066a214c2f5e87bad3c948f4d605d)
Start importing Packages/com.unity.collab-proxy/Editor/PlasticSCM/Assets/Images/d_iconplasticnotifyconflict@2x.png using Guid(23743f0c0ed1e6546808a5d645c2a6a5) Importer(2089858483,b0f066a214c2f5e87bad3c948f4d605d) (ScriptedImporter) -> (artifact id: '2f030340ab2a8a6ce13982721e1fc407') in 0.0335082 seconds
Number of updated asset objects reloaded before import = 0Number of asset objects unloaded after import = 1

========================================================================
Received Import Request.
  Time since last request: 0.000082 seconds.
  path: Packages/com.unity.collab-proxy/Editor/PlasticSCM/AssetsUtils/Processor/PlasticAssetsProcessor.cs
  artifactKey: Guid(d3daa94b5fca9a648b12f6ef2aae752f) Importer(2089858483,b0f066a214c2f5e87bad3c948f4d605d)
Start importing Packages/com.unity.collab-proxy/Editor/PlasticSCM/AssetsUtils/Processor/PlasticAssetsProcessor.cs using Guid(d3daa94b5fca9a648b12f6ef2aae752f) Importer(2089858483,b0f066a214c2f5e87bad3c948f4d605d) (ScriptedImporter) -> (artifact id: '06f6a5f8ebf941d666c7b390c52cdefa') in 0.022895 seconds
Number of updated asset objects reloaded before import = 0Number of asset objects unloaded after import = 0

========================================================================
Received Import Request.
  Time since last request: 0.000157 seconds.
  path: Packages/com.unity.collab-proxy/Editor/PlasticSCM/Assets/Styles/SignInPanel.uss
  artifactKey: Guid(c673e4e20ea67ab40a4661592f51aa99) Importer(2089858483,b0f066a214c2f5e87bad3c948f4d605d)
Start importing Packages/com.unity.collab-proxy/Editor/PlasticSCM/Assets/Styles/SignInPanel.uss using Guid(c673e4e20ea67ab40a4661592f51aa99) Importer(2089858483,b0f066a214c2f5e87bad3c948f4d605d) (ScriptedImporter) -> (artifact id: 'f7460381a604e62eea468e853f2bcb08') in 0.0296132 seconds
Number of updated asset objects reloaded before import = 0Number of asset objects unloaded after import = 2

========================================================================
Received Import Request.
  Time since last request: 0.000392 seconds.
  path: Packages/com.unity.collab-proxy/Editor/PlasticSCM/Gluon/UpdateReport/ErrorListViewItem.cs
  artifactKey: Guid(0188683ab76112f4897348feb19a3b77) Importer(2089858483,b0f066a214c2f5e87bad3c948f4d605d)
Start importing Packages/com.unity.collab-proxy/Editor/PlasticSCM/Gluon/UpdateReport/ErrorListViewItem.cs using Guid(0188683ab76112f4897348feb19a3b77) Importer(2089858483,b0f066a214c2f5e87bad3c948f4d605d) (ScriptedImporter) -> (artifact id: '162f1bf20804a7ce32aa917e440e3d18') in 0.0251496 seconds
Number of updated asset objects reloaded before import = 0Number of asset objects unloaded after import = 0

========================================================================
Received Import Request.
  Time since last request: 0.000202 seconds.
  path: Packages/com.unity.collab-proxy/Editor/PlasticSCM/Developer/UpdateReport/UpdateReportListView.cs
  artifactKey: Guid(e8bf7425cfbdd094da5dc809a5eaa8ff) Importer(2089858483,b0f066a214c2f5e87bad3c948f4d605d)
Start importing Packages/com.unity.collab-proxy/Editor/PlasticSCM/Developer/UpdateReport/UpdateReportListView.cs using Guid(e8bf7425cfbdd094da5dc809a5eaa8ff) Importer(2089858483,b0f066a214c2f5e87bad3c948f4d605d) (ScriptedImporter) -> (artifact id: '28211bd54c8ecb4a955652429dcea7d3') in 0.0266088 seconds
Number of updated asset objects reloaded before import = 0Number of asset objects unloaded after import = 0

========================================================================
Received Import Request.
  Time since last request: 0.000195 seconds.
  path: Packages/com.unity.collab-proxy/Editor/PlasticSCM/Assets/Images/d_iconconflictedoverlay@2x.png
  artifactKey: Guid(a3ced8f7044b9de4787602a9e9b20ea7) Importer(2089858483,b0f066a214c2f5e87bad3c948f4d605d)
Start importing Packages/com.unity.collab-proxy/Editor/PlasticSCM/Assets/Images/d_iconconflictedoverlay@2x.png using Guid(a3ced8f7044b9de4787602a9e9b20ea7) Importer(2089858483,b0f066a214c2f5e87bad3c948f4d605d) (ScriptedImporter) -> (artifact id: 'f71efbb762c9827eb3007fa80121473e') in 0.0374207 seconds
Number of updated asset objects reloaded before import = 0Number of asset objects unloaded after import = 1

========================================================================
Received Import Request.
  Time since last request: 0.000052 seconds.
  path: Packages/com.unity.collab-proxy/Editor/PlasticSCM/Assets/Images/d_icondeletedremote.png
  artifactKey: Guid(23e66f7264c74424889342127f229577) Importer(2089858483,b0f066a214c2f5e87bad3c948f4d605d)
Start importing Packages/com.unity.collab-proxy/Editor/PlasticSCM/Assets/Images/d_icondeletedremote.png using Guid(23e66f7264c74424889342127f229577) Importer(2089858483,b0f066a214c2f5e87bad3c948f4d605d) (ScriptedImporter) -> (artifact id: '069e8753b3bada76ce559397d6d1b4f1') in 0.0346431 seconds
Number of updated asset objects reloaded before import = 0Number of asset objects unloaded after import = 1

========================================================================
Received Import Request.
  Time since last request: 0.000040 seconds.
  path: Packages/com.unity.collab-proxy/Editor/PlasticSCM/Assets/Images/iconcheckedoutlocaloverlay@2x.png
  artifactKey: Guid(3999034958d54364da380a8839a11050) Importer(2089858483,b0f066a214c2f5e87bad3c948f4d605d)
Start importing Packages/com.unity.collab-proxy/Editor/PlasticSCM/Assets/Images/iconcheckedoutlocaloverlay@2x.png using Guid(3999034958d54364da380a8839a11050) Importer(2089858483,b0f066a214c2f5e87bad3c948f4d605d) (ScriptedImporter) -> (artifact id: '3514054dd05e47c887b0b8845d995097') in 0.0401816 seconds
Number of updated asset objects reloaded before import = 0Number of asset objects unloaded after import = 1

========================================================================
Received Import Request.
  Time since last request: 0.000042 seconds.
  path: Packages/com.unity.collab-proxy/Editor/PlasticSCM/Assets/Images/step2@2x.png
  artifactKey: Guid(0029170d14ce6c04c9f45c22cdae5559) Importer(2089858483,b0f066a214c2f5e87bad3c948f4d605d)
Start importing Packages/com.unity.collab-proxy/Editor/PlasticSCM/Assets/Images/step2@2x.png using Guid(0029170d14ce6c04c9f45c22cdae5559) Importer(2089858483,b0f066a214c2f5e87bad3c948f4d605d) (ScriptedImporter) -> (artifact id: '95bd9d500282ca1444e370cb58359095') in 0.0342293 seconds
Number of updated asset objects reloaded before import = 0Number of asset objects unloaded after import = 1

========================================================================
Received Import Request.
  Time since last request: 0.979604 seconds.
  path: Packages/com.unity.collab-proxy/Editor/PlasticSCM/UI/Avatar/ApplyCircleMask.cs
  artifactKey: Guid(e76ce7703143a924b9c0693ee66ebee7) Importer(2089858483,b0f066a214c2f5e87bad3c948f4d605d)
Start importing Packages/com.unity.collab-proxy/Editor/PlasticSCM/UI/Avatar/ApplyCircleMask.cs using Guid(e76ce7703143a924b9c0693ee66ebee7) Importer(2089858483,b0f066a214c2f5e87bad3c948f4d605d) (ScriptedImporter) -> (artifact id: 'fd4ee6f5cbf7bfb4ff1c0f25e29a7d9d') in 0.0177833 seconds
Number of updated asset objects reloaded before import = 0Number of asset objects unloaded after import = 0

========================================================================
Received Import Request.
  Time since last request: 0.000465 seconds.
  path: Packages/com.unity.collab-proxy/Editor/PlasticSCM/UI/Progress/DrawProgressForDialogs.cs
  artifactKey: Guid(5c32dc56ff6d08947a329b5c4789c728) Importer(2089858483,b0f066a214c2f5e87bad3c948f4d605d)
Start importing Packages/com.unity.collab-proxy/Editor/PlasticSCM/UI/Progress/DrawProgressForDialogs.cs using Guid(5c32dc56ff6d08947a329b5c4789c728) Importer(2089858483,b0f066a214c2f5e87bad3c948f4d605d) (ScriptedImporter) -> (artifact id: 'c35ed02fce8cd1f73effdcfac34cb1d1') in 0.023976 seconds
Number of updated asset objects reloaded before import = 0Number of asset objects unloaded after import = 0

========================================================================
Received Import Request.
  Time since last request: 0.000046 seconds.
  path: Packages/com.unity.collab-proxy/Lib/Editor/PlasticSCM/Localization/configurehelper.es.txt
  artifactKey: Guid(ffed394aa7919d84c8d2c78a858e0aaa) Importer(2089858483,b0f066a214c2f5e87bad3c948f4d605d)
Start importing Packages/com.unity.collab-proxy/Lib/Editor/PlasticSCM/Localization/configurehelper.es.txt using Guid(ffed394aa7919d84c8d2c78a858e0aaa) Importer(2089858483,b0f066a214c2f5e87bad3c948f4d605d) (ScriptedImporter) -> (artifact id: '848a9f025b266d830376412c1fd9b030') in 0.0211649 seconds
Number of updated asset objects reloaded before import = 0Number of asset objects unloaded after import = 1

========================================================================
Received Import Request.
  Time since last request: 0.000066 seconds.
  path: Packages/com.unity.collab-proxy/Lib/Editor/PlasticSCM/Localization/commontypes.zh-Hans.txt
  artifactKey: Guid(19049260b419fa943ab9fb74e418c908) Importer(2089858483,b0f066a214c2f5e87bad3c948f4d605d)
Start importing Packages/com.unity.collab-proxy/Lib/Editor/PlasticSCM/Localization/commontypes.zh-Hans.txt using Guid(19049260b419fa943ab9fb74e418c908) Importer(2089858483,b0f066a214c2f5e87bad3c948f4d605d) (ScriptedImporter) -> (artifact id: '18ffc147161d1197998fb1a82468a8e8') in 0.0260324 seconds
Number of updated asset objects reloaded before import = 0Number of asset objects unloaded after import = 1

========================================================================
Received Import Request.
  Time since last request: 0.000044 seconds.
  path: Packages/com.unity.collab-proxy/Editor/PlasticSCM/Views/Locks/LocksViewMenu.cs
  artifactKey: Guid(0f34fdc6653d640839eaa1d2bc1bd538) Importer(2089858483,b0f066a214c2f5e87bad3c948f4d605d)
Start importing Packages/com.unity.collab-proxy/Editor/PlasticSCM/Views/Locks/LocksViewMenu.cs using Guid(0f34fdc6653d640839eaa1d2bc1bd538) Importer(2089858483,b0f066a214c2f5e87bad3c948f4d605d) (ScriptedImporter) -> (artifact id: '0a043b1c10e8ca628f0d3551ac244269') in 0.0189247 seconds
Number of updated asset objects reloaded before import = 0Number of asset objects unloaded after import = 0

========================================================================
Received Import Request.
  Time since last request: 0.000060 seconds.
  path: Packages/com.unity.collab-proxy/Lib/Editor/PlasticSCM/Localization/configurehelper.en.txt
  artifactKey: Guid(b114783d872f8054ab48296df763c023) Importer(2089858483,b0f066a214c2f5e87bad3c948f4d605d)
Start importing Packages/com.unity.collab-proxy/Lib/Editor/PlasticSCM/Localization/configurehelper.en.txt using Guid(b114783d872f8054ab48296df763c023) Importer(2089858483,b0f066a214c2f5e87bad3c948f4d605d) (ScriptedImporter) -> (artifact id: '45eb2d60934b471ac25ef39bf614596f') in 0.0236957 seconds
Number of updated asset objects reloaded before import = 0Number of asset objects unloaded after import = 1

========================================================================
Received Import Request.
  Time since last request: 0.000040 seconds.
  path: Packages/com.unity.collab-proxy/Lib/Editor/PlasticSCM/Localization/clientcommon.zh-Hans.txt
  artifactKey: Guid(773fcbb2a2b51c74cab8fdb2e4f19455) Importer(2089858483,b0f066a214c2f5e87bad3c948f4d605d)
Start importing Packages/com.unity.collab-proxy/Lib/Editor/PlasticSCM/Localization/clientcommon.zh-Hans.txt using Guid(773fcbb2a2b51c74cab8fdb2e4f19455) Importer(2089858483,b0f066a214c2f5e87bad3c948f4d605d) (ScriptedImporter) -> (artifact id: 'a78e50815034e1a73dc8a3b3baae9e43') in 0.0206577 seconds
Number of updated asset objects reloaded before import = 0Number of asset objects unloaded after import = 1

========================================================================
Received Import Request.
  Time since last request: 0.000087 seconds.
  path: Packages/com.unity.collab-proxy/Editor/PlasticSCM/Views/Branch/BranchListViewItem.cs
  artifactKey: Guid(ebbbce5f7ed39ab45b6f43340727ba5e) Importer(2089858483,b0f066a214c2f5e87bad3c948f4d605d)
Start importing Packages/com.unity.collab-proxy/Editor/PlasticSCM/Views/Branch/BranchListViewItem.cs using Guid(ebbbce5f7ed39ab45b6f43340727ba5e) Importer(2089858483,b0f066a214c2f5e87bad3c948f4d605d) (ScriptedImporter) -> (artifact id: '5b1c9b2a28871627aff58f75da9e014b') in 0.019767 seconds
Number of updated asset objects reloaded before import = 0Number of asset objects unloaded after import = 0

========================================================================
Received Import Request.
  Time since last request: 0.000095 seconds.
  path: Packages/com.unity.collab-proxy/Lib/Editor/PlasticSCM/Localization/guihelp.zh-Hans.txt
  artifactKey: Guid(d6b10540318c3204e9c6aa0d7f9a0fe5) Importer(2089858483,b0f066a214c2f5e87bad3c948f4d605d)
Start importing Packages/com.unity.collab-proxy/Lib/Editor/PlasticSCM/Localization/guihelp.zh-Hans.txt using Guid(d6b10540318c3204e9c6aa0d7f9a0fe5) Importer(2089858483,b0f066a214c2f5e87bad3c948f4d605d) (ScriptedImporter) -> (artifact id: '983e14ee4e419c4b38fd715313eb1325') in 0.0216896 seconds
Number of updated asset objects reloaded before import = 0Number of asset objects unloaded after import = 1

========================================================================
Received Import Request.
  Time since last request: 0.000078 seconds.
  path: Packages/com.unity.collab-proxy/Editor/PlasticSCM/Views/Diff/DiffTreeView.cs
  artifactKey: Guid(ba4e6e12f66973142a87299287cb34dc) Importer(2089858483,b0f066a214c2f5e87bad3c948f4d605d)
Start importing Packages/com.unity.collab-proxy/Editor/PlasticSCM/Views/Diff/DiffTreeView.cs using Guid(ba4e6e12f66973142a87299287cb34dc) Importer(2089858483,b0f066a214c2f5e87bad3c948f4d605d) (ScriptedImporter) -> (artifact id: '0d278330ac9dc7ab55c6b86ace8b99b9') in 0.0219191 seconds
Number of updated asset objects reloaded before import = 0Number of asset objects unloaded after import = 0

========================================================================
Received Import Request.
  Time since last request: 0.000186 seconds.
  path: Packages/com.unity.collab-proxy/Lib/Editor/PlasticSCM/Localization/guihelp.es.txt
  artifactKey: Guid(c891ee1fe14d52a4292354c9d3376ef4) Importer(2089858483,b0f066a214c2f5e87bad3c948f4d605d)
Start importing Packages/com.unity.collab-proxy/Lib/Editor/PlasticSCM/Localization/guihelp.es.txt using Guid(c891ee1fe14d52a4292354c9d3376ef4) Importer(2089858483,b0f066a214c2f5e87bad3c948f4d605d) (ScriptedImporter) -> (artifact id: 'e30631609686016c826d169bbc5e45a9') in 0.022076 seconds
Number of updated asset objects reloaded before import = 0Number of asset objects unloaded after import = 1

========================================================================
Received Import Request.
  Time since last request: 0.000094 seconds.
  path: Packages/com.unity.collab-proxy/Editor/PlasticSCM/Views/Branch/BranchesViewMenu.cs
  artifactKey: Guid(a1f5156c89fd104459e8ec0cc3098899) Importer(2089858483,b0f066a214c2f5e87bad3c948f4d605d)
Start importing Packages/com.unity.collab-proxy/Editor/PlasticSCM/Views/Branch/BranchesViewMenu.cs using Guid(a1f5156c89fd104459e8ec0cc3098899) Importer(2089858483,b0f066a214c2f5e87bad3c948f4d605d) (ScriptedImporter) -> (artifact id: '455bd47d5f0391f4df28043afa17035b') in 0.0256057 seconds
Number of updated asset objects reloaded before import = 0Number of asset objects unloaded after import = 0

========================================================================
Received Import Request.
  Time since last request: 0.000512 seconds.
  path: Packages/com.unity.collab-proxy/Editor/PlasticSCM/Views/Changesets/ChangesetListViewItem.cs
  artifactKey: Guid(6000865ce7fbfc643abdd3d085b4422e) Importer(2089858483,b0f066a214c2f5e87bad3c948f4d605d)
Start importing Packages/com.unity.collab-proxy/Editor/PlasticSCM/Views/Changesets/ChangesetListViewItem.cs using Guid(6000865ce7fbfc643abdd3d085b4422e) Importer(2089858483,b0f066a214c2f5e87bad3c948f4d605d) (ScriptedImporter) -> (artifact id: '5c41faa5d4fe81ac184dddc148642f7d') in 0.0208189 seconds
Number of updated asset objects reloaded before import = 0Number of asset objects unloaded after import = 0

========================================================================
Received Import Request.
  Time since last request: 0.000098 seconds.
  path: Packages/com.unity.collab-proxy/Lib/Editor/PlasticSCM/Localization/guihelp.ko.txt
  artifactKey: Guid(9496415b9d27ada48927dea04ba25097) Importer(2089858483,b0f066a214c2f5e87bad3c948f4d605d)
Start importing Packages/com.unity.collab-proxy/Lib/Editor/PlasticSCM/Localization/guihelp.ko.txt using Guid(9496415b9d27ada48927dea04ba25097) Importer(2089858483,b0f066a214c2f5e87bad3c948f4d605d) (ScriptedImporter) -> (artifact id: '6581e5ca59cb40ca196e505013856ec0') in 0.0215312 seconds
Number of updated asset objects reloaded before import = 0Number of asset objects unloaded after import = 1

========================================================================
Received Import Request.
  Time since last request: 0.000071 seconds.
  path: Packages/com.unity.collab-proxy/Editor/PlasticSCM/UI/Tree/TreeHeaderColumns.cs
  artifactKey: Guid(c3c7b1998f264b443a5b5c67a189149a) Importer(2089858483,b0f066a214c2f5e87bad3c948f4d605d)
Start importing Packages/com.unity.collab-proxy/Editor/PlasticSCM/UI/Tree/TreeHeaderColumns.cs using Guid(c3c7b1998f264b443a5b5c67a189149a) Importer(2089858483,b0f066a214c2f5e87bad3c948f4d605d) (ScriptedImporter) -> (artifact id: '262a366d90b010fbf3513458807ed770') in 0.0244687 seconds
Number of updated asset objects reloaded before import = 0Number of asset objects unloaded after import = 0

========================================================================
Received Import Request.
  Time since last request: 0.000078 seconds.
  path: Packages/com.unity.collab-proxy/Lib/Editor/PlasticSCM/Localization/differences.zh-Hans.txt
  artifactKey: Guid(688fee8a907faab4ba7532629669a051) Importer(2089858483,b0f066a214c2f5e87bad3c948f4d605d)
Start importing Packages/com.unity.collab-proxy/Lib/Editor/PlasticSCM/Localization/differences.zh-Hans.txt using Guid(688fee8a907faab4ba7532629669a051) Importer(2089858483,b0f066a214c2f5e87bad3c948f4d605d) (ScriptedImporter) -> (artifact id: 'e0c08e70d93fa70f132c42c9f7fec8c7') in 0.0253221 seconds
Number of updated asset objects reloaded before import = 0Number of asset objects unloaded after import = 1

========================================================================
Received Import Request.
  Time since last request: 0.000088 seconds.
  path: Packages/com.unity.collab-proxy/Lib/Editor/PlasticSCM/Localization/binmergetool.en.txt
  artifactKey: Guid(5d86559a6a7fa294fa1733b7bb3c25d2) Importer(2089858483,b0f066a214c2f5e87bad3c948f4d605d)
Start importing Packages/com.unity.collab-proxy/Lib/Editor/PlasticSCM/Localization/binmergetool.en.txt using Guid(5d86559a6a7fa294fa1733b7bb3c25d2) Importer(2089858483,b0f066a214c2f5e87bad3c948f4d605d) (ScriptedImporter) -> (artifact id: 'd27c1591689a0dcaaeeaf7dd51c182b2') in 0.0255151 seconds
Number of updated asset objects reloaded before import = 0Number of asset objects unloaded after import = 1

========================================================================
Received Import Request.
  Time since last request: 0.000045 seconds.
  path: Packages/com.unity.collab-proxy/Editor/PlasticSCM/Views/Changesets/ChangesetsViewMenu.cs
  artifactKey: Guid(397f62458d0ad3441aaaa1a738bd4f94) Importer(2089858483,b0f066a214c2f5e87bad3c948f4d605d)
Start importing Packages/com.unity.collab-proxy/Editor/PlasticSCM/Views/Changesets/ChangesetsViewMenu.cs using Guid(397f62458d0ad3441aaaa1a738bd4f94) Importer(2089858483,b0f066a214c2f5e87bad3c948f4d605d) (ScriptedImporter) -> (artifact id: 'cad9e121da8c52292c69c08fa581f58c') in 0.0218578 seconds
Number of updated asset objects reloaded before import = 0Number of asset objects unloaded after import = 0

========================================================================
Received Import Request.
  Time since last request: 0.000207 seconds.
  path: Packages/com.unity.collab-proxy/Editor/PlasticSCM/Views/PendingChanges/PendingChangesMultiColumnHeader.cs
  artifactKey: Guid(e7b15873dbe9463cad67af4fac8e41ba) Importer(2089858483,b0f066a214c2f5e87bad3c948f4d605d)
Start importing Packages/com.unity.collab-proxy/Editor/PlasticSCM/Views/PendingChanges/PendingChangesMultiColumnHeader.cs using Guid(e7b15873dbe9463cad67af4fac8e41ba) Importer(2089858483,b0f066a214c2f5e87bad3c948f4d605d) (ScriptedImporter) -> (artifact id: '60bcb24aead371c252c700870e691a00') in 0.0200426 seconds
Number of updated asset objects reloaded before import = 0Number of asset objects unloaded after import = 0

========================================================================
Received Import Request.
  Time since last request: 0.000156 seconds.
  path: Packages/com.unity.collab-proxy/Lib/Editor/PlasticSCM/Localization/guihelp.ja.txt
  artifactKey: Guid(61fd576686673454886d375af79d5955) Importer(2089858483,b0f066a214c2f5e87bad3c948f4d605d)
Start importing Packages/com.unity.collab-proxy/Lib/Editor/PlasticSCM/Localization/guihelp.ja.txt using Guid(61fd576686673454886d375af79d5955) Importer(2089858483,b0f066a214c2f5e87bad3c948f4d605d) (ScriptedImporter) -> (artifact id: '4544ba5fa59930ed900aff5c33e14c9a') in 0.0198598 seconds
Number of updated asset objects reloaded before import = 0Number of asset objects unloaded after import = 1

========================================================================
Received Import Request.
  Time since last request: 0.000088 seconds.
  path: Packages/com.unity.collab-proxy/Editor/PlasticSCM/Views/Welcome/GetInstallerTmpFileName.cs
  artifactKey: Guid(3e8b32f158e489044a2b257700530f05) Importer(2089858483,b0f066a214c2f5e87bad3c948f4d605d)
Start importing Packages/com.unity.collab-proxy/Editor/PlasticSCM/Views/Welcome/GetInstallerTmpFileName.cs using Guid(3e8b32f158e489044a2b257700530f05) Importer(2089858483,b0f066a214c2f5e87bad3c948f4d605d) (ScriptedImporter) -> (artifact id: '7c1149efe7a7615f6744c9be211d81a6') in 0.0203666 seconds
Number of updated asset objects reloaded before import = 0Number of asset objects unloaded after import = 0

========================================================================
Received Import Request.
  Time since last request: 0.000174 seconds.
  path: Packages/com.unity.collab-proxy/Lib/Editor/PlasticSCM/Localization/differences.zh-Hant.txt
  artifactKey: Guid(5204d8a671c5dbf41b79278f78178bee) Importer(2089858483,b0f066a214c2f5e87bad3c948f4d605d)
Start importing Packages/com.unity.collab-proxy/Lib/Editor/PlasticSCM/Localization/differences.zh-Hant.txt using Guid(5204d8a671c5dbf41b79278f78178bee) Importer(2089858483,b0f066a214c2f5e87bad3c948f4d605d) (ScriptedImporter) -> (artifact id: '43a6d94529c6411fd862c37450e7fa59') in 0.0242719 seconds
Number of updated asset objects reloaded before import = 0Number of asset objects unloaded after import = 1

========================================================================
Received Import Request.
  Time since last request: 0.000083 seconds.
  path: Packages/com.unity.collab-proxy/Lib/Editor/PlasticSCM/Localization/basecommands.ko.txt
  artifactKey: Guid(333464e3b2edea145baf9f37af07864f) Importer(2089858483,b0f066a214c2f5e87bad3c948f4d605d)
Start importing Packages/com.unity.collab-proxy/Lib/Editor/PlasticSCM/Localization/basecommands.ko.txt using Guid(333464e3b2edea145baf9f37af07864f) Importer(2089858483,b0f066a214c2f5e87bad3c948f4d605d) (ScriptedImporter) -> (artifact id: '45440313d3d9f69391f2f67c893f8ccb') in 0.0211179 seconds
Number of updated asset objects reloaded before import = 0Number of asset objects unloaded after import = 1

========================================================================
Received Import Request.
  Time since last request: 0.000195 seconds.
  path: Packages/com.unity.collab-proxy/Editor/PlasticSCM/Views/Diff/DiffTreeViewMenu.cs
  artifactKey: Guid(2c9c0041347ae4e4cb794a3da850fa79) Importer(2089858483,b0f066a214c2f5e87bad3c948f4d605d)
Start importing Packages/com.unity.collab-proxy/Editor/PlasticSCM/Views/Diff/DiffTreeViewMenu.cs using Guid(2c9c0041347ae4e4cb794a3da850fa79) Importer(2089858483,b0f066a214c2f5e87bad3c948f4d605d) (ScriptedImporter) -> (artifact id: '062c10da9c902dde4266ee3125ea4f59') in 0.0197173 seconds
Number of updated asset objects reloaded before import = 0Number of asset objects unloaded after import = 0

========================================================================
Received Import Request.
  Time since last request: 0.000141 seconds.
  path: Packages/com.unity.collab-proxy/Lib/Editor/PlasticSCM/Localization/basecommands.zh-Hant.txt
  artifactKey: Guid(fafa8998fb8bb82408932f7d698dee7f) Importer(2089858483,b0f066a214c2f5e87bad3c948f4d605d)
Start importing Packages/com.unity.collab-proxy/Lib/Editor/PlasticSCM/Localization/basecommands.zh-Hant.txt using Guid(fafa8998fb8bb82408932f7d698dee7f) Importer(2089858483,b0f066a214c2f5e87bad3c948f4d605d) (ScriptedImporter) -> (artifact id: '7c0e4ef9cd706ad2249a28b264acdae4') in 0.0187523 seconds
Number of updated asset objects reloaded before import = 0Number of asset objects unloaded after import = 1

========================================================================
Received Import Request.
  Time since last request: 0.000089 seconds.
  path: Packages/com.unity.collab-proxy/Lib/Editor/PlasticSCM/Localization/clientcommon.zh-Hant.txt
  artifactKey: Guid(4ad90c75ed142fb408eea71e88257705) Importer(2089858483,b0f066a214c2f5e87bad3c948f4d605d)
Start importing Packages/com.unity.collab-proxy/Lib/Editor/PlasticSCM/Localization/clientcommon.zh-Hant.txt using Guid(4ad90c75ed142fb408eea71e88257705) Importer(2089858483,b0f066a214c2f5e87bad3c948f4d605d) (ScriptedImporter) -> (artifact id: '2dd4885f779d0fa197c4a5a8cd76ffd0') in 0.0197863 seconds
Number of updated asset objects reloaded before import = 0Number of asset objects unloaded after import = 1

========================================================================
Received Import Request.
  Time since last request: 0.000127 seconds.
  path: Packages/com.unity.collab-proxy/Editor/PlasticSCM/UI/Progress/ProgressControlsForDialogs.cs
  artifactKey: Guid(aa3f399d17e1dcf4c9e417ffce5eb905) Importer(2089858483,b0f066a214c2f5e87bad3c948f4d605d)
Start importing Packages/com.unity.collab-proxy/Editor/PlasticSCM/UI/Progress/ProgressControlsForDialogs.cs using Guid(aa3f399d17e1dcf4c9e417ffce5eb905) Importer(2089858483,b0f066a214c2f5e87bad3c948f4d605d) (ScriptedImporter) -> (artifact id: '035f55a33347f8f8ea8c2d660741e757') in 0.0221209 seconds
Number of updated asset objects reloaded before import = 0Number of asset objects unloaded after import = 0

========================================================================
Received Import Request.
  Time since last request: 0.000261 seconds.
  path: Packages/com.unity.collab-proxy/Editor/PlasticSCM/UI/Message/PlasticQuestionAlert.cs
  artifactKey: Guid(b835f3512ad594c8587c02ae715fc919) Importer(2089858483,b0f066a214c2f5e87bad3c948f4d605d)
Start importing Packages/com.unity.collab-proxy/Editor/PlasticSCM/UI/Message/PlasticQuestionAlert.cs using Guid(b835f3512ad594c8587c02ae715fc919) Importer(2089858483,b0f066a214c2f5e87bad3c948f4d605d) (ScriptedImporter) -> (artifact id: '136675cd0e0d6ee0ffc4585877fcbbfe') in 0.0194729 seconds
Number of updated asset objects reloaded before import = 0Number of asset objects unloaded after import = 0

========================================================================
Received Import Request.
  Time since last request: 0.000214 seconds.
  path: Packages/com.unity.collab-proxy/Editor/PlasticSCM/Views/PendingChanges/PendingChangesTreeHeaderState.cs
  artifactKey: Guid(e57affb3c41ab402e86f99747be972a2) Importer(2089858483,b0f066a214c2f5e87bad3c948f4d605d)
Start importing Packages/com.unity.collab-proxy/Editor/PlasticSCM/Views/PendingChanges/PendingChangesTreeHeaderState.cs using Guid(e57affb3c41ab402e86f99747be972a2) Importer(2089858483,b0f066a214c2f5e87bad3c948f4d605d) (ScriptedImporter) -> (artifact id: 'f455f2274aff6c222e3f2874cf5c0a54') in 0.0204851 seconds
Number of updated asset objects reloaded before import = 0Number of asset objects unloaded after import = 0

========================================================================
Received Import Request.
  Time since last request: 0.000081 seconds.
  path: Packages/com.unity.collab-proxy/Editor/PlasticSCM/Views/History/HistoryTab.cs
  artifactKey: Guid(3a49359b59c12b74386ca6816923ec2c) Importer(2089858483,b0f066a214c2f5e87bad3c948f4d605d)
Start importing Packages/com.unity.collab-proxy/Editor/PlasticSCM/Views/History/HistoryTab.cs using Guid(3a49359b59c12b74386ca6816923ec2c) Importer(2089858483,b0f066a214c2f5e87bad3c948f4d605d) (ScriptedImporter) -> (artifact id: '3a029255153613e5f3b0b1d639a16485') in 0.025087 seconds
Number of updated asset objects reloaded before import = 0Number of asset objects unloaded after import = 0

========================================================================
Received Import Request.
  Time since last request: 0.000052 seconds.
  path: Packages/com.unity.collab-proxy/Editor/PlasticSCM/Views/History/SaveAction.cs
  artifactKey: Guid(025a530ab434a7e40ad318955f571e50) Importer(2089858483,b0f066a214c2f5e87bad3c948f4d605d)
Start importing Packages/com.unity.collab-proxy/Editor/PlasticSCM/Views/History/SaveAction.cs using Guid(025a530ab434a7e40ad318955f571e50) Importer(2089858483,b0f066a214c2f5e87bad3c948f4d605d) (ScriptedImporter) -> (artifact id: 'c59313aab6412cd0f5bacbc5698b8434') in 0.0244543 seconds
Number of updated asset objects reloaded before import = 0Number of asset objects unloaded after import = 0

========================================================================
Received Import Request.
  Time since last request: 0.000145 seconds.
  path: Packages/com.unity.collab-proxy/Lib/Editor/PlasticSCM/Localization/commontypes.es.txt
  artifactKey: Guid(22ec0cc549983824ea7cb3c168a102f1) Importer(2089858483,b0f066a214c2f5e87bad3c948f4d605d)
Start importing Packages/com.unity.collab-proxy/Lib/Editor/PlasticSCM/Localization/commontypes.es.txt using Guid(22ec0cc549983824ea7cb3c168a102f1) Importer(2089858483,b0f066a214c2f5e87bad3c948f4d605d) (ScriptedImporter) -> (artifact id: 'd82834c29d460eb3a261de6712ffe22c') in 0.0242776 seconds
Number of updated asset objects reloaded before import = 0Number of asset objects unloaded after import = 1

========================================================================
Received Import Request.
  Time since last request: 0.000090 seconds.
  path: Packages/com.unity.collab-proxy/Lib/Editor/PlasticSCM/Localization/common.es.txt
  artifactKey: Guid(0aaee8621c37edb4ea6c0dbeb193ba82) Importer(2089858483,b0f066a214c2f5e87bad3c948f4d605d)
Start importing Packages/com.unity.collab-proxy/Lib/Editor/PlasticSCM/Localization/common.es.txt using Guid(0aaee8621c37edb4ea6c0dbeb193ba82) Importer(2089858483,b0f066a214c2f5e87bad3c948f4d605d) (ScriptedImporter) -> (artifact id: 'f450872b7540176eb58eb3d71617c54d') in 0.0238096 seconds
Number of updated asset objects reloaded before import = 0Number of asset objects unloaded after import = 1

========================================================================
Received Import Request.
  Time since last request: 0.000199 seconds.
  path: Packages/com.unity.collab-proxy/Lib/Editor/PlasticSCM/Localization/differences.en.txt
  artifactKey: Guid(1348bb3988bd92a48b1af53682f29cea) Importer(2089858483,b0f066a214c2f5e87bad3c948f4d605d)
Start importing Packages/com.unity.collab-proxy/Lib/Editor/PlasticSCM/Localization/differences.en.txt using Guid(1348bb3988bd92a48b1af53682f29cea) Importer(2089858483,b0f066a214c2f5e87bad3c948f4d605d) (ScriptedImporter) -> (artifact id: '7b685cf15990638e5c928eee98b18aa2') in 0.0310404 seconds
Number of updated asset objects reloaded before import = 0Number of asset objects unloaded after import = 1

========================================================================
Received Import Request.
  Time since last request: 0.000061 seconds.
  path: Packages/com.unity.collab-proxy/Editor/PlasticSCM/Views/IncomingChanges/IIncomingChangesTab.cs
  artifactKey: Guid(7a04ed4805f84fd4a8ceee51915ba39a) Importer(2089858483,b0f066a214c2f5e87bad3c948f4d605d)
Start importing Packages/com.unity.collab-proxy/Editor/PlasticSCM/Views/IncomingChanges/IIncomingChangesTab.cs using Guid(7a04ed4805f84fd4a8ceee51915ba39a) Importer(2089858483,b0f066a214c2f5e87bad3c948f4d605d) (ScriptedImporter) -> (artifact id: 'fa26791261f66c2ea8b2f1f88377773f') in 0.0301547 seconds
Number of updated asset objects reloaded before import = 0Number of asset objects unloaded after import = 0

========================================================================
Received Import Request.
  Time since last request: 0.000101 seconds.
  path: Packages/com.unity.collab-proxy/Lib/Editor/PlasticSCM/Localization/commontypes.en.txt
  artifactKey: Guid(89853e25fa28afe468ff73bc935a78ec) Importer(2089858483,b0f066a214c2f5e87bad3c948f4d605d)
Start importing Packages/com.unity.collab-proxy/Lib/Editor/PlasticSCM/Localization/commontypes.en.txt using Guid(89853e25fa28afe468ff73bc935a78ec) Importer(2089858483,b0f066a214c2f5e87bad3c948f4d605d) (ScriptedImporter) -> (artifact id: 'a9b0c76872948c0ed7267dafe8e97db2') in 0.0185862 seconds
Number of updated asset objects reloaded before import = 0Number of asset objects unloaded after import = 1

========================================================================
Received Import Request.
  Time since last request: 0.000193 seconds.
  path: Packages/com.unity.collab-proxy/Editor/PlasticSCM/Views/History/HistoryListHeaderState.cs
  artifactKey: Guid(5b6e8a80709e2264eb383ef6b40e181f) Importer(2089858483,b0f066a214c2f5e87bad3c948f4d605d)
Start importing Packages/com.unity.collab-proxy/Editor/PlasticSCM/Views/History/HistoryListHeaderState.cs using Guid(5b6e8a80709e2264eb383ef6b40e181f) Importer(2089858483,b0f066a214c2f5e87bad3c948f4d605d) (ScriptedImporter) -> (artifact id: '632d1ecb30ef486b35255a7fb9535f34') in 0.0205767 seconds
Number of updated asset objects reloaded before import = 0Number of asset objects unloaded after import = 0

========================================================================
Received Import Request.
  Time since last request: 0.000163 seconds.
  path: Packages/com.unity.collab-proxy/Editor/PlasticSCM/UI/Message/DrawDialogIcon.cs
  artifactKey: Guid(fecc10e44f8b64a48a83531ef9c23df0) Importer(2089858483,b0f066a214c2f5e87bad3c948f4d605d)
Start importing Packages/com.unity.collab-proxy/Editor/PlasticSCM/UI/Message/DrawDialogIcon.cs using Guid(fecc10e44f8b64a48a83531ef9c23df0) Importer(2089858483,b0f066a214c2f5e87bad3c948f4d605d) (ScriptedImporter) -> (artifact id: '6d4d49def4ece300ff5ff8b31db5b02b') in 0.0193443 seconds
Number of updated asset objects reloaded before import = 0Number of asset objects unloaded after import = 0

========================================================================
Received Import Request.
  Time since last request: 0.000193 seconds.
  path: Packages/com.unity.collab-proxy/Lib/Editor/PlasticSCM/Localization/binmergetool.zh-Hans.txt
  artifactKey: Guid(622a1cc9631405142b604cf028b289ce) Importer(2089858483,b0f066a214c2f5e87bad3c948f4d605d)
Start importing Packages/com.unity.collab-proxy/Lib/Editor/PlasticSCM/Localization/binmergetool.zh-Hans.txt using Guid(622a1cc9631405142b604cf028b289ce) Importer(2089858483,b0f066a214c2f5e87bad3c948f4d605d) (ScriptedImporter) -> (artifact id: '8408934e47c1c384607a666fd0ca83cb') in 0.0191422 seconds
Number of updated asset objects reloaded before import = 0Number of asset objects unloaded after import = 1

========================================================================
Received Import Request.
  Time since last request: 0.000106 seconds.
  path: Packages/com.unity.collab-proxy/Lib/Editor/PlasticSCM/Localization/clientcommon.en.txt
  artifactKey: Guid(bb01a6b47c3b7274c84f0f3618536387) Importer(2089858483,b0f066a214c2f5e87bad3c948f4d605d)
Start importing Packages/com.unity.collab-proxy/Lib/Editor/PlasticSCM/Localization/clientcommon.en.txt using Guid(bb01a6b47c3b7274c84f0f3618536387) Importer(2089858483,b0f066a214c2f5e87bad3c948f4d605d) (ScriptedImporter) -> (artifact id: '58ce0784b68a88e360b807645c1f7a41') in 0.0221563 seconds
Number of updated asset objects reloaded before import = 0Number of asset objects unloaded after import = 1

========================================================================
Received Import Request.
  Time since last request: 0.000106 seconds.
  path: Packages/com.unity.collab-proxy/Editor/PlasticSCM/Views/PendingChanges/ChangelistTreeViewItem.cs
  artifactKey: Guid(e1a6d107a6d177540bc36d82a9449128) Importer(2089858483,b0f066a214c2f5e87bad3c948f4d605d)
Start importing Packages/com.unity.collab-proxy/Editor/PlasticSCM/Views/PendingChanges/ChangelistTreeViewItem.cs using Guid(e1a6d107a6d177540bc36d82a9449128) Importer(2089858483,b0f066a214c2f5e87bad3c948f4d605d) (ScriptedImporter) -> (artifact id: '135b073a7673bf3a5b6d7f78a2dce0ca') in 0.0253943 seconds
Number of updated asset objects reloaded before import = 0Number of asset objects unloaded after import = 0

========================================================================
Received Import Request.
  Time since last request: 0.000142 seconds.
  path: Packages/com.unity.collab-proxy/Editor/PlasticSCM/Views/Diff/GetClientDiffInfos.cs
  artifactKey: Guid(5ab43506dddfc244ab5b44585140c5a6) Importer(2089858483,b0f066a214c2f5e87bad3c948f4d605d)
Start importing Packages/com.unity.collab-proxy/Editor/PlasticSCM/Views/Diff/GetClientDiffInfos.cs using Guid(5ab43506dddfc244ab5b44585140c5a6) Importer(2089858483,b0f066a214c2f5e87bad3c948f4d605d) (ScriptedImporter) -> (artifact id: 'fc756422242079cfe51cb6aef252710d') in 0.0268419 seconds
Number of updated asset objects reloaded before import = 0Number of asset objects unloaded after import = 0

========================================================================
Received Import Request.
  Time since last request: 0.000249 seconds.
  path: Packages/com.unity.collab-proxy/Editor/PlasticSCM/Views/PendingChanges/ChangeTreeViewItem.cs
  artifactKey: Guid(a9e847d045a7744b08c7a37912965cdc) Importer(2089858483,b0f066a214c2f5e87bad3c948f4d605d)
Start importing Packages/com.unity.collab-proxy/Editor/PlasticSCM/Views/PendingChanges/ChangeTreeViewItem.cs using Guid(a9e847d045a7744b08c7a37912965cdc) Importer(2089858483,b0f066a214c2f5e87bad3c948f4d605d) (ScriptedImporter) -> (artifact id: '7736ba2a3f2d0632d357c216bd38b843') in 0.0237275 seconds
Number of updated asset objects reloaded before import = 0Number of asset objects unloaded after import = 0

========================================================================
Received Import Request.
  Time since last request: 0.000186 seconds.
  path: Packages/com.unity.collab-proxy/Editor/PlasticSCM/UI/Progress/ProgressControlsForMigration.cs
  artifactKey: Guid(9cdff34864f9de54da0012a571b87f78) Importer(2089858483,b0f066a214c2f5e87bad3c948f4d605d)
Start importing Packages/com.unity.collab-proxy/Editor/PlasticSCM/UI/Progress/ProgressControlsForMigration.cs using Guid(9cdff34864f9de54da0012a571b87f78) Importer(2089858483,b0f066a214c2f5e87bad3c948f4d605d) (ScriptedImporter) -> (artifact id: '76c1b027c84d2547b49e088d8a0f42ee') in 0.024493 seconds
Number of updated asset objects reloaded before import = 0Number of asset objects unloaded after import = 0

========================================================================
Received Import Request.
  Time since last request: 0.000114 seconds.
  path: Packages/com.unity.collab-proxy/Editor/PlasticSCM/UI/UIElements/UIElementsExtensions.cs
  artifactKey: Guid(daa34ff7d97bebd41866fd45e507c80e) Importer(2089858483,b0f066a214c2f5e87bad3c948f4d605d)
Start importing Packages/com.unity.collab-proxy/Editor/PlasticSCM/UI/UIElements/UIElementsExtensions.cs using Guid(daa34ff7d97bebd41866fd45e507c80e) Importer(2089858483,b0f066a214c2f5e87bad3c948f4d605d) (ScriptedImporter) -> (artifact id: '9ed87df50bb8ca2962e01713817d9b44') in 0.0244422 seconds
Number of updated asset objects reloaded before import = 0Number of asset objects unloaded after import = 0

========================================================================
Received Import Request.
  Time since last request: 0.000203 seconds.
  path: Packages/com.unity.collab-proxy/Editor/PlasticSCM/Views/Diff/DiffPanel.cs
  artifactKey: Guid(0ee79162e06c6984a97600b7c0680611) Importer(2089858483,b0f066a214c2f5e87bad3c948f4d605d)
Start importing Packages/com.unity.collab-proxy/Editor/PlasticSCM/Views/Diff/DiffPanel.cs using Guid(0ee79162e06c6984a97600b7c0680611) Importer(2089858483,b0f066a214c2f5e87bad3c948f4d605d) (ScriptedImporter) -> (artifact id: '2aeef7d687e21a87ede0a305fcf41aa3') in 0.021477 seconds
Number of updated asset objects reloaded before import = 0Number of asset objects unloaded after import = 0

========================================================================
Received Import Request.
  Time since last request: 0.000159 seconds.
  path: Packages/com.unity.collab-proxy/Editor/PlasticSCM/Views/Changesets/ChangesetsSelection.cs
  artifactKey: Guid(20341761c2011b441b2a3af227beeb71) Importer(2089858483,b0f066a214c2f5e87bad3c948f4d605d)
Start importing Packages/com.unity.collab-proxy/Editor/PlasticSCM/Views/Changesets/ChangesetsSelection.cs using Guid(20341761c2011b441b2a3af227beeb71) Importer(2089858483,b0f066a214c2f5e87bad3c948f4d605d) (ScriptedImporter) -> (artifact id: '976582527144e1cdf46931a7b972a4a8') in 0.0263422 seconds
Number of updated asset objects reloaded before import = 0Number of asset objects unloaded after import = 0

========================================================================
Received Import Request.
  Time since last request: 0.000213 seconds.
  path: Packages/com.unity.collab-proxy/Editor/PlasticSCM/Views/Changesets/ChangesetsListView.cs
  artifactKey: Guid(59e682a8b37338a46910fa9a939425e3) Importer(2089858483,b0f066a214c2f5e87bad3c948f4d605d)
Start importing Packages/com.unity.collab-proxy/Editor/PlasticSCM/Views/Changesets/ChangesetsListView.cs using Guid(59e682a8b37338a46910fa9a939425e3) Importer(2089858483,b0f066a214c2f5e87bad3c948f4d605d) (ScriptedImporter) -> (artifact id: 'c03a6dd130a93a1d02c2c20923fc071e') in 0.0204828 seconds
Number of updated asset objects reloaded before import = 0Number of asset objects unloaded after import = 0

========================================================================
Received Import Request.
  Time since last request: 0.000157 seconds.
  path: Packages/com.unity.collab-proxy/Editor/PlasticSCM/Views/CreateWorkspace/PerformInitialCheckin.cs
  artifactKey: Guid(29e0becc4ce852c439ff3e642f0375bd) Importer(2089858483,b0f066a214c2f5e87bad3c948f4d605d)
Start importing Packages/com.unity.collab-proxy/Editor/PlasticSCM/Views/CreateWorkspace/PerformInitialCheckin.cs using Guid(29e0becc4ce852c439ff3e642f0375bd) Importer(2089858483,b0f066a214c2f5e87bad3c948f4d605d) (ScriptedImporter) -> (artifact id: 'b0000e983241adb76516adabb0270c57') in 0.0223914 seconds
Number of updated asset objects reloaded before import = 0Number of asset objects unloaded after import = 0

========================================================================
Received Import Request.
  Time since last request: 0.000143 seconds.
  path: Packages/com.unity.collab-proxy/Lib/Editor/PlasticSCM/Localization/common.en.txt
  artifactKey: Guid(92d2f312d06411a4294225065b50225d) Importer(2089858483,b0f066a214c2f5e87bad3c948f4d605d)
Start importing Packages/com.unity.collab-proxy/Lib/Editor/PlasticSCM/Localization/common.en.txt using Guid(92d2f312d06411a4294225065b50225d) Importer(2089858483,b0f066a214c2f5e87bad3c948f4d605d) (ScriptedImporter) -> (artifact id: 'ba25fe6e0b4bc1f8ecb3c0cda1289c30') in 0.0213247 seconds
Number of updated asset objects reloaded before import = 0Number of asset objects unloaded after import = 1

========================================================================
Received Import Request.
  Time since last request: 1.829983 seconds.
  path: Packages/com.unity.collab-proxy/Lib/Editor/PlasticSCM/Localization/i3.ja.txt
  artifactKey: Guid(7f57f825166bc3742b342345e47a0ac0) Importer(2089858483,b0f066a214c2f5e87bad3c948f4d605d)
Start importing Packages/com.unity.collab-proxy/Lib/Editor/PlasticSCM/Localization/i3.ja.txt using Guid(7f57f825166bc3742b342345e47a0ac0) Importer(2089858483,b0f066a214c2f5e87bad3c948f4d605d) (ScriptedImporter) -> (artifact id: '943f17ce5812c268afb1d57371f7e4c5') in 0.0221286 seconds
Number of updated asset objects reloaded before import = 0Number of asset objects unloaded after import = 1

========================================================================
Received Import Request.
  Time since last request: 0.000046 seconds.
  path: Packages/com.unity.collab-proxy/Editor/PlasticSCM/Views/IncomingChanges/Gluon/ChangeTreeViewItem.cs
  artifactKey: Guid(d491adc3134c2ac4d9e3c61ed42a7ccd) Importer(2089858483,b0f066a214c2f5e87bad3c948f4d605d)
Start importing Packages/com.unity.collab-proxy/Editor/PlasticSCM/Views/IncomingChanges/Gluon/ChangeTreeViewItem.cs using Guid(d491adc3134c2ac4d9e3c61ed42a7ccd) Importer(2089858483,b0f066a214c2f5e87bad3c948f4d605d) (ScriptedImporter) -> (artifact id: 'b0e5315f97bbf0174679fa1a99eaba99') in 0.025647 seconds
Number of updated asset objects reloaded before import = 0Number of asset objects unloaded after import = 0

========================================================================
Received Import Request.
  Time since last request: 0.000237 seconds.
  path: Packages/com.unity.test-framework/UnityEngine.TestRunner/NUnitExtensions/TestResultExtensions.cs
  artifactKey: Guid(65fb6da362a78334ab360a125cfafdaf) Importer(2089858483,b0f066a214c2f5e87bad3c948f4d605d)
Start importing Packages/com.unity.test-framework/UnityEngine.TestRunner/NUnitExtensions/TestResultExtensions.cs using Guid(65fb6da362a78334ab360a125cfafdaf) Importer(2089858483,b0f066a214c2f5e87bad3c948f4d605d) (ScriptedImporter) -> (artifact id: '2412dcc997fc557a8a2c050e9108fd34') in 0.0303214 seconds
Number of updated asset objects reloaded before import = 0Number of asset objects unloaded after import = 0

========================================================================
Received Import Request.
  Time since last request: 0.000097 seconds.
  path: Packages/com.unity.collab-proxy/Lib/Editor/PlasticSCM/Localization/plastic-gui.ko.txt
  artifactKey: Guid(09a5843f59cc60f43ad9f41b70ef1fb7) Importer(2089858483,b0f066a214c2f5e87bad3c948f4d605d)
Start importing Packages/com.unity.collab-proxy/Lib/Editor/PlasticSCM/Localization/plastic-gui.ko.txt using Guid(09a5843f59cc60f43ad9f41b70ef1fb7) Importer(2089858483,b0f066a214c2f5e87bad3c948f4d605d) (ScriptedImporter) -> (artifact id: 'eb36f8edbdd4445cec1d3f9f94d247d2') in 0.0270294 seconds
Number of updated asset objects reloaded before import = 0Number of asset objects unloaded after import = 1

========================================================================
Received Import Request.
  Time since last request: 0.000164 seconds.
  path: Packages/com.unity.test-framework/UnityEngine.TestRunner/Assertions/ConstraintsExtensions.cs
  artifactKey: Guid(68a48d1900320ed458e118415857faf6) Importer(2089858483,b0f066a214c2f5e87bad3c948f4d605d)
Start importing Packages/com.unity.test-framework/UnityEngine.TestRunner/Assertions/ConstraintsExtensions.cs using Guid(68a48d1900320ed458e118415857faf6) Importer(2089858483,b0f066a214c2f5e87bad3c948f4d605d) (ScriptedImporter) -> (artifact id: '210f2f15aa3f21a494342207d4fa080c') in 0.0262058 seconds
Number of updated asset objects reloaded before import = 0Number of asset objects unloaded after import = 0

========================================================================
Received Import Request.
  Time since last request: 0.000083 seconds.
  path: Packages/com.unity.test-framework/UnityEditor.TestRunner/TestRunnerWindowSettings.cs
  artifactKey: Guid(2b301b727225f1941974d69e61a55620) Importer(2089858483,b0f066a214c2f5e87bad3c948f4d605d)
Start importing Packages/com.unity.test-framework/UnityEditor.TestRunner/TestRunnerWindowSettings.cs using Guid(2b301b727225f1941974d69e61a55620) Importer(2089858483,b0f066a214c2f5e87bad3c948f4d605d) (ScriptedImporter) -> (artifact id: 'c31c9920de1dd3f137c2de6eab622968') in 0.0249012 seconds
Number of updated asset objects reloaded before import = 0Number of asset objects unloaded after import = 0

========================================================================
Received Import Request.
  Time since last request: 0.000329 seconds.
  path: Packages/com.unity.test-framework/UnityEngine.TestRunner/NUnitExtensions/ActionDelegator.cs
  artifactKey: Guid(4f939b9e23a0946439b812551e07ac81) Importer(2089858483,b0f066a214c2f5e87bad3c948f4d605d)
Start importing Packages/com.unity.test-framework/UnityEngine.TestRunner/NUnitExtensions/ActionDelegator.cs using Guid(4f939b9e23a0946439b812551e07ac81) Importer(2089858483,b0f066a214c2f5e87bad3c948f4d605d) (ScriptedImporter) -> (artifact id: 'bc0f732291f9b75a5935625a5a2c2505') in 0.0264186 seconds
Number of updated asset objects reloaded before import = 0Number of asset objects unloaded after import = 0

========================================================================
Received Import Request.
  Time since last request: 0.000166 seconds.
  path: Packages/com.unity.test-framework/UnityEngine.TestRunner/NUnitExtensions/OrderedTestSuiteModifier.cs
  artifactKey: Guid(6a3af79041a1431ab3a2a9395a7ed2ae) Importer(2089858483,b0f066a214c2f5e87bad3c948f4d605d)
Start importing Packages/com.unity.test-framework/UnityEngine.TestRunner/NUnitExtensions/OrderedTestSuiteModifier.cs using Guid(6a3af79041a1431ab3a2a9395a7ed2ae) Importer(2089858483,b0f066a214c2f5e87bad3c948f4d605d) (ScriptedImporter) -> (artifact id: 'f0d1b39a57f1fb14a67dcf7a31a5e95e') in 0.0312121 seconds
Number of updated asset objects reloaded before import = 0Number of asset objects unloaded after import = 0

========================================================================
Received Import Request.
  Time since last request: 0.000320 seconds.
  path: Packages/com.unity.test-framework/UnityEditor.TestRunner/CommandLineTest/LogWriter.cs
  artifactKey: Guid(05778dd1de4433d418793b6f3d3c18cf) Importer(2089858483,b0f066a214c2f5e87bad3c948f4d605d)
Start importing Packages/com.unity.test-framework/UnityEditor.TestRunner/CommandLineTest/LogWriter.cs using Guid(05778dd1de4433d418793b6f3d3c18cf) Importer(2089858483,b0f066a214c2f5e87bad3c948f4d605d) (ScriptedImporter) -> (artifact id: '5c820146c1f84c5d32598c18ae0c7bd1') in 0.0274464 seconds
Number of updated asset objects reloaded before import = 0Number of asset objects unloaded after import = 0

========================================================================
Received Import Request.
  Time since last request: 0.000170 seconds.
  path: Packages/com.unity.test-framework/UnityEditor.TestRunner/Api/ITestResultAdaptor.cs
  artifactKey: Guid(4f90cfe4bf5cfb44f84a5b11387f2a42) Importer(2089858483,b0f066a214c2f5e87bad3c948f4d605d)
Start importing Packages/com.unity.test-framework/UnityEditor.TestRunner/Api/ITestResultAdaptor.cs using Guid(4f90cfe4bf5cfb44f84a5b11387f2a42) Importer(2089858483,b0f066a214c2f5e87bad3c948f4d605d) (ScriptedImporter) -> (artifact id: '31d5632be8d8bc86fd411e9397900da2') in 0.0276343 seconds
Number of updated asset objects reloaded before import = 0Number of asset objects unloaded after import = 0

========================================================================
Received Import Request.
  Time since last request: 0.000211 seconds.
  path: Packages/com.unity.test-framework/UnityEditor.TestRunner/GUI/AssetsDatabaseHelper.cs
  artifactKey: Guid(740b3785866edda4b8d1e1a05570a5f8) Importer(2089858483,b0f066a214c2f5e87bad3c948f4d605d)
Start importing Packages/com.unity.test-framework/UnityEditor.TestRunner/GUI/AssetsDatabaseHelper.cs using Guid(740b3785866edda4b8d1e1a05570a5f8) Importer(2089858483,b0f066a214c2f5e87bad3c948f4d605d) (ScriptedImporter) -> (artifact id: '42a301fa59937810aa71c88973414584') in 0.0241431 seconds
Number of updated asset objects reloaded before import = 0Number of asset objects unloaded after import = 0

========================================================================
Received Import Request.
  Time since last request: 0.000398 seconds.
  path: Packages/com.unity.test-framework/UnityEditor.TestRunner/CommandLineTest/TestStarter.cs
  artifactKey: Guid(4d616d1a494edd144b262cf6cd5e5fda) Importer(2089858483,b0f066a214c2f5e87bad3c948f4d605d)
Start importing Packages/com.unity.test-framework/UnityEditor.TestRunner/CommandLineTest/TestStarter.cs using Guid(4d616d1a494edd144b262cf6cd5e5fda) Importer(2089858483,b0f066a214c2f5e87bad3c948f4d605d) (ScriptedImporter) -> (artifact id: 'cb192fb615590717e58646698e15e4ae') in 0.0300938 seconds
Number of updated asset objects reloaded before import = 0Number of asset objects unloaded after import = 0

========================================================================
Received Import Request.
  Time since last request: 0.000333 seconds.
  path: Packages/com.unity.test-framework/LICENSE.md
  artifactKey: Guid(3ec7596410385054a9e0bc90377fbe63) Importer(2089858483,b0f066a214c2f5e87bad3c948f4d605d)
Start importing Packages/com.unity.test-framework/LICENSE.md using Guid(3ec7596410385054a9e0bc90377fbe63) Importer(2089858483,b0f066a214c2f5e87bad3c948f4d605d) (ScriptedImporter) -> (artifact id: 'ab0ec849c1bab382cb2d7011aa0f017f') in 0.0238536 seconds
Number of updated asset objects reloaded before import = 0Number of asset objects unloaded after import = 1

========================================================================
Received Import Request.
  Time since last request: 0.000077 seconds.
  path: Packages/com.unity.test-framework/UnityEditor.TestRunner/GUI/GuiHelper.cs
  artifactKey: Guid(d0138170d24533e47b8e6c250c6d7fbc) Importer(2089858483,b0f066a214c2f5e87bad3c948f4d605d)
Start importing Packages/com.unity.test-framework/UnityEditor.TestRunner/GUI/GuiHelper.cs using Guid(d0138170d24533e47b8e6c250c6d7fbc) Importer(2089858483,b0f066a214c2f5e87bad3c948f4d605d) (ScriptedImporter) -> (artifact id: 'acebbc6fad30c8146ed18a45d0a41967') in 0.0293881 seconds
Number of updated asset objects reloaded before import = 0Number of asset objects unloaded after import = 0

========================================================================
Received Import Request.
  Time since last request: 0.000144 seconds.
  path: Packages/com.unity.collab-proxy/Lib/Editor/PlasticSCM/Localization/xdiff.en.txt
  artifactKey: Guid(e0e5b4f7d1ed89647bc0b6cb66a0b163) Importer(2089858483,b0f066a214c2f5e87bad3c948f4d605d)
Start importing Packages/com.unity.collab-proxy/Lib/Editor/PlasticSCM/Localization/xdiff.en.txt using Guid(e0e5b4f7d1ed89647bc0b6cb66a0b163) Importer(2089858483,b0f066a214c2f5e87bad3c948f4d605d) (ScriptedImporter) -> (artifact id: 'ab4ac6a4c909dc4539ae4bbc496af32d') in 0.0293386 seconds
Number of updated asset objects reloaded before import = 0Number of asset objects unloaded after import = 1

========================================================================
Received Import Request.
  Time since last request: 0.000073 seconds.
  path: Packages/com.unity.collab-proxy/Lib/Editor/PlasticSCM/Localization/plastic-gui.zh-Hant.txt
  artifactKey: Guid(50f6a9e6f69802043bea6f2a094bcbc4) Importer(2089858483,b0f066a214c2f5e87bad3c948f4d605d)
Start importing Packages/com.unity.collab-proxy/Lib/Editor/PlasticSCM/Localization/plastic-gui.zh-Hant.txt using Guid(50f6a9e6f69802043bea6f2a094bcbc4) Importer(2089858483,b0f066a214c2f5e87bad3c948f4d605d) (ScriptedImporter) -> (artifact id: '827fa4f1909f019186cb82f42d067698') in 0.0350209 seconds
Number of updated asset objects reloaded before import = 0Number of asset objects unloaded after import = 1

========================================================================
Received Import Request.
  Time since last request: 0.000111 seconds.
  path: Packages/com.unity.test-framework/UnityEditor.TestRunner/CommandLineTest/ExecutionSettings.cs
  artifactKey: Guid(c3a75354f6ceac94ca15ca9d96593290) Importer(2089858483,b0f066a214c2f5e87bad3c948f4d605d)
Start importing Packages/com.unity.test-framework/UnityEditor.TestRunner/CommandLineTest/ExecutionSettings.cs using Guid(c3a75354f6ceac94ca15ca9d96593290) Importer(2089858483,b0f066a214c2f5e87bad3c948f4d605d) (ScriptedImporter) -> (artifact id: '990d08e80f36d8a5391c0bec7a86b629') in 0.027619 seconds
Number of updated asset objects reloaded before import = 0Number of asset objects unloaded after import = 0

========================================================================
Received Import Request.
  Time since last request: 0.000113 seconds.
  path: Packages/com.unity.test-framework/UnityEditor.TestRunner/TestLaunchers/RemotePlayerTestController.cs
  artifactKey: Guid(7d36034e63ad8254b9b2f55280fcc040) Importer(2089858483,b0f066a214c2f5e87bad3c948f4d605d)
Start importing Packages/com.unity.test-framework/UnityEditor.TestRunner/TestLaunchers/RemotePlayerTestController.cs using Guid(7d36034e63ad8254b9b2f55280fcc040) Importer(2089858483,b0f066a214c2f5e87bad3c948f4d605d) (ScriptedImporter) -> (artifact id: 'ec395d15c43374096e85730f0460a82d') in 0.0258499 seconds
Number of updated asset objects reloaded before import = 0Number of asset objects unloaded after import = 0

========================================================================
Received Import Request.
  Time since last request: 0.000183 seconds.
  path: Packages/com.unity.test-framework/UnityEditor.TestRunner/Api/ITestAdaptorFactory.cs
  artifactKey: Guid(803abab0f7e17044db56f8760186dbd1) Importer(2089858483,b0f066a214c2f5e87bad3c948f4d605d)
Start importing Packages/com.unity.test-framework/UnityEditor.TestRunner/Api/ITestAdaptorFactory.cs using Guid(803abab0f7e17044db56f8760186dbd1) Importer(2089858483,b0f066a214c2f5e87bad3c948f4d605d) (ScriptedImporter) -> (artifact id: '3de3154029947c990ebcda3a11436372') in 0.0237377 seconds
Number of updated asset objects reloaded before import = 0Number of asset objects unloaded after import = 0

========================================================================
Received Import Request.
  Time since last request: 0.000197 seconds.
  path: Packages/com.unity.collab-proxy/Editor/PlasticSCM/Configuration/CloudEdition/Welcome/OrganizationPanel.cs
  artifactKey: Guid(615ff93ab52eb8242a9194d4f711676f) Importer(2089858483,b0f066a214c2f5e87bad3c948f4d605d)
Start importing Packages/com.unity.collab-proxy/Editor/PlasticSCM/Configuration/CloudEdition/Welcome/OrganizationPanel.cs using Guid(615ff93ab52eb8242a9194d4f711676f) Importer(2089858483,b0f066a214c2f5e87bad3c948f4d605d) (ScriptedImporter) -> (artifact id: '66968a9fd79d278043dcc61cebe6eb9a') in 0.0254605 seconds
Number of updated asset objects reloaded before import = 0Number of asset objects unloaded after import = 0

========================================================================
Received Import Request.
  Time since last request: 0.000334 seconds.
  path: Packages/com.unity.collab-proxy/Editor/PlasticSCM/Views/IncomingChanges/Gluon/Errors/ErrorListViewItem.cs
  artifactKey: Guid(71c34e5fa319ca644b6806e573c33d88) Importer(2089858483,b0f066a214c2f5e87bad3c948f4d605d)
Start importing Packages/com.unity.collab-proxy/Editor/PlasticSCM/Views/IncomingChanges/Gluon/Errors/ErrorListViewItem.cs using Guid(71c34e5fa319ca644b6806e573c33d88) Importer(2089858483,b0f066a214c2f5e87bad3c948f4d605d) (ScriptedImporter) -> (artifact id: 'bb369a3527e24b62012e20b3bd3702e6') in 0.0305173 seconds
Number of updated asset objects reloaded before import = 0Number of asset objects unloaded after import = 0

========================================================================
Received Import Request.
  Time since last request: 0.000217 seconds.
  path: Packages/com.unity.collab-proxy/Lib/Editor/PlasticSCM/Localization/semantic.zh-Hans.txt
  artifactKey: Guid(a8791c9b031e9e243a85c9fda37ab2cd) Importer(2089858483,b0f066a214c2f5e87bad3c948f4d605d)
Start importing Packages/com.unity.collab-proxy/Lib/Editor/PlasticSCM/Localization/semantic.zh-Hans.txt using Guid(a8791c9b031e9e243a85c9fda37ab2cd) Importer(2089858483,b0f066a214c2f5e87bad3c948f4d605d) (ScriptedImporter) -> (artifact id: '6993cba2a69e6e27ad0ae8b13376458a') in 0.0230698 seconds
Number of updated asset objects reloaded before import = 0Number of asset objects unloaded after import = 1

========================================================================
Received Import Request.
  Time since last request: 0.000137 seconds.
  path: Packages/com.unity.collab-proxy/Editor/PlasticSCM/Views/IncomingChanges/Developer/IncomingChangesTab.cs
  artifactKey: Guid(4f04b21b06239da4f95a5a9753647440) Importer(2089858483,b0f066a214c2f5e87bad3c948f4d605d)
Start importing Packages/com.unity.collab-proxy/Editor/PlasticSCM/Views/IncomingChanges/Developer/IncomingChangesTab.cs using Guid(4f04b21b06239da4f95a5a9753647440) Importer(2089858483,b0f066a214c2f5e87bad3c948f4d605d) (ScriptedImporter) -> (artifact id: '01423dd0574c57fa1c58bb72c20f485c') in 0.0254573 seconds
Number of updated asset objects reloaded before import = 0Number of asset objects unloaded after import = 0

========================================================================
Received Import Request.
  Time since last request: 0.000291 seconds.
  path: Packages/com.unity.collab-proxy/Editor/PlasticSCM/Assets/Layouts/PlasticWindow/StatusBar.uxml
  artifactKey: Guid(872252c6da7ba3c4ba34ad38b39b4f4c) Importer(2089858483,b0f066a214c2f5e87bad3c948f4d605d)
Start importing Packages/com.unity.collab-proxy/Editor/PlasticSCM/Assets/Layouts/PlasticWindow/StatusBar.uxml using Guid(872252c6da7ba3c4ba34ad38b39b4f4c) Importer(2089858483,b0f066a214c2f5e87bad3c948f4d605d) (ScriptedImporter) -> (artifact id: '27a2fa85b9aa05b51f7db26d31750e59') in 0.0380088 seconds
Number of updated asset objects reloaded before import = 0Number of asset objects unloaded after import = 2

========================================================================
Received Import Request.
  Time since last request: 0.000067 seconds.
  path: Packages/com.unity.collab-proxy/Lib/Editor/PlasticSCM/Localization/images.zh-Hant.txt
  artifactKey: Guid(db6eb091843f47c47a9cd346cf5c1361) Importer(2089858483,b0f066a214c2f5e87bad3c948f4d605d)
Start importing Packages/com.unity.collab-proxy/Lib/Editor/PlasticSCM/Localization/images.zh-Hant.txt using Guid(db6eb091843f47c47a9cd346cf5c1361) Importer(2089858483,b0f066a214c2f5e87bad3c948f4d605d) (ScriptedImporter) -> (artifact id: '124aed6ed67882537acb384692236f40') in 0.0213444 seconds
Number of updated asset objects reloaded before import = 0Number of asset objects unloaded after import = 1

========================================================================
Received Import Request.
  Time since last request: 0.000134 seconds.
  path: Packages/com.unity.collab-proxy/Editor/PlasticSCM/Views/IncomingChanges/Developer/IsCurrent.cs
  artifactKey: Guid(5013a6f8fee1f2a49b06f75fc5a6ece4) Importer(2089858483,b0f066a214c2f5e87bad3c948f4d605d)
Start importing Packages/com.unity.collab-proxy/Editor/PlasticSCM/Views/IncomingChanges/Developer/IsCurrent.cs using Guid(5013a6f8fee1f2a49b06f75fc5a6ece4) Importer(2089858483,b0f066a214c2f5e87bad3c948f4d605d) (ScriptedImporter) -> (artifact id: '6e4ab02ffe711baca0161a5e844a6fb9') in 0.0254839 seconds
Number of updated asset objects reloaded before import = 0Number of asset objects unloaded after import = 0

========================================================================
Received Import Request.
  Time since last request: 0.000294 seconds.
  path: Packages/com.unity.collab-proxy/Editor/PlasticSCM/Views/PendingChanges/PendingMergeLinks/MergeLinkListViewItem.cs
  artifactKey: Guid(fb7decaf4f8be254dafddd860f82f560) Importer(2089858483,b0f066a214c2f5e87bad3c948f4d605d)
Start importing Packages/com.unity.collab-proxy/Editor/PlasticSCM/Views/PendingChanges/PendingMergeLinks/MergeLinkListViewItem.cs using Guid(fb7decaf4f8be254dafddd860f82f560) Importer(2089858483,b0f066a214c2f5e87bad3c948f4d605d) (ScriptedImporter) -> (artifact id: '2abf91843b885831fb351d6046619468') in 0.0209662 seconds
Number of updated asset objects reloaded before import = 0Number of asset objects unloaded after import = 0

========================================================================
Received Import Request.
  Time since last request: 0.000159 seconds.
  path: Packages/com.unity.test-framework/UnityEditor.TestRunner/Api/TestRunnerApi.cs
  artifactKey: Guid(68993ba529ae04440916cb7c23bf3279) Importer(2089858483,b0f066a214c2f5e87bad3c948f4d605d)
Start importing Packages/com.unity.test-framework/UnityEditor.TestRunner/Api/TestRunnerApi.cs using Guid(68993ba529ae04440916cb7c23bf3279) Importer(2089858483,b0f066a214c2f5e87bad3c948f4d605d) (ScriptedImporter) -> (artifact id: '46c524be8380677723d77bd7fb5c3244') in 0.0242604 seconds
Number of updated asset objects reloaded before import = 0Number of asset objects unloaded after import = 0

========================================================================
Received Import Request.
  Time since last request: 0.000157 seconds.
  path: Packages/com.unity.collab-proxy/Editor/PlasticSCM/Configuration/CloudEdition/Welcome/SignInWithEmailPanel.cs
  artifactKey: Guid(85f4628ae66f0eb439e59db66adbc696) Importer(2089858483,b0f066a214c2f5e87bad3c948f4d605d)
Start importing Packages/com.unity.collab-proxy/Editor/PlasticSCM/Configuration/CloudEdition/Welcome/SignInWithEmailPanel.cs using Guid(85f4628ae66f0eb439e59db66adbc696) Importer(2089858483,b0f066a214c2f5e87bad3c948f4d605d) (ScriptedImporter) -> (artifact id: '765b16c817eb401e8093a92782f97697') in 0.0218037 seconds
Number of updated asset objects reloaded before import = 0Number of asset objects unloaded after import = 0

========================================================================
Received Import Request.
  Time since last request: 0.000139 seconds.
  path: Packages/com.unity.test-framework/UnityEditor.TestRunner/TestLaunchers/PlayerLauncherContextSettings.cs
  artifactKey: Guid(6965880f76f40194593cb53a88f74005) Importer(2089858483,b0f066a214c2f5e87bad3c948f4d605d)
Start importing Packages/com.unity.test-framework/UnityEditor.TestRunner/TestLaunchers/PlayerLauncherContextSettings.cs using Guid(6965880f76f40194593cb53a88f74005) Importer(2089858483,b0f066a214c2f5e87bad3c948f4d605d) (ScriptedImporter) -> (artifact id: 'ceb3ebb6c2be0540df257acc87c08493') in 0.0206991 seconds
Number of updated asset objects reloaded before import = 0Number of asset objects unloaded after import = 0

========================================================================
Received Import Request.
  Time since last request: 0.000259 seconds.
  path: Packages/com.unity.collab-proxy/Lib/Editor/PlasticSCM/Localization/workspaceserver.zh-Hant.txt
  artifactKey: Guid(c05f59b03a224df40867d3d91cd83329) Importer(2089858483,b0f066a214c2f5e87bad3c948f4d605d)
Start importing Packages/com.unity.collab-proxy/Lib/Editor/PlasticSCM/Localization/workspaceserver.zh-Hant.txt using Guid(c05f59b03a224df40867d3d91cd83329) Importer(2089858483,b0f066a214c2f5e87bad3c948f4d605d) (ScriptedImporter) -> (artifact id: 'dbbb13a0c89f8585f5bab51f12c96b2c') in 0.0226041 seconds
Number of updated asset objects reloaded before import = 0Number of asset objects unloaded after import = 1

========================================================================
Received Import Request.
  Time since last request: 0.000117 seconds.
  path: Packages/com.unity.collab-proxy/Editor/PlasticSCM/Configuration/CloudEdition/Welcome/WaitingSignInPanel.cs
  artifactKey: Guid(077387e98bf29fb4a97bccfb592cfaf7) Importer(2089858483,b0f066a214c2f5e87bad3c948f4d605d)
Start importing Packages/com.unity.collab-proxy/Editor/PlasticSCM/Configuration/CloudEdition/Welcome/WaitingSignInPanel.cs using Guid(077387e98bf29fb4a97bccfb592cfaf7) Importer(2089858483,b0f066a214c2f5e87bad3c948f4d605d) (ScriptedImporter) -> (artifact id: '32622e80ee5021229ad25cbda791c4e8') in 0.0235806 seconds
Number of updated asset objects reloaded before import = 0Number of asset objects unloaded after import = 0

========================================================================
Received Import Request.
  Time since last request: 0.000316 seconds.
  path: Packages/com.unity.collab-proxy/Lib/Editor/PlasticSCM/Localization/plastic-gui.en.txt
  artifactKey: Guid(8e65d4fafc85d574facafb71c9c9395f) Importer(2089858483,b0f066a214c2f5e87bad3c948f4d605d)
Start importing Packages/com.unity.collab-proxy/Lib/Editor/PlasticSCM/Localization/plastic-gui.en.txt using Guid(8e65d4fafc85d574facafb71c9c9395f) Importer(2089858483,b0f066a214c2f5e87bad3c948f4d605d) (ScriptedImporter) -> (artifact id: '628c9da9998ac25373e41577aef9c149') in 0.0225824 seconds
Number of updated asset objects reloaded before import = 0Number of asset objects unloaded after import = 1

========================================================================
Received Import Request.
  Time since last request: 0.000117 seconds.
  path: Packages/com.unity.collab-proxy/Editor/PlasticSCM/Views/PendingChanges/Dialogs/FilterRulesConfirmationDialog.cs
  artifactKey: Guid(45d03e5c984da3448b417289e95e4291) Importer(2089858483,b0f066a214c2f5e87bad3c948f4d605d)
Start importing Packages/com.unity.collab-proxy/Editor/PlasticSCM/Views/PendingChanges/Dialogs/FilterRulesConfirmationDialog.cs using Guid(45d03e5c984da3448b417289e95e4291) Importer(2089858483,b0f066a214c2f5e87bad3c948f4d605d) (ScriptedImporter) -> (artifact id: '4ae08cc4eaaca0ba6a56c31afcb2c4e8') in 0.0245926 seconds
Number of updated asset objects reloaded before import = 0Number of asset objects unloaded after import = 0

========================================================================
Received Import Request.
  Time since last request: 0.000218 seconds.
  path: Packages/com.unity.collab-proxy/Editor/PlasticSCM/Configuration/CloudEdition/Welcome/SignInPanel.cs
  artifactKey: Guid(bba806fdb20eb5a4da6cc856323d6273) Importer(2089858483,b0f066a214c2f5e87bad3c948f4d605d)
Start importing Packages/com.unity.collab-proxy/Editor/PlasticSCM/Configuration/CloudEdition/Welcome/SignInPanel.cs using Guid(bba806fdb20eb5a4da6cc856323d6273) Importer(2089858483,b0f066a214c2f5e87bad3c948f4d605d) (ScriptedImporter) -> (artifact id: 'e3cf9909929c7607b745c63f472cfd69') in 0.0325479 seconds
Number of updated asset objects reloaded before import = 0Number of asset objects unloaded after import = 0

========================================================================
Received Import Request.
  Time since last request: 0.000135 seconds.
  path: Packages/com.unity.test-framework/UnityEditor.TestRunner/UnityEditor.TestRunner.asmdef
  artifactKey: Guid(0acc523941302664db1f4e527237feb3) Importer(2089858483,b0f066a214c2f5e87bad3c948f4d605d)
Start importing Packages/com.unity.test-framework/UnityEditor.TestRunner/UnityEditor.TestRunner.asmdef using Guid(0acc523941302664db1f4e527237feb3) Importer(2089858483,b0f066a214c2f5e87bad3c948f4d605d) (ScriptedImporter) -> (artifact id: '89c6d4e0212b131f6f88e8b391b1229a') in 0.025978 seconds
Number of updated asset objects reloaded before import = 0Number of asset objects unloaded after import = 1

========================================================================
Received Import Request.
  Time since last request: 0.000217 seconds.
  path: Packages/com.unity.test-framework/UnityEditor.TestRunner/UnityTestProtocol/IUtpMessageReporter.cs
  artifactKey: Guid(952b3dc7b47846947b37c8d3ae46579a) Importer(2089858483,b0f066a214c2f5e87bad3c948f4d605d)
Start importing Packages/com.unity.test-framework/UnityEditor.TestRunner/UnityTestProtocol/IUtpMessageReporter.cs using Guid(952b3dc7b47846947b37c8d3ae46579a) Importer(2089858483,b0f066a214c2f5e87bad3c948f4d605d) (ScriptedImporter) -> (artifact id: '00520cbbf7e8638eb054641dd4023136') in 0.0249639 seconds
Number of updated asset objects reloaded before import = 0Number of asset objects unloaded after import = 0

========================================================================
Received Import Request.
  Time since last request: 0.000046 seconds.
  path: Packages/com.unity.test-framework/UnityEngine.TestRunner/UnityEngine.TestRunner.asmdef
  artifactKey: Guid(27619889b8ba8c24980f49ee34dbb44a) Importer(2089858483,b0f066a214c2f5e87bad3c948f4d605d)
Start importing Packages/com.unity.test-framework/UnityEngine.TestRunner/UnityEngine.TestRunner.asmdef using Guid(27619889b8ba8c24980f49ee34dbb44a) Importer(2089858483,b0f066a214c2f5e87bad3c948f4d605d) (ScriptedImporter) -> (artifact id: '7e3255bc33a5ba141f9da87a5cf35d88') in 0.0301877 seconds
Number of updated asset objects reloaded before import = 0Number of asset objects unloaded after import = 1

========================================================================
Received Import Request.
  Time since last request: 0.000070 seconds.
  path: Packages/com.unity.test-framework/UnityEngine.TestRunner/TestRunner/TestTaskWrapper.cs
  artifactKey: Guid(5aec7938f118041779fb739b38477100) Importer(2089858483,b0f066a214c2f5e87bad3c948f4d605d)
Start importing Packages/com.unity.test-framework/UnityEngine.TestRunner/TestRunner/TestTaskWrapper.cs using Guid(5aec7938f118041779fb739b38477100) Importer(2089858483,b0f066a214c2f5e87bad3c948f4d605d) (ScriptedImporter) -> (artifact id: '6c50013680f4a23485ef75dc938f7edb') in 0.0317017 seconds
Number of updated asset objects reloaded before import = 0Number of asset objects unloaded after import = 0

========================================================================
Received Import Request.
  Time since last request: 0.000335 seconds.
  path: Packages/com.unity.collab-proxy/Editor/PlasticSCM/Configuration/CloudEdition/Welcome/CloudEditionWelcomeWindow.cs
  artifactKey: Guid(0ad54f9e1bb701142b116d0d1ed98437) Importer(2089858483,b0f066a214c2f5e87bad3c948f4d605d)
Start importing Packages/com.unity.collab-proxy/Editor/PlasticSCM/Configuration/CloudEdition/Welcome/CloudEditionWelcomeWindow.cs using Guid(0ad54f9e1bb701142b116d0d1ed98437) Importer(2089858483,b0f066a214c2f5e87bad3c948f4d605d) (ScriptedImporter) -> (artifact id: '4a6f7a888b395975341e356d2705b837') in 0.0215596 seconds
Number of updated asset objects reloaded before import = 0Number of asset objects unloaded after import = 0

========================================================================
Received Import Request.
  Time since last request: 0.000071 seconds.
  path: Packages/com.unity.collab-proxy/Lib/Editor/PlasticSCM/Localization/i3.ko.txt
  artifactKey: Guid(e3ffb08400f495f4aa1bdf2b3b5444c3) Importer(2089858483,b0f066a214c2f5e87bad3c948f4d605d)
Start importing Packages/com.unity.collab-proxy/Lib/Editor/PlasticSCM/Localization/i3.ko.txt using Guid(e3ffb08400f495f4aa1bdf2b3b5444c3) Importer(2089858483,b0f066a214c2f5e87bad3c948f4d605d) (ScriptedImporter) -> (artifact id: '0436861814274fb8bb7b4268702b69af') in 0.0230511 seconds
Number of updated asset objects reloaded before import = 0Number of asset objects unloaded after import = 1

========================================================================
Received Import Request.
  Time since last request: 0.000125 seconds.
  path: Packages/com.unity.test-framework/UnityEditor.TestRunner/Api/CallbacksDelegator.cs
  artifactKey: Guid(0de03ebd74e2b474fa23d05ab42d0cd8) Importer(2089858483,b0f066a214c2f5e87bad3c948f4d605d)
Start importing Packages/com.unity.test-framework/UnityEditor.TestRunner/Api/CallbacksDelegator.cs using Guid(0de03ebd74e2b474fa23d05ab42d0cd8) Importer(2089858483,b0f066a214c2f5e87bad3c948f4d605d) (ScriptedImporter) -> (artifact id: 'a7c2c60bd490cfef76f456122c0436d8') in 0.0209531 seconds
Number of updated asset objects reloaded before import = 0Number of asset objects unloaded after import = 0

========================================================================
Received Import Request.
  Time since last request: 0.000083 seconds.
  path: Packages/com.unity.test-framework/UnityEditor.TestRunner/CommandLineParser/CommandLineOption.cs
  artifactKey: Guid(a3529368f4cd0424a89aa51080a16b06) Importer(2089858483,b0f066a214c2f5e87bad3c948f4d605d)
Start importing Packages/com.unity.test-framework/UnityEditor.TestRunner/CommandLineParser/CommandLineOption.cs using Guid(a3529368f4cd0424a89aa51080a16b06) Importer(2089858483,b0f066a214c2f5e87bad3c948f4d605d) (ScriptedImporter) -> (artifact id: '14b689db52a5305c46a93d7dc98aff88') in 0.025874 seconds
Number of updated asset objects reloaded before import = 0Number of asset objects unloaded after import = 0

========================================================================
Received Import Request.
  Time since last request: 0.000155 seconds.
  path: Packages/com.unity.test-framework/UnityEngine.TestRunner/Assertions/AllocatingGCMemoryConstraint.cs
  artifactKey: Guid(d09858396dd7adb4bbdb22ea0c8c3a37) Importer(2089858483,b0f066a214c2f5e87bad3c948f4d605d)
Start importing Packages/com.unity.test-framework/UnityEngine.TestRunner/Assertions/AllocatingGCMemoryConstraint.cs using Guid(d09858396dd7adb4bbdb22ea0c8c3a37) Importer(2089858483,b0f066a214c2f5e87bad3c948f4d605d) (ScriptedImporter) -> (artifact id: '7587b7a35b45aa5acaa735485281e77d') in 0.0221793 seconds
Number of updated asset objects reloaded before import = 0Number of asset objects unloaded after import = 0

========================================================================
Received Import Request.
  Time since last request: 0.000135 seconds.
  path: Packages/com.unity.test-framework/UnityEditor.TestRunner/GUI/TestRunnerGUI.cs
  artifactKey: Guid(5a0dfda606a24736913c00edd76e55f6) Importer(2089858483,b0f066a214c2f5e87bad3c948f4d605d)
Start importing Packages/com.unity.test-framework/UnityEditor.TestRunner/GUI/TestRunnerGUI.cs using Guid(5a0dfda606a24736913c00edd76e55f6) Importer(2089858483,b0f066a214c2f5e87bad3c948f4d605d) (ScriptedImporter) -> (artifact id: '2c6690203d0c68eca97f069ea62d14e7') in 0.0304754 seconds
Number of updated asset objects reloaded before import = 0Number of asset objects unloaded after import = 0

========================================================================
Received Import Request.
  Time since last request: 0.000319 seconds.
  path: Packages/com.unity.test-framework/UnityEngine.TestRunner/TestRunner/PlaymodeTestsControllerSettings.cs
  artifactKey: Guid(2799eb4c84e72e54092a292cf626936b) Importer(2089858483,b0f066a214c2f5e87bad3c948f4d605d)
Start importing Packages/com.unity.test-framework/UnityEngine.TestRunner/TestRunner/PlaymodeTestsControllerSettings.cs using Guid(2799eb4c84e72e54092a292cf626936b) Importer(2089858483,b0f066a214c2f5e87bad3c948f4d605d) (ScriptedImporter) -> (artifact id: '34089573c44426e2d9dd5c6514f12826') in 0.029361 seconds
Number of updated asset objects reloaded before import = 0Number of asset objects unloaded after import = 0

========================================================================
Received Import Request.
  Time since last request: 0.000131 seconds.
  path: Packages/com.unity.test-framework/UnityEditor.TestRunner/TestLaunchers/EditModeLauncherContextSettings.cs
  artifactKey: Guid(a582090813554df479fb9ca03e9857d3) Importer(2089858483,b0f066a214c2f5e87bad3c948f4d605d)
Start importing Packages/com.unity.test-framework/UnityEditor.TestRunner/TestLaunchers/EditModeLauncherContextSettings.cs using Guid(a582090813554df479fb9ca03e9857d3) Importer(2089858483,b0f066a214c2f5e87bad3c948f4d605d) (ScriptedImporter) -> (artifact id: '1c961972d13da325c1ec65110cb5c2f7') in 0.0268765 seconds
Number of updated asset objects reloaded before import = 0Number of asset objects unloaded after import = 0

========================================================================
Received Import Request.
  Time since last request: 0.000054 seconds.
  path: Packages/com.unity.collab-proxy/Lib/Editor/PlasticSCM/Localization/xdiff.zh-Hant.txt
  artifactKey: Guid(a5b86b38843a5b447a7095b99212981f) Importer(2089858483,b0f066a214c2f5e87bad3c948f4d605d)
Start importing Packages/com.unity.collab-proxy/Lib/Editor/PlasticSCM/Localization/xdiff.zh-Hant.txt using Guid(a5b86b38843a5b447a7095b99212981f) Importer(2089858483,b0f066a214c2f5e87bad3c948f4d605d) (ScriptedImporter) -> (artifact id: 'aa274abc58cc26be58a42913a4d0ff2c') in 0.022539 seconds
Number of updated asset objects reloaded before import = 0Number of asset objects unloaded after import = 1

========================================================================
Received Import Request.
  Time since last request: 0.000182 seconds.
  path: Packages/com.unity.collab-proxy/Lib/Editor/PlasticSCM/Localization/semantic.ko.txt
  artifactKey: Guid(5e6ab4265e152cc49b15efa9512e10d3) Importer(2089858483,b0f066a214c2f5e87bad3c948f4d605d)
Start importing Packages/com.unity.collab-proxy/Lib/Editor/PlasticSCM/Localization/semantic.ko.txt using Guid(5e6ab4265e152cc49b15efa9512e10d3) Importer(2089858483,b0f066a214c2f5e87bad3c948f4d605d) (ScriptedImporter) -> (artifact id: 'cb847bc8fa77fe9b9413e2f6be25785d') in 0.0254572 seconds
Number of updated asset objects reloaded before import = 0Number of asset objects unloaded after import = 1

========================================================================
Received Import Request.
  Time since last request: 0.000294 seconds.
  path: Packages/com.unity.test-framework/UnityEngine.TestRunner/TestRunner/TestEnumeratorWrapper.cs
  artifactKey: Guid(9ad0b0c865b01af4ca1b414689e71259) Importer(2089858483,b0f066a214c2f5e87bad3c948f4d605d)
Start importing Packages/com.unity.test-framework/UnityEngine.TestRunner/TestRunner/TestEnumeratorWrapper.cs using Guid(9ad0b0c865b01af4ca1b414689e71259) Importer(2089858483,b0f066a214c2f5e87bad3c948f4d605d) (ScriptedImporter) -> (artifact id: '56109e70d4c0bd10a1277ba3ef0a4ad2') in 0.0222996 seconds
Number of updated asset objects reloaded before import = 0Number of asset objects unloaded after import = 0

========================================================================
Received Import Request.
  Time since last request: 0.000873 seconds.
  path: Packages/com.unity.collab-proxy/Lib/Editor/PlasticSCM/Localization/images.ko.txt
  artifactKey: Guid(abb2ec083920db9419cc3d6efcb62f18) Importer(2089858483,b0f066a214c2f5e87bad3c948f4d605d)
Start importing Packages/com.unity.collab-proxy/Lib/Editor/PlasticSCM/Localization/images.ko.txt using Guid(abb2ec083920db9419cc3d6efcb62f18) Importer(2089858483,b0f066a214c2f5e87bad3c948f4d605d) (ScriptedImporter) -> (artifact id: 'a51e5fbd8c7c486772c0b322104ebeef') in 0.0286055 seconds
Number of updated asset objects reloaded before import = 0Number of asset objects unloaded after import = 1

========================================================================
Received Import Request.
  Time since last request: 0.001709 seconds.
  path: Packages/com.unity.collab-proxy/Editor/PlasticSCM/Views/IncomingChanges/Developer/DirectoryConflicts/DrawDirectoryResolutionPanel.cs
  artifactKey: Guid(a9881fce7e445b84bbbd53752db30fe9) Importer(2089858483,b0f066a214c2f5e87bad3c948f4d605d)
Start importing Packages/com.unity.collab-proxy/Editor/PlasticSCM/Views/IncomingChanges/Developer/DirectoryConflicts/DrawDirectoryResolutionPanel.cs using Guid(a9881fce7e445b84bbbd53752db30fe9) Importer(2089858483,b0f066a214c2f5e87bad3c948f4d605d) (ScriptedImporter) -> (artifact id: '8d53e90c64c79191409e76a57fe89c72') in 0.0239053 seconds
Number of updated asset objects reloaded before import = 0Number of asset objects unloaded after import = 0

========================================================================
Received Import Request.
  Time since last request: 0.000149 seconds.
  path: Packages/com.unity.test-framework/UnityEditor.TestRunner/TestResultSerializer.cs
  artifactKey: Guid(559482fe33c79e44882d3a6cedc55fb5) Importer(2089858483,b0f066a214c2f5e87bad3c948f4d605d)
Start importing Packages/com.unity.test-framework/UnityEditor.TestRunner/TestResultSerializer.cs using Guid(559482fe33c79e44882d3a6cedc55fb5) Importer(2089858483,b0f066a214c2f5e87bad3c948f4d605d) (ScriptedImporter) -> (artifact id: '9d99b278b7fb2789a739534b8656ab27') in 0.0253028 seconds
Number of updated asset objects reloaded before import = 0Number of asset objects unloaded after import = 0

========================================================================
Received Import Request.
  Time since last request: 0.000245 seconds.
  path: Packages/com.unity.collab-proxy/Editor/PlasticSCM/Views/IncomingChanges/Gluon/IncomingChangesTab.cs
  artifactKey: Guid(9b917d42ad338ab4494088f574472998) Importer(2089858483,b0f066a214c2f5e87bad3c948f4d605d)
Start importing Packages/com.unity.collab-proxy/Editor/PlasticSCM/Views/IncomingChanges/Gluon/IncomingChangesTab.cs using Guid(9b917d42ad338ab4494088f574472998) Importer(2089858483,b0f066a214c2f5e87bad3c948f4d605d) (ScriptedImporter) -> (artifact id: '28ddb116c821c7d53e0dc5bc097f705e') in 0.0235501 seconds
Number of updated asset objects reloaded before import = 0Number of asset objects unloaded after import = 0

========================================================================
Received Import Request.
  Time since last request: 0.000051 seconds.
  path: Packages/com.unity.test-framework/UnityEditor.TestRunner/CommandLineTest/TestState.cs
  artifactKey: Guid(317f06562c344e22991ba4117cf7b71c) Importer(2089858483,b0f066a214c2f5e87bad3c948f4d605d)
Start importing Packages/com.unity.test-framework/UnityEditor.TestRunner/CommandLineTest/TestState.cs using Guid(317f06562c344e22991ba4117cf7b71c) Importer(2089858483,b0f066a214c2f5e87bad3c948f4d605d) (ScriptedImporter) -> (artifact id: 'c83f575a4fac80885f6ca1d05e33abaa') in 0.0242426 seconds
Number of updated asset objects reloaded before import = 0Number of asset objects unloaded after import = 0

========================================================================
Received Import Request.
  Time since last request: 0.000182 seconds.
  path: Packages/com.unity.test-framework/UnityEngine.TestRunner/TestRunner/TestPlatform.cs
  artifactKey: Guid(743879b4db4bc1a4b829aae4386f4acf) Importer(2089858483,b0f066a214c2f5e87bad3c948f4d605d)
Start importing Packages/com.unity.test-framework/UnityEngine.TestRunner/TestRunner/TestPlatform.cs using Guid(743879b4db4bc1a4b829aae4386f4acf) Importer(2089858483,b0f066a214c2f5e87bad3c948f4d605d) (ScriptedImporter) -> (artifact id: '68e0267901763b29e3d8ffdd902fd1ec') in 0.027378 seconds
Number of updated asset objects reloaded before import = 0Number of asset objects unloaded after import = 0

========================================================================
Received Import Request.
  Time since last request: 0.000094 seconds.
  path: Packages/com.unity.test-framework/UnityEditor.TestRunner/CommandLineTest/LogSavingCallbacks.cs
  artifactKey: Guid(8d20eedbe40f0ce41a4c4f633f225de8) Importer(2089858483,b0f066a214c2f5e87bad3c948f4d605d)
Start importing Packages/com.unity.test-framework/UnityEditor.TestRunner/CommandLineTest/LogSavingCallbacks.cs using Guid(8d20eedbe40f0ce41a4c4f633f225de8) Importer(2089858483,b0f066a214c2f5e87bad3c948f4d605d) (ScriptedImporter) -> (artifact id: 'c1d2d3890475e57e2dc26347dfb7fe3d') in 0.0418847 seconds
Number of updated asset objects reloaded before import = 0Number of asset objects unloaded after import = 0

========================================================================
Received Import Request.
  Time since last request: 0.000813 seconds.
  path: Packages/com.unity.test-framework/UnityEditor.TestRunner/Api/ExecutionSettings.cs
  artifactKey: Guid(eea34a28297f9bc4c9f4c573bc8d5d1c) Importer(2089858483,b0f066a214c2f5e87bad3c948f4d605d)
Start importing Packages/com.unity.test-framework/UnityEditor.TestRunner/Api/ExecutionSettings.cs using Guid(eea34a28297f9bc4c9f4c573bc8d5d1c) Importer(2089858483,b0f066a214c2f5e87bad3c948f4d605d) (ScriptedImporter) -> (artifact id: '4f6ede620948af92b055ad89f0a3fb59') in 0.0355835 seconds
Number of updated asset objects reloaded before import = 0Number of asset objects unloaded after import = 0

========================================================================
Received Import Request.
  Time since last request: 0.000416 seconds.
  path: Packages/com.unity.collab-proxy/Editor/PlasticSCM/Views/IncomingChanges/Developer/IncomingChangesSelection.cs
  artifactKey: Guid(b10c9294742ed4040ad32d0b73b16c75) Importer(2089858483,b0f066a214c2f5e87bad3c948f4d605d)
Start importing Packages/com.unity.collab-proxy/Editor/PlasticSCM/Views/IncomingChanges/Developer/IncomingChangesSelection.cs using Guid(b10c9294742ed4040ad32d0b73b16c75) Importer(2089858483,b0f066a214c2f5e87bad3c948f4d605d) (ScriptedImporter) -> (artifact id: 'dc2164531856febc737581ba085661f8') in 0.0284679 seconds
Number of updated asset objects reloaded before import = 0Number of asset objects unloaded after import = 0

========================================================================
Received Import Request.
  Time since last request: 0.000301 seconds.
  path: Packages/com.unity.test-framework/UnityEngine.TestRunner/Assertions/UnhandledLogMessageException.cs
  artifactKey: Guid(a8ed4063f2beecd41a234a582202f3c4) Importer(2089858483,b0f066a214c2f5e87bad3c948f4d605d)
Start importing Packages/com.unity.test-framework/UnityEngine.TestRunner/Assertions/UnhandledLogMessageException.cs using Guid(a8ed4063f2beecd41a234a582202f3c4) Importer(2089858483,b0f066a214c2f5e87bad3c948f4d605d) (ScriptedImporter) -> (artifact id: '2bfe86040fdb1a4195dcf13d2b566283') in 0.0357233 seconds
Number of updated asset objects reloaded before import = 0Number of asset objects unloaded after import = 0

========================================================================
Received Import Request.
  Time since last request: 0.001004 seconds.
  path: Packages/com.unity.test-framework/UnityEditor.TestRunner/TestRunner/EditModePCHelper.cs
  artifactKey: Guid(6d16f2e78a356d34c9a32108929de932) Importer(2089858483,b0f066a214c2f5e87bad3c948f4d605d)
Start importing Packages/com.unity.test-framework/UnityEditor.TestRunner/TestRunner/EditModePCHelper.cs using Guid(6d16f2e78a356d34c9a32108929de932) Importer(2089858483,b0f066a214c2f5e87bad3c948f4d605d) (ScriptedImporter) -> (artifact id: '0ba90a81311adc74813c95c825628731') in 0.0269824 seconds
Number of updated asset objects reloaded before import = 0Number of asset objects unloaded after import = 0

========================================================================
Received Import Request.
  Time since last request: 0.000275 seconds.
  path: Packages/com.unity.collab-proxy/Lib/Editor/PlasticSCM/Localization/workspaceserver.ja.txt
  artifactKey: Guid(1670821569e80214b859041484c748b5) Importer(2089858483,b0f066a214c2f5e87bad3c948f4d605d)
Start importing Packages/com.unity.collab-proxy/Lib/Editor/PlasticSCM/Localization/workspaceserver.ja.txt using Guid(1670821569e80214b859041484c748b5) Importer(2089858483,b0f066a214c2f5e87bad3c948f4d605d) (ScriptedImporter) -> (artifact id: '7978d1f9e59623fd0d70dd117976a166') in 0.0290199 seconds
Number of updated asset objects reloaded before import = 0Number of asset objects unloaded after import = 1

========================================================================
Received Import Request.
  Time since last request: 0.000103 seconds.
  path: Packages/com.unity.collab-proxy/Editor/PlasticSCM/Views/Diff/Dialogs/GetRestorePathDialog.cs
  artifactKey: Guid(281456381b1a4c742b0efbe305328c7a) Importer(2089858483,b0f066a214c2f5e87bad3c948f4d605d)
Start importing Packages/com.unity.collab-proxy/Editor/PlasticSCM/Views/Diff/Dialogs/GetRestorePathDialog.cs using Guid(281456381b1a4c742b0efbe305328c7a) Importer(2089858483,b0f066a214c2f5e87bad3c948f4d605d) (ScriptedImporter) -> (artifact id: '4401fa8c3c8ce88c7ad2c5e9cd403b7a') in 0.0218082 seconds
Number of updated asset objects reloaded before import = 0Number of asset objects unloaded after import = 0

========================================================================
Received Import Request.
  Time since last request: 0.000178 seconds.
  path: Packages/com.unity.collab-proxy/Lib/Editor/PlasticSCM/Localization/workspaceserver.en.txt
  artifactKey: Guid(cff591b828d426c4699ddb494ac3b88c) Importer(2089858483,b0f066a214c2f5e87bad3c948f4d605d)
Start importing Packages/com.unity.collab-proxy/Lib/Editor/PlasticSCM/Localization/workspaceserver.en.txt using Guid(cff591b828d426c4699ddb494ac3b88c) Importer(2089858483,b0f066a214c2f5e87bad3c948f4d605d) (ScriptedImporter) -> (artifact id: 'fe0217ef5ec8a51540332219468c20dc') in 0.025173 seconds
Number of updated asset objects reloaded before import = 0Number of asset objects unloaded after import = 1

========================================================================
Received Import Request.
  Time since last request: 0.000286 seconds.
  path: Packages/com.unity.collab-proxy/Editor/PlasticSCM/Views/CreateWorkspace/Dialogs/RepositoriesListHeaderState.cs
  artifactKey: Guid(da6a50477d2d7ff4f81d1c21c58a5b0e) Importer(2089858483,b0f066a214c2f5e87bad3c948f4d605d)
Start importing Packages/com.unity.collab-proxy/Editor/PlasticSCM/Views/CreateWorkspace/Dialogs/RepositoriesListHeaderState.cs using Guid(da6a50477d2d7ff4f81d1c21c58a5b0e) Importer(2089858483,b0f066a214c2f5e87bad3c948f4d605d) (ScriptedImporter) -> (artifact id: 'ab3b3a03c89e0bc36e487d790a23a630') in 0.0231819 seconds
Number of updated asset objects reloaded before import = 0Number of asset objects unloaded after import = 0

========================================================================
Received Import Request.
  Time since last request: 0.000122 seconds.
  path: Packages/com.unity.collab-proxy/Lib/Editor/PlasticSCM/Localization/workspaceserver.zh-Hans.txt
  artifactKey: Guid(687996338f2e8cc41b6e5d9fbd175d83) Importer(2089858483,b0f066a214c2f5e87bad3c948f4d605d)
Start importing Packages/com.unity.collab-proxy/Lib/Editor/PlasticSCM/Localization/workspaceserver.zh-Hans.txt using Guid(687996338f2e8cc41b6e5d9fbd175d83) Importer(2089858483,b0f066a214c2f5e87bad3c948f4d605d) (ScriptedImporter) -> (artifact id: '721dd4b43020df79c72088a31098a55c') in 0.0221327 seconds
Number of updated asset objects reloaded before import = 0Number of asset objects unloaded after import = 1

========================================================================
Received Import Request.
  Time since last request: 0.000231 seconds.
  path: Packages/com.unity.test-framework/UnityEditor.TestRunner/TestRunnerWindow.cs
  artifactKey: Guid(4dfcd3a631f61d248b7cc0b845d40345) Importer(2089858483,b0f066a214c2f5e87bad3c948f4d605d)
Start importing Packages/com.unity.test-framework/UnityEditor.TestRunner/TestRunnerWindow.cs using Guid(4dfcd3a631f61d248b7cc0b845d40345) Importer(2089858483,b0f066a214c2f5e87bad3c948f4d605d) (ScriptedImporter) -> (artifact id: '65b0c9ea747169b0b6ed0daa5d20fd3f') in 0.0209022 seconds
Number of updated asset objects reloaded before import = 0Number of asset objects unloaded after import = 0

========================================================================
Received Import Request.
  Time since last request: 0.000228 seconds.
  path: Packages/com.unity.collab-proxy/Editor/PlasticSCM/Views/CreateWorkspace/Dialogs/CreateRepositoryDialog.cs
  artifactKey: Guid(61f74d0a8a3f1f542b8afe99e65686df) Importer(2089858483,b0f066a214c2f5e87bad3c948f4d605d)
Start importing Packages/com.unity.collab-proxy/Editor/PlasticSCM/Views/CreateWorkspace/Dialogs/CreateRepositoryDialog.cs using Guid(61f74d0a8a3f1f542b8afe99e65686df) Importer(2089858483,b0f066a214c2f5e87bad3c948f4d605d) (ScriptedImporter) -> (artifact id: 'b2ba611f449bceab4318f46536901451') in 0.0244637 seconds
Number of updated asset objects reloaded before import = 0Number of asset objects unloaded after import = 0

========================================================================
Received Import Request.
  Time since last request: 0.000148 seconds.
  path: Packages/com.unity.test-framework/UnityEditor.TestRunner/TestLaunchers/TestLauncherBase.cs
  artifactKey: Guid(1cddf785b0d07434d8e0607c97b09135) Importer(2089858483,b0f066a214c2f5e87bad3c948f4d605d)
Start importing Packages/com.unity.test-framework/UnityEditor.TestRunner/TestLaunchers/TestLauncherBase.cs using Guid(1cddf785b0d07434d8e0607c97b09135) Importer(2089858483,b0f066a214c2f5e87bad3c948f4d605d) (ScriptedImporter) -> (artifact id: 'b7ef07757d5b00107986d0d3c7d55e6d') in 0.0289898 seconds
Number of updated asset objects reloaded before import = 0Number of asset objects unloaded after import = 0

========================================================================
Received Import Request.
  Time since last request: 0.000120 seconds.
  path: Packages/com.unity.test-framework/UnityEditor.TestRunner/UnityTestProtocol/IUtpLogger.cs
  artifactKey: Guid(9014630255533ed42915965b4065cde8) Importer(2089858483,b0f066a214c2f5e87bad3c948f4d605d)
Start importing Packages/com.unity.test-framework/UnityEditor.TestRunner/UnityTestProtocol/IUtpLogger.cs using Guid(9014630255533ed42915965b4065cde8) Importer(2089858483,b0f066a214c2f5e87bad3c948f4d605d) (ScriptedImporter) -> (artifact id: 'de577304644e946087ec7baa5f397ca8') in 0.0260914 seconds
Number of updated asset objects reloaded before import = 0Number of asset objects unloaded after import = 0

========================================================================
Received Import Request.
  Time since last request: 0.000203 seconds.
  path: Packages/com.unity.test-framework/UnityEditor.TestRunner/CommandLineTest/SettingsBuilder.cs
  artifactKey: Guid(b7468a027a77337478e133b40b42b4f9) Importer(2089858483,b0f066a214c2f5e87bad3c948f4d605d)
Start importing Packages/com.unity.test-framework/UnityEditor.TestRunner/CommandLineTest/SettingsBuilder.cs using Guid(b7468a027a77337478e133b40b42b4f9) Importer(2089858483,b0f066a214c2f5e87bad3c948f4d605d) (ScriptedImporter) -> (artifact id: 'cd76899330eb5f5f990ba6ce5abaf8fa') in 0.0230898 seconds
Number of updated asset objects reloaded before import = 0Number of asset objects unloaded after import = 0

========================================================================
Received Import Request.
  Time since last request: 0.000296 seconds.
  path: Packages/com.unity.test-framework/UnityEditor.TestRunner/CommandLineParser/CommandLineOptionSet.cs
  artifactKey: Guid(139c5eac101a4dc4fb3098e30c29f15e) Importer(2089858483,b0f066a214c2f5e87bad3c948f4d605d)
Start importing Packages/com.unity.test-framework/UnityEditor.TestRunner/CommandLineParser/CommandLineOptionSet.cs using Guid(139c5eac101a4dc4fb3098e30c29f15e) Importer(2089858483,b0f066a214c2f5e87bad3c948f4d605d) (ScriptedImporter) -> (artifact id: 'e8b8169e501da1c1e389512d2b242966') in 0.0247422 seconds
Number of updated asset objects reloaded before import = 0Number of asset objects unloaded after import = 0

========================================================================
Received Import Request.
  Time since last request: 0.000840 seconds.
  path: Packages/com.unity.collab-proxy/Lib/Editor/PlasticSCM/Localization/i3.zh-Hant.txt
  artifactKey: Guid(c663bc2524ebbf74f9a6b116ed1c19d1) Importer(2089858483,b0f066a214c2f5e87bad3c948f4d605d)
Start importing Packages/com.unity.collab-proxy/Lib/Editor/PlasticSCM/Localization/i3.zh-Hant.txt using Guid(c663bc2524ebbf74f9a6b116ed1c19d1) Importer(2089858483,b0f066a214c2f5e87bad3c948f4d605d) (ScriptedImporter) -> (artifact id: 'f55969da72bdd59aea157fbfbfe9e339') in 0.0244415 seconds
Number of updated asset objects reloaded before import = 0Number of asset objects unloaded after import = 1

========================================================================
Received Import Request.
  Time since last request: 0.000049 seconds.
  path: Packages/com.unity.test-framework/UnityEditor.TestRunner/TestSettings/TestSettingsDeserializer.cs
  artifactKey: Guid(75e7d7a9a57458841a85fe42d9c9141f) Importer(2089858483,b0f066a214c2f5e87bad3c948f4d605d)
Start importing Packages/com.unity.test-framework/UnityEditor.TestRunner/TestSettings/TestSettingsDeserializer.cs using Guid(75e7d7a9a57458841a85fe42d9c9141f) Importer(2089858483,b0f066a214c2f5e87bad3c948f4d605d) (ScriptedImporter) -> (artifact id: 'ed45e280965a1681a444e9f55689f0bc') in 0.0335508 seconds
Number of updated asset objects reloaded before import = 0Number of asset objects unloaded after import = 0

========================================================================
Received Import Request.
  Time since last request: 0.949041 seconds.
  path: Packages/com.unity.test-framework/UnityEngine.TestRunner/UnityTestProtocol/TestState.cs
  artifactKey: Guid(c3a9378562b345c4ac08e605d35c0d93) Importer(2089858483,b0f066a214c2f5e87bad3c948f4d605d)
Start importing Packages/com.unity.test-framework/UnityEngine.TestRunner/UnityTestProtocol/TestState.cs using Guid(c3a9378562b345c4ac08e605d35c0d93) Importer(2089858483,b0f066a214c2f5e87bad3c948f4d605d) (ScriptedImporter) -> (artifact id: '628b969807030a2b46bdc13950b96a36') in 0.0203615 seconds
Number of updated asset objects reloaded before import = 0Number of asset objects unloaded after import = 0

========================================================================
Received Import Request.
  Time since last request: 0.000149 seconds.
  path: Packages/com.unity.test-framework/UnityEngine.TestRunner/NUnitExtensions/Attributes/UnityTearDownAttribute.cs
  artifactKey: Guid(600f4b74746dbf944901257f81a8af6d) Importer(2089858483,b0f066a214c2f5e87bad3c948f4d605d)
Start importing Packages/com.unity.test-framework/UnityEngine.TestRunner/NUnitExtensions/Attributes/UnityTearDownAttribute.cs using Guid(600f4b74746dbf944901257f81a8af6d) Importer(2089858483,b0f066a214c2f5e87bad3c948f4d605d) (ScriptedImporter) -> (artifact id: 'cef83c4167073b51416fc4992ef962a5') in 0.0238139 seconds
Number of updated asset objects reloaded before import = 0Number of asset objects unloaded after import = 0

========================================================================
Received Import Request.
  Time since last request: 0.000229 seconds.
  path: Packages/com.unity.test-framework/UnityEditor.TestRunner/GUI/Controls/SelectionDropDown.cs
  artifactKey: Guid(f8f9b43d4e034c2d997f4eb6a0d85a96) Importer(2089858483,b0f066a214c2f5e87bad3c948f4d605d)
Start importing Packages/com.unity.test-framework/UnityEditor.TestRunner/GUI/Controls/SelectionDropDown.cs using Guid(f8f9b43d4e034c2d997f4eb6a0d85a96) Importer(2089858483,b0f066a214c2f5e87bad3c948f4d605d) (ScriptedImporter) -> (artifact id: '0a88dcc91b144a8b02092302df7f0792') in 0.0282014 seconds
Number of updated asset objects reloaded before import = 0Number of asset objects unloaded after import = 0

========================================================================
Received Import Request.
  Time since last request: 0.000274 seconds.
  path: Packages/com.unity.test-framework/UnityEditor.TestRunner/GUI/TestListTreeView/TestListTreeViewDataSource.cs
  artifactKey: Guid(ce87c287371edde43a4b5fcfdee7b9ef) Importer(2089858483,b0f066a214c2f5e87bad3c948f4d605d)
Start importing Packages/com.unity.test-framework/UnityEditor.TestRunner/GUI/TestListTreeView/TestListTreeViewDataSource.cs using Guid(ce87c287371edde43a4b5fcfdee7b9ef) Importer(2089858483,b0f066a214c2f5e87bad3c948f4d605d) (ScriptedImporter) -> (artifact id: '5c5fe82872ebcd29e9b163a8c762bdeb') in 0.0261376 seconds
Number of updated asset objects reloaded before import = 0Number of asset objects unloaded after import = 0

========================================================================
Received Import Request.
  Time since last request: 0.000137 seconds.
  path: Packages/com.unity.test-framework/UnityEngine.TestRunner/NUnitExtensions/Commands/IgnoreTestCommand.cs
  artifactKey: Guid(e55eddf2afda488db58fb17f985fee99) Importer(2089858483,b0f066a214c2f5e87bad3c948f4d605d)
Start importing Packages/com.unity.test-framework/UnityEngine.TestRunner/NUnitExtensions/Commands/IgnoreTestCommand.cs using Guid(e55eddf2afda488db58fb17f985fee99) Importer(2089858483,b0f066a214c2f5e87bad3c948f4d605d) (ScriptedImporter) -> (artifact id: 'e6b6e59868b58f729158e0d2cfa4b304') in 0.0208569 seconds
Number of updated asset objects reloaded before import = 0Number of asset objects unloaded after import = 0

========================================================================
Received Import Request.
  Time since last request: 0.000043 seconds.
  path: Packages/com.unity.test-framework/UnityEngine.TestRunner/NUnitExtensions/Attributes/ConditionalIgnoreAttribute.cs
  artifactKey: Guid(c82a8473f4a8f7b42a004c91e06d2f2b) Importer(2089858483,b0f066a214c2f5e87bad3c948f4d605d)
Start importing Packages/com.unity.test-framework/UnityEngine.TestRunner/NUnitExtensions/Attributes/ConditionalIgnoreAttribute.cs using Guid(c82a8473f4a8f7b42a004c91e06d2f2b) Importer(2089858483,b0f066a214c2f5e87bad3c948f4d605d) (ScriptedImporter) -> (artifact id: '738bbcef462df4f16e9648998a01ad22') in 0.0202439 seconds
Number of updated asset objects reloaded before import = 0Number of asset objects unloaded after import = 0

========================================================================
Received Import Request.
  Time since last request: 0.000141 seconds.
  path: Packages/com.unity.test-framework/UnityEditor.TestRunner/NUnitExtension/Attributes/ITestPlayerBuildModifier.cs
  artifactKey: Guid(6d2f47eae5f447748892c46848956d5f) Importer(2089858483,b0f066a214c2f5e87bad3c948f4d605d)
Start importing Packages/com.unity.test-framework/UnityEditor.TestRunner/NUnitExtension/Attributes/ITestPlayerBuildModifier.cs using Guid(6d2f47eae5f447748892c46848956d5f) Importer(2089858483,b0f066a214c2f5e87bad3c948f4d605d) (ScriptedImporter) -> (artifact id: 'be532077894510f11174845e7c2e5958') in 0.0177192 seconds
Number of updated asset objects reloaded before import = 0Number of asset objects unloaded after import = 0

========================================================================
Received Import Request.
  Time since last request: 0.000157 seconds.
  path: Packages/com.unity.test-framework/UnityEditor.TestRunner/GUI/Controls/BitUtility.cs
  artifactKey: Guid(24a5f331fec74c9aa9e1e5d74b5a9589) Importer(2089858483,b0f066a214c2f5e87bad3c948f4d605d)
Start importing Packages/com.unity.test-framework/UnityEditor.TestRunner/GUI/Controls/BitUtility.cs using Guid(24a5f331fec74c9aa9e1e5d74b5a9589) Importer(2089858483,b0f066a214c2f5e87bad3c948f4d605d) (ScriptedImporter) -> (artifact id: 'aee76d2d8eceadae72c3bfc6b54e74b3') in 0.0195954 seconds
Number of updated asset objects reloaded before import = 0Number of asset objects unloaded after import = 0

========================================================================
Received Import Request.
  Time since last request: 0.000185 seconds.
  path: Packages/com.unity.test-framework/UnityEditor.TestRunner/UnityTestProtocol/Messages/TestFinishedMessage.cs
  artifactKey: Guid(423fe2ef878fa1140a7e1f7f9e365815) Importer(2089858483,b0f066a214c2f5e87bad3c948f4d605d)
Start importing Packages/com.unity.test-framework/UnityEditor.TestRunner/UnityTestProtocol/Messages/TestFinishedMessage.cs using Guid(423fe2ef878fa1140a7e1f7f9e365815) Importer(2089858483,b0f066a214c2f5e87bad3c948f4d605d) (ScriptedImporter) -> (artifact id: '4fe957ecb2756ba36cabad25e96eabca') in 0.022174 seconds
Number of updated asset objects reloaded before import = 0Number of asset objects unloaded after import = 0

========================================================================
Received Import Request.
  Time since last request: 0.001518 seconds.
  path: Packages/com.unity.test-framework/UnityEditor.TestRunner/UnityTestProtocol/Messages/PlayerSystemInfoMessage.cs
  artifactKey: Guid(9f33b8e923ff41deaa73bc2c1f90d9a1) Importer(2089858483,b0f066a214c2f5e87bad3c948f4d605d)
Start importing Packages/com.unity.test-framework/UnityEditor.TestRunner/UnityTestProtocol/Messages/PlayerSystemInfoMessage.cs using Guid(9f33b8e923ff41deaa73bc2c1f90d9a1) Importer(2089858483,b0f066a214c2f5e87bad3c948f4d605d) (ScriptedImporter) -> (artifact id: '500d41c0919e4720a7e37a09d5d5a9bc') in 0.0278174 seconds
Number of updated asset objects reloaded before import = 0Number of asset objects unloaded after import = 0

========================================================================
Received Import Request.
  Time since last request: 0.000224 seconds.
  path: Packages/com.unity.test-framework/UnityEngine.TestRunner/Utils/IPostBuildCleanup.cs
  artifactKey: Guid(ff67c526455160f4690a44f74dee4cbe) Importer(2089858483,b0f066a214c2f5e87bad3c948f4d605d)
Start importing Packages/com.unity.test-framework/UnityEngine.TestRunner/Utils/IPostBuildCleanup.cs using Guid(ff67c526455160f4690a44f74dee4cbe) Importer(2089858483,b0f066a214c2f5e87bad3c948f4d605d) (ScriptedImporter) -> (artifact id: '122244c97b5f8c7968b3e38fd15060f0') in 0.0278702 seconds
Number of updated asset objects reloaded before import = 0Number of asset objects unloaded after import = 0

========================================================================
Received Import Request.
  Time since last request: 0.000490 seconds.
  path: Packages/com.unity.test-framework/UnityEditor.TestRunner/Api/Analytics/RunFinishedData.cs
  artifactKey: Guid(dc781c79a6ac490f817bb70a01490d5c) Importer(2089858483,b0f066a214c2f5e87bad3c948f4d605d)
Start importing Packages/com.unity.test-framework/UnityEditor.TestRunner/Api/Analytics/RunFinishedData.cs using Guid(dc781c79a6ac490f817bb70a01490d5c) Importer(2089858483,b0f066a214c2f5e87bad3c948f4d605d) (ScriptedImporter) -> (artifact id: '405c7c3a9df52df33aa01b6f38bb1d5d') in 0.0254591 seconds
Number of updated asset objects reloaded before import = 0Number of asset objects unloaded after import = 0

========================================================================
Received Import Request.
  Time since last request: 0.000068 seconds.
  path: Packages/com.unity.test-framework/UnityEditor.TestRunner/UnityTestProtocol/Messages/TestStartedMessage.cs
  artifactKey: Guid(bd3e81baa10021f4d877fa36382bab16) Importer(2089858483,b0f066a214c2f5e87bad3c948f4d605d)
Start importing Packages/com.unity.test-framework/UnityEditor.TestRunner/UnityTestProtocol/Messages/TestStartedMessage.cs using Guid(bd3e81baa10021f4d877fa36382bab16) Importer(2089858483,b0f066a214c2f5e87bad3c948f4d605d) (ScriptedImporter) -> (artifact id: '588c4faba611b207307c52154b4871d2') in 0.0258201 seconds
Number of updated asset objects reloaded before import = 0Number of asset objects unloaded after import = 0

========================================================================
Received Import Request.
  Time since last request: 0.000069 seconds.
  path: Packages/com.unity.test-framework/UnityEngine.TestRunner/NUnitExtensions/Attributes/UnitySetUpAttribute.cs
  artifactKey: Guid(cc6401f13df54ba44bfd7cdc93c7d64d) Importer(2089858483,b0f066a214c2f5e87bad3c948f4d605d)
Start importing Packages/com.unity.test-framework/UnityEngine.TestRunner/NUnitExtensions/Attributes/UnitySetUpAttribute.cs using Guid(cc6401f13df54ba44bfd7cdc93c7d64d) Importer(2089858483,b0f066a214c2f5e87bad3c948f4d605d) (ScriptedImporter) -> (artifact id: '092f1c134c8b984ccaad609743f54062') in 0.030047 seconds
Number of updated asset objects reloaded before import = 0Number of asset objects unloaded after import = 0

========================================================================
Received Import Request.
  Time since last request: 0.000139 seconds.
  path: Packages/com.unity.test-framework/UnityEngine.TestRunner/TestRunner/Callbacks/PlayModeRunnerCallback.cs
  artifactKey: Guid(3cf5cb9e1ef590c48b1f919f2a7bd895) Importer(2089858483,b0f066a214c2f5e87bad3c948f4d605d)
Start importing Packages/com.unity.test-framework/UnityEngine.TestRunner/TestRunner/Callbacks/PlayModeRunnerCallback.cs using Guid(3cf5cb9e1ef590c48b1f919f2a7bd895) Importer(2089858483,b0f066a214c2f5e87bad3c948f4d605d) (ScriptedImporter) -> (artifact id: 'da84f85181f1e716d191f9a0ca7c760e') in 0.0239307 seconds
Number of updated asset objects reloaded before import = 0Number of asset objects unloaded after import = 0

========================================================================
Received Import Request.
  Time since last request: 0.000330 seconds.
  path: Packages/com.unity.test-framework/UnityEngine.TestRunner/NUnitExtensions/Attributes/EnumeratorHelper.cs
  artifactKey: Guid(ff0aad009559b814ffc27001341fc1c3) Importer(2089858483,b0f066a214c2f5e87bad3c948f4d605d)
Start importing Packages/com.unity.test-framework/UnityEngine.TestRunner/NUnitExtensions/Attributes/EnumeratorHelper.cs using Guid(ff0aad009559b814ffc27001341fc1c3) Importer(2089858483,b0f066a214c2f5e87bad3c948f4d605d) (ScriptedImporter) -> (artifact id: '7d0044813d248133cbae79beaf53f5c8') in 0.0233741 seconds
Number of updated asset objects reloaded before import = 0Number of asset objects unloaded after import = 0

========================================================================
Received Import Request.
  Time since last request: 0.000186 seconds.
  path: Packages/com.unity.test-framework/UnityEditor.TestRunner/TestLaunchers/Helpers/PrebuildSetupAttributeFinder.cs
  artifactKey: Guid(3c4ccfb0896bcf44da13e152b267aa49) Importer(2089858483,b0f066a214c2f5e87bad3c948f4d605d)
Start importing Packages/com.unity.test-framework/UnityEditor.TestRunner/TestLaunchers/Helpers/PrebuildSetupAttributeFinder.cs using Guid(3c4ccfb0896bcf44da13e152b267aa49) Importer(2089858483,b0f066a214c2f5e87bad3c948f4d605d) (ScriptedImporter) -> (artifact id: '4dd621dd2eb25fef2c135fcfa0acb212') in 0.0206192 seconds
Number of updated asset objects reloaded before import = 0Number of asset objects unloaded after import = 0

========================================================================
Received Import Request.
  Time since last request: 0.000049 seconds.
  path: Packages/com.unity.test-framework/UnityEditor.TestRunner/Api/Analytics/AnalyticsTestCallback.cs
  artifactKey: Guid(f5e82966bb8646269e2e46b6ddf2d89f) Importer(2089858483,b0f066a214c2f5e87bad3c948f4d605d)
Start importing Packages/com.unity.test-framework/UnityEditor.TestRunner/Api/Analytics/AnalyticsTestCallback.cs using Guid(f5e82966bb8646269e2e46b6ddf2d89f) Importer(2089858483,b0f066a214c2f5e87bad3c948f4d605d) (ScriptedImporter) -> (artifact id: 'b1b25b0a9f6efaef3b730820ce3d3c6e') in 0.0212335 seconds
Number of updated asset objects reloaded before import = 0Number of asset objects unloaded after import = 0

========================================================================
Received Import Request.
  Time since last request: 0.000221 seconds.
  path: Packages/com.unity.test-framework/UnityEngine.TestRunner/NUnitExtensions/Runner/CompositeWorkItem.cs
  artifactKey: Guid(110d5035a36a6a34580fb65bb40cd78f) Importer(2089858483,b0f066a214c2f5e87bad3c948f4d605d)
Start importing Packages/com.unity.test-framework/UnityEngine.TestRunner/NUnitExtensions/Runner/CompositeWorkItem.cs using Guid(110d5035a36a6a34580fb65bb40cd78f) Importer(2089858483,b0f066a214c2f5e87bad3c948f4d605d) (ScriptedImporter) -> (artifact id: '80202439abac01a403cdc9d88fa64f6b') in 0.018506 seconds
Number of updated asset objects reloaded before import = 0Number of asset objects unloaded after import = 0

========================================================================
Received Import Request.
  Time since last request: 0.000204 seconds.
  path: Packages/com.unity.test-framework/UnityEngine.TestRunner/NUnitExtensions/Runner/UnityWorkItemDataHolder.cs
  artifactKey: Guid(5b3e90046c38f1d4dad2e0d5a79e871c) Importer(2089858483,b0f066a214c2f5e87bad3c948f4d605d)
Start importing Packages/com.unity.test-framework/UnityEngine.TestRunner/NUnitExtensions/Runner/UnityWorkItemDataHolder.cs using Guid(5b3e90046c38f1d4dad2e0d5a79e871c) Importer(2089858483,b0f066a214c2f5e87bad3c948f4d605d) (ScriptedImporter) -> (artifact id: '6f00d6c32e66f8c5b9f510720ada0711') in 0.0197078 seconds
Number of updated asset objects reloaded before import = 0Number of asset objects unloaded after import = 0

========================================================================
Received Import Request.
  Time since last request: 0.000081 seconds.
  path: Packages/com.unity.test-framework/UnityEngine.TestRunner/Assertions/LogScope/LogScope.cs
  artifactKey: Guid(4bbc17b35884fdf468e4b52ae4222882) Importer(2089858483,b0f066a214c2f5e87bad3c948f4d605d)
Start importing Packages/com.unity.test-framework/UnityEngine.TestRunner/Assertions/LogScope/LogScope.cs using Guid(4bbc17b35884fdf468e4b52ae4222882) Importer(2089858483,b0f066a214c2f5e87bad3c948f4d605d) (ScriptedImporter) -> (artifact id: 'd88b339388382b91c6ac916df7e36c35') in 0.0202731 seconds
Number of updated asset objects reloaded before import = 0Number of asset objects unloaded after import = 0

========================================================================
Received Import Request.
  Time since last request: 0.000193 seconds.
  path: Packages/com.unity.test-framework/UnityEditor.TestRunner/TestRunner/Callbacks/WindowResultUpdaterDataHolder.cs
  artifactKey: Guid(82075836be5e0c64bbe84e1f9436682e) Importer(2089858483,b0f066a214c2f5e87bad3c948f4d605d)
Start importing Packages/com.unity.test-framework/UnityEditor.TestRunner/TestRunner/Callbacks/WindowResultUpdaterDataHolder.cs using Guid(82075836be5e0c64bbe84e1f9436682e) Importer(2089858483,b0f066a214c2f5e87bad3c948f4d605d) (ScriptedImporter) -> (artifact id: '6825e73bf2de3aa6bbeccd6e827f0fb6') in 0.0211108 seconds
Number of updated asset objects reloaded before import = 0Number of asset objects unloaded after import = 0

========================================================================
Received Import Request.
  Time since last request: 0.000079 seconds.
  path: Packages/com.unity.test-framework/UnityEngine.TestRunner/NUnitExtensions/Commands/EnumerableTestMethodCommand.cs
  artifactKey: Guid(19a6f000f81e24c4a826c1abd43e77c7) Importer(2089858483,b0f066a214c2f5e87bad3c948f4d605d)
Start importing Packages/com.unity.test-framework/UnityEngine.TestRunner/NUnitExtensions/Commands/EnumerableTestMethodCommand.cs using Guid(19a6f000f81e24c4a826c1abd43e77c7) Importer(2089858483,b0f066a214c2f5e87bad3c948f4d605d) (ScriptedImporter) -> (artifact id: '85834019494d7f15e1338f8f1aac8bfe') in 0.0175504 seconds
Number of updated asset objects reloaded before import = 0Number of asset objects unloaded after import = 0

========================================================================
Received Import Request.
  Time since last request: 0.000237 seconds.
  path: Packages/com.unity.test-framework/UnityEditor.TestRunner/GUI/Controls/FlagEnumContentProvider.cs
  artifactKey: Guid(d31403ec6b334194bdeb4c5ebad64097) Importer(2089858483,b0f066a214c2f5e87bad3c948f4d605d)
Start importing Packages/com.unity.test-framework/UnityEditor.TestRunner/GUI/Controls/FlagEnumContentProvider.cs using Guid(d31403ec6b334194bdeb4c5ebad64097) Importer(2089858483,b0f066a214c2f5e87bad3c948f4d605d) (ScriptedImporter) -> (artifact id: 'eec9a5059134ccbc337cc2081cef040e') in 0.019233 seconds
Number of updated asset objects reloaded before import = 0Number of asset objects unloaded after import = 0

========================================================================
Received Import Request.
  Time since last request: 0.000159 seconds.
  path: Packages/com.unity.test-framework/UnityEditor.TestRunner/TestRun/Tasks/PrebuildSetupWithTestDataTask.cs
  artifactKey: Guid(25d1ed297163243c4a20d6321d057844) Importer(2089858483,b0f066a214c2f5e87bad3c948f4d605d)
Start importing Packages/com.unity.test-framework/UnityEditor.TestRunner/TestRun/Tasks/PrebuildSetupWithTestDataTask.cs using Guid(25d1ed297163243c4a20d6321d057844) Importer(2089858483,b0f066a214c2f5e87bad3c948f4d605d) (ScriptedImporter) -> (artifact id: '3eabaf8512b719e7e7d50a974f64774e') in 0.0207504 seconds
Number of updated asset objects reloaded before import = 0Number of asset objects unloaded after import = 0

========================================================================
Received Import Request.
  Time since last request: 0.000126 seconds.
  path: Packages/com.unity.test-framework/UnityEditor.TestRunner/TestRun/Tasks/UnlockReloadAssembliesTask.cs
  artifactKey: Guid(9729063e08c4a4e438070c8319aff5f5) Importer(2089858483,b0f066a214c2f5e87bad3c948f4d605d)
Start importing Packages/com.unity.test-framework/UnityEditor.TestRunner/TestRun/Tasks/UnlockReloadAssembliesTask.cs using Guid(9729063e08c4a4e438070c8319aff5f5) Importer(2089858483,b0f066a214c2f5e87bad3c948f4d605d) (ScriptedImporter) -> (artifact id: '633df492068926194e44ee40ad892d3b') in 0.0193795 seconds
Number of updated asset objects reloaded before import = 0Number of asset objects unloaded after import = 0

========================================================================
Received Import Request.
  Time since last request: 0.000053 seconds.
  path: Packages/com.unity.test-framework/UnityEditor.TestRunner/GUI/Controls/SelectableItemContent.cs
  artifactKey: Guid(f7d5e5417ccd4aa0bfa39228c674f142) Importer(2089858483,b0f066a214c2f5e87bad3c948f4d605d)
Start importing Packages/com.unity.test-framework/UnityEditor.TestRunner/GUI/Controls/SelectableItemContent.cs using Guid(f7d5e5417ccd4aa0bfa39228c674f142) Importer(2089858483,b0f066a214c2f5e87bad3c948f4d605d) (ScriptedImporter) -> (artifact id: 'f799006480a120f973d9eac3cb7ca147') in 0.0259311 seconds
Number of updated asset objects reloaded before import = 0Number of asset objects unloaded after import = 0

========================================================================
Received Import Request.
  Time since last request: 0.000225 seconds.
  path: Packages/com.unity.test-framework/UnityEditor.TestRunner/TestLaunchers/PlatformSetup/UwpPlatformSetup.cs
  artifactKey: Guid(667c6ad86a0b7a548aaa5c287f2c2861) Importer(2089858483,b0f066a214c2f5e87bad3c948f4d605d)
Start importing Packages/com.unity.test-framework/UnityEditor.TestRunner/TestLaunchers/PlatformSetup/UwpPlatformSetup.cs using Guid(667c6ad86a0b7a548aaa5c287f2c2861) Importer(2089858483,b0f066a214c2f5e87bad3c948f4d605d) (ScriptedImporter) -> (artifact id: 'e1202322e07ed38a38dae171792fde46') in 0.0196339 seconds
Number of updated asset objects reloaded before import = 0Number of asset objects unloaded after import = 0

========================================================================
Received Import Request.
  Time since last request: 0.000091 seconds.
  path: Packages/com.unity.test-framework/UnityEditor.TestRunner/TestRun/Tasks/EditModeRunTask.cs
  artifactKey: Guid(b4246555189b5ee43b4857220f9fd29b) Importer(2089858483,b0f066a214c2f5e87bad3c948f4d605d)
Start importing Packages/com.unity.test-framework/UnityEditor.TestRunner/TestRun/Tasks/EditModeRunTask.cs using Guid(b4246555189b5ee43b4857220f9fd29b) Importer(2089858483,b0f066a214c2f5e87bad3c948f4d605d) (ScriptedImporter) -> (artifact id: 'dc19f4f145c9c227b377947fa87d8383') in 0.0202262 seconds
Number of updated asset objects reloaded before import = 0Number of asset objects unloaded after import = 0

========================================================================
Received Import Request.
  Time since last request: 0.000420 seconds.
  path: Packages/com.unity.test-framework/UnityEditor.TestRunner/GUI/TestAssets/TestScriptAssetMenuItems.cs
  artifactKey: Guid(3c702cb84a2a4576bf275a76bc17f8e8) Importer(2089858483,b0f066a214c2f5e87bad3c948f4d605d)
Start importing Packages/com.unity.test-framework/UnityEditor.TestRunner/GUI/TestAssets/TestScriptAssetMenuItems.cs using Guid(3c702cb84a2a4576bf275a76bc17f8e8) Importer(2089858483,b0f066a214c2f5e87bad3c948f4d605d) (ScriptedImporter) -> (artifact id: '764688f095b5f5c6087404e574e016c6') in 0.0182937 seconds
Number of updated asset objects reloaded before import = 0Number of asset objects unloaded after import = 0

========================================================================
Received Import Request.
  Time since last request: 0.000170 seconds.
  path: Packages/com.unity.test-framework/UnityEngine.TestRunner/NUnitExtensions/Attributes/ParametrizedIgnoreAttribute.cs
  artifactKey: Guid(e9c53c5109a7498ca4408e53f2593b1a) Importer(2089858483,b0f066a214c2f5e87bad3c948f4d605d)
Start importing Packages/com.unity.test-framework/UnityEngine.TestRunner/NUnitExtensions/Attributes/ParametrizedIgnoreAttribute.cs using Guid(e9c53c5109a7498ca4408e53f2593b1a) Importer(2089858483,b0f066a214c2f5e87bad3c948f4d605d) (ScriptedImporter) -> (artifact id: '549fc02d84e3b0a4679b1a242a6822a3') in 0.0201284 seconds
Number of updated asset objects reloaded before import = 0Number of asset objects unloaded after import = 0

========================================================================
Received Import Request.
  Time since last request: 0.000251 seconds.
  path: Packages/com.unity.test-framework/UnityEditor.TestRunner/TestRun/Tasks/ExitPlayModeTask.cs
  artifactKey: Guid(5842bd968af34a328bb5a3f3c78db54a) Importer(2089858483,b0f066a214c2f5e87bad3c948f4d605d)
Start importing Packages/com.unity.test-framework/UnityEditor.TestRunner/TestRun/Tasks/ExitPlayModeTask.cs using Guid(5842bd968af34a328bb5a3f3c78db54a) Importer(2089858483,b0f066a214c2f5e87bad3c948f4d605d) (ScriptedImporter) -> (artifact id: 'c89e303e27422ec771f8df157b10986b') in 0.0202986 seconds
Number of updated asset objects reloaded before import = 0Number of asset objects unloaded after import = 0

========================================================================
Received Import Request.
  Time since last request: 0.000220 seconds.
  path: Packages/com.unity.test-framework/UnityEditor.TestRunner/TestRun/Tasks/CleanupTestControllerTask.cs
  artifactKey: Guid(822fa0a65be2467b95721422157c93f0) Importer(2089858483,b0f066a214c2f5e87bad3c948f4d605d)
Start importing Packages/com.unity.test-framework/UnityEditor.TestRunner/TestRun/Tasks/CleanupTestControllerTask.cs using Guid(822fa0a65be2467b95721422157c93f0) Importer(2089858483,b0f066a214c2f5e87bad3c948f4d605d) (ScriptedImporter) -> (artifact id: '7a33d8c634efbbfedba0203cb71af40b') in 0.0176682 seconds
Number of updated asset objects reloaded before import = 0Number of asset objects unloaded after import = 0

========================================================================
Received Import Request.
  Time since last request: 0.000052 seconds.
  path: Packages/com.unity.test-framework/UnityEngine.TestRunner/NUnitExtensions/Commands/EnumerableApplyChangesToContextCommand.cs
  artifactKey: Guid(3b4429eff9fcffb48b006e8edcc90338) Importer(2089858483,b0f066a214c2f5e87bad3c948f4d605d)
Start importing Packages/com.unity.test-framework/UnityEngine.TestRunner/NUnitExtensions/Commands/EnumerableApplyChangesToContextCommand.cs using Guid(3b4429eff9fcffb48b006e8edcc90338) Importer(2089858483,b0f066a214c2f5e87bad3c948f4d605d) (ScriptedImporter) -> (artifact id: '05bcb3b6fa01e4fedec45af101c79438') in 0.0214211 seconds
Number of updated asset objects reloaded before import = 0Number of asset objects unloaded after import = 0

========================================================================
Received Import Request.
  Time since last request: 0.000175 seconds.
  path: Packages/com.unity.test-framework/UnityEditor.TestRunner/GUI/TestAssets/TestScriptAssetsCreator.cs
  artifactKey: Guid(1bace19a170f47bb8d19645cfc580796) Importer(2089858483,b0f066a214c2f5e87bad3c948f4d605d)
Start importing Packages/com.unity.test-framework/UnityEditor.TestRunner/GUI/TestAssets/TestScriptAssetsCreator.cs using Guid(1bace19a170f47bb8d19645cfc580796) Importer(2089858483,b0f066a214c2f5e87bad3c948f4d605d) (ScriptedImporter) -> (artifact id: 'ae7acfe36470a5b572399b4164731b38') in 0.0195802 seconds
Number of updated asset objects reloaded before import = 0Number of asset objects unloaded after import = 0

========================================================================
Received Import Request.
  Time since last request: 0.000194 seconds.
  path: Packages/com.unity.test-framework/UnityEngine.TestRunner/Utils/PrebuildSetupWithTestDataAttribute.cs
  artifactKey: Guid(26d207ea119f34117a1dc1a439e285e3) Importer(2089858483,b0f066a214c2f5e87bad3c948f4d605d)
Start importing Packages/com.unity.test-framework/UnityEngine.TestRunner/Utils/PrebuildSetupWithTestDataAttribute.cs using Guid(26d207ea119f34117a1dc1a439e285e3) Importer(2089858483,b0f066a214c2f5e87bad3c948f4d605d) (ScriptedImporter) -> (artifact id: 'a02621df18366d3f8bddbd6712676206') in 0.0231305 seconds
Number of updated asset objects reloaded before import = 0Number of asset objects unloaded after import = 0

========================================================================
Received Import Request.
  Time since last request: 0.000118 seconds.
  path: Packages/com.unity.test-framework/UnityEngine.TestRunner/NUnitExtensions/Filters/CategoryFilterExtended.cs
  artifactKey: Guid(ebeedaa04bb53e24ba2e7fb6745e3fd3) Importer(2089858483,b0f066a214c2f5e87bad3c948f4d605d)
Start importing Packages/com.unity.test-framework/UnityEngine.TestRunner/NUnitExtensions/Filters/CategoryFilterExtended.cs using Guid(ebeedaa04bb53e24ba2e7fb6745e3fd3) Importer(2089858483,b0f066a214c2f5e87bad3c948f4d605d) (ScriptedImporter) -> (artifact id: 'bf6e1eb713b5419bd598f49958a2aa50') in 0.0203692 seconds
Number of updated asset objects reloaded before import = 0Number of asset objects unloaded after import = 0

========================================================================
Received Import Request.
  Time since last request: 0.000089 seconds.
  path: Packages/com.unity.test-framework/UnityEngine.TestRunner/Utils/TestRunCallbackAttribute.cs
  artifactKey: Guid(76b3a3296de548f48b0c3d088fb4b490) Importer(2089858483,b0f066a214c2f5e87bad3c948f4d605d)
Start importing Packages/com.unity.test-framework/UnityEngine.TestRunner/Utils/TestRunCallbackAttribute.cs using Guid(76b3a3296de548f48b0c3d088fb4b490) Importer(2089858483,b0f066a214c2f5e87bad3c948f4d605d) (ScriptedImporter) -> (artifact id: '5bc045db79da57a29164655da4ffdb48') in 0.0213795 seconds
Number of updated asset objects reloaded before import = 0Number of asset objects unloaded after import = 0

========================================================================
Received Import Request.
  Time since last request: 0.000178 seconds.
  path: Packages/com.unity.test-framework/UnityEngine.TestRunner/NUnitExtensions/Commands/IgnoreTest.cs
  artifactKey: Guid(9bbdc426fc0a48e1b66deaac7ea8f64c) Importer(2089858483,b0f066a214c2f5e87bad3c948f4d605d)
Start importing Packages/com.unity.test-framework/UnityEngine.TestRunner/NUnitExtensions/Commands/IgnoreTest.cs using Guid(9bbdc426fc0a48e1b66deaac7ea8f64c) Importer(2089858483,b0f066a214c2f5e87bad3c948f4d605d) (ScriptedImporter) -> (artifact id: 'bc0c0fe70dd050e6e815e0d44cb0cdde') in 0.0211681 seconds
Number of updated asset objects reloaded before import = 0Number of asset objects unloaded after import = 0

========================================================================
Received Import Request.
  Time since last request: 0.000199 seconds.
  path: Packages/com.unity.test-framework/UnityEngine.TestRunner/NUnitExtensions/Commands/SetUpTearDownCommand.cs
  artifactKey: Guid(e0db3f3921670cd4ca2e925737c3fba4) Importer(2089858483,b0f066a214c2f5e87bad3c948f4d605d)
Start importing Packages/com.unity.test-framework/UnityEngine.TestRunner/NUnitExtensions/Commands/SetUpTearDownCommand.cs using Guid(e0db3f3921670cd4ca2e925737c3fba4) Importer(2089858483,b0f066a214c2f5e87bad3c948f4d605d) (ScriptedImporter) -> (artifact id: 'ec40c37f7628dfa86235283f4edec6ff') in 0.0250756 seconds
Number of updated asset objects reloaded before import = 0Number of asset objects unloaded after import = 0

========================================================================
Received Import Request.
  Time since last request: 0.000300 seconds.
  path: Packages/com.unity.test-framework/UnityEngine.TestRunner/NUnitExtensions/Runner/UnityTestExecutionContext.cs
  artifactKey: Guid(59ff995fabb3bac45afa0f96f333e5dc) Importer(2089858483,b0f066a214c2f5e87bad3c948f4d605d)
Start importing Packages/com.unity.test-framework/UnityEngine.TestRunner/NUnitExtensions/Runner/UnityTestExecutionContext.cs using Guid(59ff995fabb3bac45afa0f96f333e5dc) Importer(2089858483,b0f066a214c2f5e87bad3c948f4d605d) (ScriptedImporter) -> (artifact id: '0c4654d26b965bff1fa569c7ebcc48a9') in 0.022103 seconds
Number of updated asset objects reloaded before import = 0Number of asset objects unloaded after import = 0

========================================================================
Received Import Request.
  Time since last request: 0.000150 seconds.
  path: Packages/com.unity.test-framework/UnityEngine.TestRunner/Utils/Utils.cs
  artifactKey: Guid(9502550ba4785e3499d6c9251fa2114b) Importer(2089858483,b0f066a214c2f5e87bad3c948f4d605d)
Start importing Packages/com.unity.test-framework/UnityEngine.TestRunner/Utils/Utils.cs using Guid(9502550ba4785e3499d6c9251fa2114b) Importer(2089858483,b0f066a214c2f5e87bad3c948f4d605d) (ScriptedImporter) -> (artifact id: '0d473ce5a7ab531bf34a4f8f67bf49b1') in 0.0211663 seconds
Number of updated asset objects reloaded before import = 0Number of asset objects unloaded after import = 0

========================================================================
Received Import Request.
  Time since last request: 0.000288 seconds.
  path: Packages/com.unity.test-framework/UnityEngine.TestRunner/TestRunner/Callbacks/TestResultRenderer.cs
  artifactKey: Guid(5ebb87899ca30b743bb4274bc00c02b4) Importer(2089858483,b0f066a214c2f5e87bad3c948f4d605d)
Start importing Packages/com.unity.test-framework/UnityEngine.TestRunner/TestRunner/Callbacks/TestResultRenderer.cs using Guid(5ebb87899ca30b743bb4274bc00c02b4) Importer(2089858483,b0f066a214c2f5e87bad3c948f4d605d) (ScriptedImporter) -> (artifact id: '2f37b2f03ac824ff8194aa70a77de8c2') in 0.0192794 seconds
Number of updated asset objects reloaded before import = 0Number of asset objects unloaded after import = 0

========================================================================
Received Import Request.
  Time since last request: 0.000205 seconds.
  path: Packages/com.unity.test-framework/UnityEditor.TestRunner/TestRun/Data/TestJobData.cs
  artifactKey: Guid(80ac8f5b2a7fa904dbc80111be88c8be) Importer(2089858483,b0f066a214c2f5e87bad3c948f4d605d)
Start importing Packages/com.unity.test-framework/UnityEditor.TestRunner/TestRun/Data/TestJobData.cs using Guid(80ac8f5b2a7fa904dbc80111be88c8be) Importer(2089858483,b0f066a214c2f5e87bad3c948f4d605d) (ScriptedImporter) -> (artifact id: 'b4b248d46803666459e8e2b8e75cebc5') in 0.0197668 seconds
Number of updated asset objects reloaded before import = 0Number of asset objects unloaded after import = 0

========================================================================
Received Import Request.
  Time since last request: 0.000121 seconds.
  path: Packages/com.unity.test-framework/UnityEditor.TestRunner/TestRunner/Utils/TestListProvider.cs
  artifactKey: Guid(f15cbb987069826429540d0ea0937442) Importer(2089858483,b0f066a214c2f5e87bad3c948f4d605d)
Start importing Packages/com.unity.test-framework/UnityEditor.TestRunner/TestRunner/Utils/TestListProvider.cs using Guid(f15cbb987069826429540d0ea0937442) Importer(2089858483,b0f066a214c2f5e87bad3c948f4d605d) (ScriptedImporter) -> (artifact id: '23e3f7e9406459508f0c254c0a01a406') in 0.0227676 seconds
Number of updated asset objects reloaded before import = 0Number of asset objects unloaded after import = 0

========================================================================
Received Import Request.
  Time since last request: 0.000162 seconds.
  path: Packages/com.unity.test-framework/UnityEngine.TestRunner/NUnitExtensions/Runner/UnityTestAssemblyRunner.cs
  artifactKey: Guid(874e40a588dbb1e48bc128d686337d4e) Importer(2089858483,b0f066a214c2f5e87bad3c948f4d605d)
Start importing Packages/com.unity.test-framework/UnityEngine.TestRunner/NUnitExtensions/Runner/UnityTestAssemblyRunner.cs using Guid(874e40a588dbb1e48bc128d686337d4e) Importer(2089858483,b0f066a214c2f5e87bad3c948f4d605d) (ScriptedImporter) -> (artifact id: 'd1f6990d1d245a81f78555511ec6d7f9') in 0.0226281 seconds
Number of updated asset objects reloaded before import = 0Number of asset objects unloaded after import = 0

========================================================================
Received Import Request.
  Time since last request: 0.000403 seconds.
  path: Packages/com.unity.test-framework/UnityEditor.TestRunner/TestRun/Tasks/InitializeTestProgressTask.cs
  artifactKey: Guid(83d2df796f82ab847a190a706f00d6eb) Importer(2089858483,b0f066a214c2f5e87bad3c948f4d605d)
Start importing Packages/com.unity.test-framework/UnityEditor.TestRunner/TestRun/Tasks/InitializeTestProgressTask.cs using Guid(83d2df796f82ab847a190a706f00d6eb) Importer(2089858483,b0f066a214c2f5e87bad3c948f4d605d) (ScriptedImporter) -> (artifact id: 'e09604d581e5bb2b73e601cd87e6fb09') in 0.047797 seconds
Number of updated asset objects reloaded before import = 0Number of asset objects unloaded after import = 0

========================================================================
Received Import Request.
  Time since last request: 0.000310 seconds.
  path: Packages/com.unity.test-framework/UnityEngine.TestRunner/Utils/IOuterUnityTestAction.cs
  artifactKey: Guid(b9c2a6302985d3846b7b9f6fd9e2da9a) Importer(2089858483,b0f066a214c2f5e87bad3c948f4d605d)
Start importing Packages/com.unity.test-framework/UnityEngine.TestRunner/Utils/IOuterUnityTestAction.cs using Guid(b9c2a6302985d3846b7b9f6fd9e2da9a) Importer(2089858483,b0f066a214c2f5e87bad3c948f4d605d) (ScriptedImporter) -> (artifact id: '5cdc7343964cbab9175bdd03e265046e') in 0.0248043 seconds
Number of updated asset objects reloaded before import = 0Number of asset objects unloaded after import = 0

========================================================================
Received Import Request.
  Time since last request: 0.000044 seconds.
  path: Packages/com.unity.test-framework/UnityEditor.TestRunner/TestRunner/Utils/EditorAssembliesProxy.cs
  artifactKey: Guid(f96d0ea807c081145a1170ed1b6d71e0) Importer(2089858483,b0f066a214c2f5e87bad3c948f4d605d)
Start importing Packages/com.unity.test-framework/UnityEditor.TestRunner/TestRunner/Utils/EditorAssembliesProxy.cs using Guid(f96d0ea807c081145a1170ed1b6d71e0) Importer(2089858483,b0f066a214c2f5e87bad3c948f4d605d) (ScriptedImporter) -> (artifact id: 'bf57762847560a5af036711c9352569c') in 0.0283233 seconds
Number of updated asset objects reloaded before import = 0Number of asset objects unloaded after import = 0

========================================================================
Received Import Request.
  Time since last request: 0.000238 seconds.
  path: Packages/com.unity.test-framework/UnityEditor.TestRunner/GUI/TestListTreeView/TestListTreeViewGUI.cs
  artifactKey: Guid(52c907c81459f324497af504b84fd557) Importer(2089858483,b0f066a214c2f5e87bad3c948f4d605d)
Start importing Packages/com.unity.test-framework/UnityEditor.TestRunner/GUI/TestListTreeView/TestListTreeViewGUI.cs using Guid(52c907c81459f324497af504b84fd557) Importer(2089858483,b0f066a214c2f5e87bad3c948f4d605d) (ScriptedImporter) -> (artifact id: '84d447f531deaa3152cfd457b3251e89') in 0.0411611 seconds
Number of updated asset objects reloaded before import = 0Number of asset objects unloaded after import = 0

========================================================================
Received Import Request.
  Time since last request: 0.001190 seconds.
  path: Packages/com.unity.test-framework/UnityEditor.TestRunner/GUI/TestAssets/FolderPathTestCompilationContextProvider.cs
  artifactKey: Guid(3d92c578e28043ef95d4b703e008be64) Importer(2089858483,b0f066a214c2f5e87bad3c948f4d605d)
Start importing Packages/com.unity.test-framework/UnityEditor.TestRunner/GUI/TestAssets/FolderPathTestCompilationContextProvider.cs using Guid(3d92c578e28043ef95d4b703e008be64) Importer(2089858483,b0f066a214c2f5e87bad3c948f4d605d) (ScriptedImporter) -> (artifact id: 'd8a8db135034f379f57a9222213e8356') in 0.0409711 seconds
Number of updated asset objects reloaded before import = 0Number of asset objects unloaded after import = 0

========================================================================
Received Import Request.
  Time since last request: 0.000703 seconds.
  path: Packages/com.unity.test-framework/UnityEditor.TestRunner/TestRun/Tasks/EnableTestOutLoggerTask.cs
  artifactKey: Guid(1a9f3fcee3bd2334593373b00d7b5ca2) Importer(2089858483,b0f066a214c2f5e87bad3c948f4d605d)
Start importing Packages/com.unity.test-framework/UnityEditor.TestRunner/TestRun/Tasks/EnableTestOutLoggerTask.cs using Guid(1a9f3fcee3bd2334593373b00d7b5ca2) Importer(2089858483,b0f066a214c2f5e87bad3c948f4d605d) (ScriptedImporter) -> (artifact id: '3700ce16cee2817e57b2260e0e904bcf') in 0.0312624 seconds
Number of updated asset objects reloaded before import = 0Number of asset objects unloaded after import = 0

========================================================================
Received Import Request.
  Time since last request: 0.001168 seconds.
  path: Packages/com.unity.test-framework/UnityEditor.TestRunner/TestRunner/Utils/ITestListProvider.cs
  artifactKey: Guid(64689f8b25eadac4da519e96f514b653) Importer(2089858483,b0f066a214c2f5e87bad3c948f4d605d)
Start importing Packages/com.unity.test-framework/UnityEditor.TestRunner/TestRunner/Utils/ITestListProvider.cs using Guid(64689f8b25eadac4da519e96f514b653) Importer(2089858483,b0f066a214c2f5e87bad3c948f4d605d) (ScriptedImporter) -> (artifact id: 'f74896a2c8a69fad0d208e49baedcc6c') in 0.0309807 seconds
Number of updated asset objects reloaded before import = 0Number of asset objects unloaded after import = 0

========================================================================
Received Import Request.
  Time since last request: 0.000056 seconds.
  path: Packages/com.unity.test-framework/UnityEditor.TestRunner/GUI/Controls/FlagEnumUtility.cs
  artifactKey: Guid(ea6cc55375344f10834cf6fa65197525) Importer(2089858483,b0f066a214c2f5e87bad3c948f4d605d)
Start importing Packages/com.unity.test-framework/UnityEditor.TestRunner/GUI/Controls/FlagEnumUtility.cs using Guid(ea6cc55375344f10834cf6fa65197525) Importer(2089858483,b0f066a214c2f5e87bad3c948f4d605d) (ScriptedImporter) -> (artifact id: '9eed816d4151733c7e0d031b90ee5ffb') in 0.0212287 seconds
Number of updated asset objects reloaded before import = 0Number of asset objects unloaded after import = 0

========================================================================
Received Import Request.
  Time since last request: 0.000269 seconds.
  path: Packages/com.unity.test-framework/UnityEngine.TestRunner/NUnitExtensions/Commands/EnumerableTestState.cs
  artifactKey: Guid(356852e4738840b4b1ab533d3a66f0e1) Importer(2089858483,b0f066a214c2f5e87bad3c948f4d605d)
Start importing Packages/com.unity.test-framework/UnityEngine.TestRunner/NUnitExtensions/Commands/EnumerableTestState.cs using Guid(356852e4738840b4b1ab533d3a66f0e1) Importer(2089858483,b0f066a214c2f5e87bad3c948f4d605d) (ScriptedImporter) -> (artifact id: '0cb92e7e322de3fd22b2804356e47cab') in 0.0268598 seconds
Number of updated asset objects reloaded before import = 0Number of asset objects unloaded after import = 0

========================================================================
Received Import Request.
  Time since last request: 0.000388 seconds.
  path: Packages/com.unity.test-framework/UnityEditor.TestRunner/TestRun/Tasks/CleanupConstructDelegatorTask.cs
  artifactKey: Guid(a155fee568ce42a4b561ee3a27d88532) Importer(2089858483,b0f066a214c2f5e87bad3c948f4d605d)
Start importing Packages/com.unity.test-framework/UnityEditor.TestRunner/TestRun/Tasks/CleanupConstructDelegatorTask.cs using Guid(a155fee568ce42a4b561ee3a27d88532) Importer(2089858483,b0f066a214c2f5e87bad3c948f4d605d) (ScriptedImporter) -> (artifact id: 'e5d67ae3478e6cc8aab3df9a547b29a3') in 0.028291 seconds
Number of updated asset objects reloaded before import = 0Number of asset objects unloaded after import = 0

========================================================================
Received Import Request.
  Time since last request: 0.000443 seconds.
  path: Packages/com.unity.test-framework/UnityEngine.TestRunner/Utils/TestMode.cs
  artifactKey: Guid(d1bd8de22dbd64d6ea3e35a46217cb9b) Importer(2089858483,b0f066a214c2f5e87bad3c948f4d605d)
Start importing Packages/com.unity.test-framework/UnityEngine.TestRunner/Utils/TestMode.cs using Guid(d1bd8de22dbd64d6ea3e35a46217cb9b) Importer(2089858483,b0f066a214c2f5e87bad3c948f4d605d) (ScriptedImporter) -> (artifact id: '4df4f93965ff438d8c76ea8acfb93d78') in 0.0292872 seconds
Number of updated asset objects reloaded before import = 0Number of asset objects unloaded after import = 0

========================================================================
Received Import Request.
  Time since last request: 0.000188 seconds.
  path: Packages/com.unity.test-framework/UnityEditor.TestRunner/GUI/TestListTreeView/Icons.cs
  artifactKey: Guid(27769e9b00b038d47aefe306a4d20bec) Importer(2089858483,b0f066a214c2f5e87bad3c948f4d605d)
Start importing Packages/com.unity.test-framework/UnityEditor.TestRunner/GUI/TestListTreeView/Icons.cs using Guid(27769e9b00b038d47aefe306a4d20bec) Importer(2089858483,b0f066a214c2f5e87bad3c948f4d605d) (ScriptedImporter) -> (artifact id: 'f2c06a82a99c96140e811f8aa4b613e6') in 0.0269817 seconds
Number of updated asset objects reloaded before import = 0Number of asset objects unloaded after import = 0

========================================================================
Received Import Request.
  Time since last request: 0.000354 seconds.
  path: Packages/com.unity.test-framework/UnityEditor.TestRunner/GUI/Controls/GenericItemContentProvider.cs
  artifactKey: Guid(7348ecf02a70497d9a09bd05ad2038ac) Importer(2089858483,b0f066a214c2f5e87bad3c948f4d605d)
Start importing Packages/com.unity.test-framework/UnityEditor.TestRunner/GUI/Controls/GenericItemContentProvider.cs using Guid(7348ecf02a70497d9a09bd05ad2038ac) Importer(2089858483,b0f066a214c2f5e87bad3c948f4d605d) (ScriptedImporter) -> (artifact id: 'e2be5ac6c4778275cf420db8fcdd369b') in 0.0279941 seconds
Number of updated asset objects reloaded before import = 0Number of asset objects unloaded after import = 0

========================================================================
Received Import Request.
  Time since last request: 0.000068 seconds.
  path: Packages/com.unity.test-framework/UnityEditor.TestRunner/TestRun/Tasks/DeleteBootstrapSceneTask.cs
  artifactKey: Guid(6465fa5b49fc4c739059189aca21f391) Importer(2089858483,b0f066a214c2f5e87bad3c948f4d605d)
Start importing Packages/com.unity.test-framework/UnityEditor.TestRunner/TestRun/Tasks/DeleteBootstrapSceneTask.cs using Guid(6465fa5b49fc4c739059189aca21f391) Importer(2089858483,b0f066a214c2f5e87bad3c948f4d605d) (ScriptedImporter) -> (artifact id: '3bfe730b4d63c80d1affd6478601c118') in 0.0285778 seconds
Number of updated asset objects reloaded before import = 0Number of asset objects unloaded after import = 0

========================================================================
Received Import Request.
  Time since last request: 0.000128 seconds.
  path: Packages/com.unity.test-framework/UnityEditor.TestRunner/TestLaunchers/PlatformSetup/XboxOnePlatformSetup.cs
  artifactKey: Guid(aed7ab02155e43341a2dbcb7bc17c160) Importer(2089858483,b0f066a214c2f5e87bad3c948f4d605d)
Start importing Packages/com.unity.test-framework/UnityEditor.TestRunner/TestLaunchers/PlatformSetup/XboxOnePlatformSetup.cs using Guid(aed7ab02155e43341a2dbcb7bc17c160) Importer(2089858483,b0f066a214c2f5e87bad3c948f4d605d) (ScriptedImporter) -> (artifact id: '6f4dd51909ed4941104e0a2959aaf52c') in 0.0227825 seconds
Number of updated asset objects reloaded before import = 0Number of asset objects unloaded after import = 0

========================================================================
Received Import Request.
  Time since last request: 0.000099 seconds.
  path: Packages/com.unity.test-framework/UnityEditor.TestRunner/TestRun/Tasks/CleanupVerificationTask.cs
  artifactKey: Guid(93eb6389f4fb6924987867ce0bc339ee) Importer(2089858483,b0f066a214c2f5e87bad3c948f4d605d)
Start importing Packages/com.unity.test-framework/UnityEditor.TestRunner/TestRun/Tasks/CleanupVerificationTask.cs using Guid(93eb6389f4fb6924987867ce0bc339ee) Importer(2089858483,b0f066a214c2f5e87bad3c948f4d605d) (ScriptedImporter) -> (artifact id: 'a6972c9d4533f62141ef6ccd04c6cd89') in 0.0227365 seconds
Number of updated asset objects reloaded before import = 0Number of asset objects unloaded after import = 0

========================================================================
Received Import Request.
  Time since last request: 0.000111 seconds.
  path: Packages/com.unity.test-framework/UnityEditor.TestRunner/UnityTestProtocol/Messages/QualitySettingsMessage.cs
  artifactKey: Guid(6cf74526594248e88be90b91eb2dbe1c) Importer(2089858483,b0f066a214c2f5e87bad3c948f4d605d)
Start importing Packages/com.unity.test-framework/UnityEditor.TestRunner/UnityTestProtocol/Messages/QualitySettingsMessage.cs using Guid(6cf74526594248e88be90b91eb2dbe1c) Importer(2089858483,b0f066a214c2f5e87bad3c948f4d605d) (ScriptedImporter) -> (artifact id: '36234c356bf5ee0d3ec1f163ecf4ddb9') in 0.0210806 seconds
Number of updated asset objects reloaded before import = 0Number of asset objects unloaded after import = 0

========================================================================
Received Import Request.
  Time since last request: 0.000121 seconds.
  path: Packages/com.unity.test-framework/UnityEngine.TestRunner/NUnitExtensions/Filters/AndFilterExtended.cs
  artifactKey: Guid(94cf1990d9304aff8063ceaa4bc68f6d) Importer(2089858483,b0f066a214c2f5e87bad3c948f4d605d)
Start importing Packages/com.unity.test-framework/UnityEngine.TestRunner/NUnitExtensions/Filters/AndFilterExtended.cs using Guid(94cf1990d9304aff8063ceaa4bc68f6d) Importer(2089858483,b0f066a214c2f5e87bad3c948f4d605d) (ScriptedImporter) -> (artifact id: '6fb24318774c3e2a950d91d7f5886243') in 0.0245504 seconds
Number of updated asset objects reloaded before import = 0Number of asset objects unloaded after import = 0

========================================================================
Received Import Request.
  Time since last request: 0.000192 seconds.
  path: Packages/com.unity.test-framework/UnityEngine.TestRunner/TestRunner/Callbacks/RemoteTestResultSender.cs
  artifactKey: Guid(20793418366caf14293b29c55df5e9ec) Importer(2089858483,b0f066a214c2f5e87bad3c948f4d605d)
Start importing Packages/com.unity.test-framework/UnityEngine.TestRunner/TestRunner/Callbacks/RemoteTestResultSender.cs using Guid(20793418366caf14293b29c55df5e9ec) Importer(2089858483,b0f066a214c2f5e87bad3c948f4d605d) (ScriptedImporter) -> (artifact id: '89ed69cb57f7080ba9db3b02f41d9ebb') in 0.0235396 seconds
Number of updated asset objects reloaded before import = 0Number of asset objects unloaded after import = 0

========================================================================
Received Import Request.
  Time since last request: 0.000393 seconds.
  path: Packages/com.unity.test-framework/UnityEngine.TestRunner/NUnitExtensions/Commands/ParametrizedIgnoreCommand.cs
  artifactKey: Guid(74987b94d22047d8b286a727906b7019) Importer(2089858483,b0f066a214c2f5e87bad3c948f4d605d)
Start importing Packages/com.unity.test-framework/UnityEngine.TestRunner/NUnitExtensions/Commands/ParametrizedIgnoreCommand.cs using Guid(74987b94d22047d8b286a727906b7019) Importer(2089858483,b0f066a214c2f5e87bad3c948f4d605d) (ScriptedImporter) -> (artifact id: 'd4b4e0a6cd2077ce8125fde17fcebf19') in 0.0248773 seconds
Number of updated asset objects reloaded before import = 0Number of asset objects unloaded after import = 0

========================================================================
Received Import Request.
  Time since last request: 0.000172 seconds.
  path: Packages/com.unity.test-framework/UnityEditor.TestRunner/TestRunner/Messages/RecompileScripts.cs
  artifactKey: Guid(9202fbba95ea8294cb5e718f028f21b0) Importer(2089858483,b0f066a214c2f5e87bad3c948f4d605d)
Start importing Packages/com.unity.test-framework/UnityEditor.TestRunner/TestRunner/Messages/RecompileScripts.cs using Guid(9202fbba95ea8294cb5e718f028f21b0) Importer(2089858483,b0f066a214c2f5e87bad3c948f4d605d) (ScriptedImporter) -> (artifact id: '9246a5540317d002b5968db5b10d99ff') in 0.021346 seconds
Number of updated asset objects reloaded before import = 0Number of asset objects unloaded after import = 0

========================================================================
Received Import Request.
  Time since last request: 0.000151 seconds.
  path: Packages/com.unity.test-framework/UnityEditor.TestRunner/TestRun/Tasks/PlayModeRunTask.cs
  artifactKey: Guid(4769fe1e7475c8843b092338acbcad25) Importer(2089858483,b0f066a214c2f5e87bad3c948f4d605d)
Start importing Packages/com.unity.test-framework/UnityEditor.TestRunner/TestRun/Tasks/PlayModeRunTask.cs using Guid(4769fe1e7475c8843b092338acbcad25) Importer(2089858483,b0f066a214c2f5e87bad3c948f4d605d) (ScriptedImporter) -> (artifact id: '6a2c465e92b3d1dc35b336062618c023') in 0.0229356 seconds
Number of updated asset objects reloaded before import = 0Number of asset objects unloaded after import = 0

========================================================================
Received Import Request.
  Time since last request: 0.000095 seconds.
  path: Packages/com.unity.test-framework/UnityEngine.TestRunner/NUnitExtensions/Filters/FullNameFilter.cs
  artifactKey: Guid(f07fb40f4e944ebeb84eb8f8a6bb5b13) Importer(2089858483,b0f066a214c2f5e87bad3c948f4d605d)
Start importing Packages/com.unity.test-framework/UnityEngine.TestRunner/NUnitExtensions/Filters/FullNameFilter.cs using Guid(f07fb40f4e944ebeb84eb8f8a6bb5b13) Importer(2089858483,b0f066a214c2f5e87bad3c948f4d605d) (ScriptedImporter) -> (artifact id: '741b42125ac731964060dbdbdc714cbe') in 0.0230914 seconds
Number of updated asset objects reloaded before import = 0Number of asset objects unloaded after import = 0

========================================================================
Received Import Request.
  Time since last request: 0.000139 seconds.
  path: Packages/com.unity.test-framework/UnityEngine.TestRunner/NUnitExtensions/Commands/ImmediateEnumerableCommand.cs
  artifactKey: Guid(8349e42a2b30c7a4abd8678c203428ba) Importer(2089858483,b0f066a214c2f5e87bad3c948f4d605d)
Start importing Packages/com.unity.test-framework/UnityEngine.TestRunner/NUnitExtensions/Commands/ImmediateEnumerableCommand.cs using Guid(8349e42a2b30c7a4abd8678c203428ba) Importer(2089858483,b0f066a214c2f5e87bad3c948f4d605d) (ScriptedImporter) -> (artifact id: '844528cdc98dd6b132c0bcf0a3dfa48e') in 0.0247013 seconds
Number of updated asset objects reloaded before import = 0Number of asset objects unloaded after import = 0

========================================================================
Received Import Request.
  Time since last request: 0.000042 seconds.
  path: Packages/com.unity.test-framework/UnityEditor.TestRunner/TestLaunchers/PlatformSetup/Switch2PlatformSetup.cs
  artifactKey: Guid(078a3968c1fd87047890f314894a20a1) Importer(2089858483,b0f066a214c2f5e87bad3c948f4d605d)
Start importing Packages/com.unity.test-framework/UnityEditor.TestRunner/TestLaunchers/PlatformSetup/Switch2PlatformSetup.cs using Guid(078a3968c1fd87047890f314894a20a1) Importer(2089858483,b0f066a214c2f5e87bad3c948f4d605d) (ScriptedImporter) -> (artifact id: 'd049711a5f8678dcd3fd9189d055b3db') in 0.0243324 seconds
Number of updated asset objects reloaded before import = 0Number of asset objects unloaded after import = 0

========================================================================
Received Import Request.
  Time since last request: 0.000211 seconds.
  path: Packages/com.unity.test-framework/UnityEditor.TestRunner/TestLaunchers/Helpers/FilePathMetaInfo.cs
  artifactKey: Guid(759855a435cd4b22ade51836cc8b00d6) Importer(2089858483,b0f066a214c2f5e87bad3c948f4d605d)
Start importing Packages/com.unity.test-framework/UnityEditor.TestRunner/TestLaunchers/Helpers/FilePathMetaInfo.cs using Guid(759855a435cd4b22ade51836cc8b00d6) Importer(2089858483,b0f066a214c2f5e87bad3c948f4d605d) (ScriptedImporter) -> (artifact id: '0d258472dc5da6a9ae877b7c86827f8d') in 0.0276374 seconds
Number of updated asset objects reloaded before import = 0Number of asset objects unloaded after import = 0

========================================================================
Received Import Request.
  Time since last request: 0.000267 seconds.
  path: Packages/com.unity.test-framework/UnityEditor.TestRunner/TestRun/Tasks/FilterTestTreeTask.cs
  artifactKey: Guid(92de9780c7bec4f0f89c7c88a2ec15ed) Importer(2089858483,b0f066a214c2f5e87bad3c948f4d605d)
Start importing Packages/com.unity.test-framework/UnityEditor.TestRunner/TestRun/Tasks/FilterTestTreeTask.cs using Guid(92de9780c7bec4f0f89c7c88a2ec15ed) Importer(2089858483,b0f066a214c2f5e87bad3c948f4d605d) (ScriptedImporter) -> (artifact id: '9b3afb2081264429c6d3cbe1b6140530') in 0.0198319 seconds
Number of updated asset objects reloaded before import = 0Number of asset objects unloaded after import = 0

========================================================================
Received Import Request.
  Time since last request: 0.000191 seconds.
  path: Packages/com.unity.test-framework/UnityEngine.TestRunner/Utils/Vector3ComparerWithEqualsOperator.cs
  artifactKey: Guid(5b994928117e3db418da69c821da7e19) Importer(2089858483,b0f066a214c2f5e87bad3c948f4d605d)
Start importing Packages/com.unity.test-framework/UnityEngine.TestRunner/Utils/Vector3ComparerWithEqualsOperator.cs using Guid(5b994928117e3db418da69c821da7e19) Importer(2089858483,b0f066a214c2f5e87bad3c948f4d605d) (ScriptedImporter) -> (artifact id: 'c51450d7ec867967e91ab122e702ca69') in 0.0222245 seconds
Number of updated asset objects reloaded before import = 0Number of asset objects unloaded after import = 0

========================================================================
Received Import Request.
  Time since last request: 0.000151 seconds.
  path: Packages/com.unity.test-framework/UnityEngine.TestRunner/NUnitExtensions/Commands/BeforeAfterTestCommandState.cs
  artifactKey: Guid(7f65567c9026afb4db5de3355accc636) Importer(2089858483,b0f066a214c2f5e87bad3c948f4d605d)
Start importing Packages/com.unity.test-framework/UnityEngine.TestRunner/NUnitExtensions/Commands/BeforeAfterTestCommandState.cs using Guid(7f65567c9026afb4db5de3355accc636) Importer(2089858483,b0f066a214c2f5e87bad3c948f4d605d) (ScriptedImporter) -> (artifact id: 'e5406904f98df824fcf5d7683c0dd28c') in 0.0225082 seconds
Number of updated asset objects reloaded before import = 0Number of asset objects unloaded after import = 0

========================================================================
Received Import Request.
  Time since last request: 0.000210 seconds.
  path: Packages/com.unity.test-framework/UnityEditor.TestRunner/TestRun/Tasks/BuildTestTreeTask.cs
  artifactKey: Guid(a0288e1c9324e824bab7e2044a72a434) Importer(2089858483,b0f066a214c2f5e87bad3c948f4d605d)
Start importing Packages/com.unity.test-framework/UnityEditor.TestRunner/TestRun/Tasks/BuildTestTreeTask.cs using Guid(a0288e1c9324e824bab7e2044a72a434) Importer(2089858483,b0f066a214c2f5e87bad3c948f4d605d) (ScriptedImporter) -> (artifact id: 'df934d1800e8e547b76eab4a6b7761b3') in 0.0243937 seconds
Number of updated asset objects reloaded before import = 0Number of asset objects unloaded after import = 0

========================================================================
Received Import Request.
  Time since last request: 10.054882 seconds.
  path: Packages/com.unity.test-framework/UnityEngine.TestRunner/TestRunner/RemoteHelpers/IRemoteTestResultDataFactory.cs
  artifactKey: Guid(874c0713cdc44f549b0161750b48d2c2) Importer(2089858483,b0f066a214c2f5e87bad3c948f4d605d)
Start importing Packages/com.unity.test-framework/UnityEngine.TestRunner/TestRunner/RemoteHelpers/IRemoteTestResultDataFactory.cs using Guid(874c0713cdc44f549b0161750b48d2c2) Importer(2089858483,b0f066a214c2f5e87bad3c948f4d605d) (ScriptedImporter) -> (artifact id: '1c9b4f27de8a590053ae86a036ba565e') in 0.0219789 seconds
Number of updated asset objects reloaded before import = 0Number of asset objects unloaded after import = 0

========================================================================
Received Import Request.
  Time since last request: 0.000212 seconds.
  path: Packages/com.unity.ugui/Runtime/TMP/TMP_StyleSheet.cs
  artifactKey: Guid(ab2114bdc8544297b417dfefe9f1e410) Importer(2089858483,b0f066a214c2f5e87bad3c948f4d605d)
Start importing Packages/com.unity.ugui/Runtime/TMP/TMP_StyleSheet.cs using Guid(ab2114bdc8544297b417dfefe9f1e410) Importer(2089858483,b0f066a214c2f5e87bad3c948f4d605d) (ScriptedImporter) -> (artifact id: '5d4e8569f697db756ae9380227fd17ca') in 0.0175381 seconds
Number of updated asset objects reloaded before import = 0Number of asset objects unloaded after import = 0

========================================================================
Received Import Request.
  Time since last request: 0.000116 seconds.
  path: Packages/com.unity.ide.visualstudio/Editor/SolutionParser.cs
  artifactKey: Guid(fbbb1ee655846b043baf6c3502b5ce49) Importer(2089858483,b0f066a214c2f5e87bad3c948f4d605d)
Start importing Packages/com.unity.ide.visualstudio/Editor/SolutionParser.cs using Guid(fbbb1ee655846b043baf6c3502b5ce49) Importer(2089858483,b0f066a214c2f5e87bad3c948f4d605d) (ScriptedImporter) -> (artifact id: '22bc25249d9e51198359f092c026841f') in 0.0177666 seconds
Number of updated asset objects reloaded before import = 0Number of asset objects unloaded after import = 0

========================================================================
Received Import Request.
  Time since last request: 0.000079 seconds.
  path: Packages/com.unity.ugui/Editor/Analytics/UGUIBuildAnalytics.cs
  artifactKey: Guid(ea11495227d864849bdb4fa69e931cbc) Importer(2089858483,b0f066a214c2f5e87bad3c948f4d605d)
Start importing Packages/com.unity.ugui/Editor/Analytics/UGUIBuildAnalytics.cs using Guid(ea11495227d864849bdb4fa69e931cbc) Importer(2089858483,b0f066a214c2f5e87bad3c948f4d605d) (ScriptedImporter) -> (artifact id: '9abfc0ce8e63d1e342235aecd6a200dc') in 0.016281 seconds
Number of updated asset objects reloaded before import = 0Number of asset objects unloaded after import = 0

========================================================================
Received Import Request.
  Time since last request: 0.000162 seconds.
  path: Packages/com.unity.ugui/Runtime/TMP/TMP_TextProcessingStack.cs
  artifactKey: Guid(20a9b557a46149dfbfa04a3a7080f5aa) Importer(2089858483,b0f066a214c2f5e87bad3c948f4d605d)
Start importing Packages/com.unity.ugui/Runtime/TMP/TMP_TextProcessingStack.cs using Guid(20a9b557a46149dfbfa04a3a7080f5aa) Importer(2089858483,b0f066a214c2f5e87bad3c948f4d605d) (ScriptedImporter) -> (artifact id: 'b0adeeca270cb5d01d0c197cb31f0d77') in 0.017789 seconds
Number of updated asset objects reloaded before import = 0Number of asset objects unloaded after import = 0

========================================================================
Received Import Request.
  Time since last request: 0.000090 seconds.
  path: Packages/com.unity.ide.vscode/package.json
  artifactKey: Guid(ffc6271f08270b64ca0aae9c49235d81) Importer(2089858483,b0f066a214c2f5e87bad3c948f4d605d)
Start importing Packages/com.unity.ide.vscode/package.json using Guid(ffc6271f08270b64ca0aae9c49235d81) Importer(2089858483,b0f066a214c2f5e87bad3c948f4d605d) (ScriptedImporter) -> (artifact id: '7f110b22ea50a5ba3c60c3644ee9dc8b') in 0.01584 seconds
Number of updated asset objects reloaded before import = 0Number of asset objects unloaded after import = 1

========================================================================
Received Import Request.
  Time since last request: 0.000090 seconds.
  path: Packages/com.unity.ugui/Editor/UGUI/UI/ImageEditor.cs
  artifactKey: Guid(b759d61544e231c41bc88530b1d94ee8) Importer(2089858483,b0f066a214c2f5e87bad3c948f4d605d)
Start importing Packages/com.unity.ugui/Editor/UGUI/UI/ImageEditor.cs using Guid(b759d61544e231c41bc88530b1d94ee8) Importer(2089858483,b0f066a214c2f5e87bad3c948f4d605d) (ScriptedImporter) -> (artifact id: 'e1b51635d5cc1ee366d518169bee7f61') in 0.0190467 seconds
Number of updated asset objects reloaded before import = 0Number of asset objects unloaded after import = 0

========================================================================
Received Import Request.
  Time since last request: 0.000079 seconds.
  path: Packages/com.unity.test-framework/UnityEditor.TestRunner/TestRun/Tasks/Scene/SaveModifiedSceneTask.cs
  artifactKey: Guid(881143a1a3652e343bdcc07166d6f6f6) Importer(2089858483,b0f066a214c2f5e87bad3c948f4d605d)
Start importing Packages/com.unity.test-framework/UnityEditor.TestRunner/TestRun/Tasks/Scene/SaveModifiedSceneTask.cs using Guid(881143a1a3652e343bdcc07166d6f6f6) Importer(2089858483,b0f066a214c2f5e87bad3c948f4d605d) (ScriptedImporter) -> (artifact id: '57ce1dae7b219bd126d5941908d274de') in 0.0144649 seconds
Number of updated asset objects reloaded before import = 0Number of asset objects unloaded after import = 0

========================================================================
Received Import Request.
  Time since last request: 0.000193 seconds.
  path: Packages/com.unity.ugui/Editor/TMP/TMP_StyleSheetEditor.cs
  artifactKey: Guid(34e2c9b9d9e44953933afe37461f44e6) Importer(2089858483,b0f066a214c2f5e87bad3c948f4d605d)
Start importing Packages/com.unity.ugui/Editor/TMP/TMP_StyleSheetEditor.cs using Guid(34e2c9b9d9e44953933afe37461f44e6) Importer(2089858483,b0f066a214c2f5e87bad3c948f4d605d) (ScriptedImporter) -> (artifact id: '595c7cf4f1dca8191e64072ed2ef9f37') in 0.0169888 seconds
Number of updated asset objects reloaded before import = 0Number of asset objects unloaded after import = 0

========================================================================
Received Import Request.
  Time since last request: 0.000138 seconds.
  path: Packages/com.unity.ide.vscode/CHANGELOG.md
  artifactKey: Guid(4ddcdc3816429494a8bea67e973875f7) Importer(2089858483,b0f066a214c2f5e87bad3c948f4d605d)
Start importing Packages/com.unity.ide.vscode/CHANGELOG.md using Guid(4ddcdc3816429494a8bea67e973875f7) Importer(2089858483,b0f066a214c2f5e87bad3c948f4d605d) (ScriptedImporter) -> (artifact id: 'a47bdd63afe5e5810463c26840e52935') in 0.0192532 seconds
Number of updated asset objects reloaded before import = 0Number of asset objects unloaded after import = 1

========================================================================
Received Import Request.
  Time since last request: 0.000048 seconds.
  path: Packages/com.unity.ugui/Editor Resources/Textures/btn_AlignFlush_Light.psd
  artifactKey: Guid(64b9fad609434c489c32b1cdf2004a1c) Importer(2089858483,b0f066a214c2f5e87bad3c948f4d605d)
Start importing Packages/com.unity.ugui/Editor Resources/Textures/btn_AlignFlush_Light.psd using Guid(64b9fad609434c489c32b1cdf2004a1c) Importer(2089858483,b0f066a214c2f5e87bad3c948f4d605d) (ScriptedImporter) -> (artifact id: 'db7d1410bfb5647eab876b472482b7ea') in 0.0243979 seconds
Number of updated asset objects reloaded before import = 0Number of asset objects unloaded after import = 1

========================================================================
Received Import Request.
  Time since last request: 0.000043 seconds.
  path: Packages/com.unity.test-framework/UnityEngine.TestRunner/Utils/AssemblyProvider/ScriptingRuntimeProxy.cs
  artifactKey: Guid(f3a361a6ad1aff14ba8f48976e94ad76) Importer(2089858483,b0f066a214c2f5e87bad3c948f4d605d)
Start importing Packages/com.unity.test-framework/UnityEngine.TestRunner/Utils/AssemblyProvider/ScriptingRuntimeProxy.cs using Guid(f3a361a6ad1aff14ba8f48976e94ad76) Importer(2089858483,b0f066a214c2f5e87bad3c948f4d605d) (ScriptedImporter) -> (artifact id: '685834de89a45c5038621b0e88e5af9c') in 0.0181973 seconds
Number of updated asset objects reloaded before import = 0Number of asset objects unloaded after import = 0

========================================================================
Received Import Request.
  Time since last request: 0.000154 seconds.
  path: Packages/com.unity.ugui/Editor Resources/Gizmos/TMP - Input Field Icon.psd
  artifactKey: Guid(3ee40aa79cd242a5b53b0b0ca4f13f0f) Importer(2089858483,b0f066a214c2f5e87bad3c948f4d605d)
Start importing Packages/com.unity.ugui/Editor Resources/Gizmos/TMP - Input Field Icon.psd using Guid(3ee40aa79cd242a5b53b0b0ca4f13f0f) Importer(2089858483,b0f066a214c2f5e87bad3c948f4d605d) (ScriptedImporter) -> (artifact id: '253599665ee07c2adf73f13a63868381') in 0.0274769 seconds
Number of updated asset objects reloaded before import = 0Number of asset objects unloaded after import = 1

========================================================================
Received Import Request.
  Time since last request: 0.000041 seconds.
  path: Packages/com.unity.ugui/Runtime/InternalBridge/ObjectUtilsBridge.cs
  artifactKey: Guid(0ce5fe4db14be432cab1bc46704eef4c) Importer(2089858483,b0f066a214c2f5e87bad3c948f4d605d)
Start importing Packages/com.unity.ugui/Runtime/InternalBridge/ObjectUtilsBridge.cs using Guid(0ce5fe4db14be432cab1bc46704eef4c) Importer(2089858483,b0f066a214c2f5e87bad3c948f4d605d) (ScriptedImporter) -> (artifact id: '8fc440b32e495f2ab8db9a7d51f1b809') in 0.0154767 seconds
Number of updated asset objects reloaded before import = 0Number of asset objects unloaded after import = 0

========================================================================
Received Import Request.
  Time since last request: 0.000053 seconds.
  path: Packages/com.unity.ide.visualstudio/CONTRIBUTING.md
  artifactKey: Guid(cd78ce5b75b8be84d8b94cd99903161f) Importer(2089858483,b0f066a214c2f5e87bad3c948f4d605d)
Start importing Packages/com.unity.ide.visualstudio/CONTRIBUTING.md using Guid(cd78ce5b75b8be84d8b94cd99903161f) Importer(2089858483,b0f066a214c2f5e87bad3c948f4d605d) (ScriptedImporter) -> (artifact id: 'a0b67a4dc982c84af9d87c8b5f7218f7') in 0.0180802 seconds
Number of updated asset objects reloaded before import = 0Number of asset objects unloaded after import = 1

========================================================================
Received Import Request.
  Time since last request: 0.000191 seconds.
  path: Packages/com.unity.test-framework/UnityEditor.TestRunner/TestRun/Tasks/Events/RunStartedInvocationEvent.cs
  artifactKey: Guid(59267e29055f657429098a57e13debe1) Importer(2089858483,b0f066a214c2f5e87bad3c948f4d605d)
Start importing Packages/com.unity.test-framework/UnityEditor.TestRunner/TestRun/Tasks/Events/RunStartedInvocationEvent.cs using Guid(59267e29055f657429098a57e13debe1) Importer(2089858483,b0f066a214c2f5e87bad3c948f4d605d) (ScriptedImporter) -> (artifact id: '303c29e190bcc2cbd7ead5cc91333f6a') in 0.0158259 seconds
Number of updated asset objects reloaded before import = 0Number of asset objects unloaded after import = 0

========================================================================
Received Import Request.
  Time since last request: 0.000161 seconds.
  path: Packages/com.unity.modules.audio/package.json
  artifactKey: Guid(e9df95f53f1c1d0c9199e235d6c42b50) Importer(2089858483,b0f066a214c2f5e87bad3c948f4d605d)
Start importing Packages/com.unity.modules.audio/package.json using Guid(e9df95f53f1c1d0c9199e235d6c42b50) Importer(2089858483,b0f066a214c2f5e87bad3c948f4d605d) (ScriptedImporter) -> (artifact id: '7625bcf9fb6ef3acd0752a7bd097b615') in 0.0178723 seconds
Number of updated asset objects reloaded before import = 0Number of asset objects unloaded after import = 1

========================================================================
Received Import Request.
  Time since last request: 0.000046 seconds.
  path: Packages/com.unity.ugui/Editor/UGUI/EventSystem/InputModuleComponentFactory.cs
  artifactKey: Guid(765f7aac6597fc444a90dac4294e929d) Importer(2089858483,b0f066a214c2f5e87bad3c948f4d605d)
Start importing Packages/com.unity.ugui/Editor/UGUI/EventSystem/InputModuleComponentFactory.cs using Guid(765f7aac6597fc444a90dac4294e929d) Importer(2089858483,b0f066a214c2f5e87bad3c948f4d605d) (ScriptedImporter) -> (artifact id: 'be1fbd1af67254b8eb6d98b0f441dcd3') in 0.0166987 seconds
Number of updated asset objects reloaded before import = 0Number of asset objects unloaded after import = 0

========================================================================
Received Import Request.
  Time since last request: 0.000151 seconds.
  path: Packages/com.unity.ugui/Editor/TMP/TMP_SettingsEditor.cs
  artifactKey: Guid(0386b6eb838c47138cd51d1c1b879a35) Importer(2089858483,b0f066a214c2f5e87bad3c948f4d605d)
Start importing Packages/com.unity.ugui/Editor/TMP/TMP_SettingsEditor.cs using Guid(0386b6eb838c47138cd51d1c1b879a35) Importer(2089858483,b0f066a214c2f5e87bad3c948f4d605d) (ScriptedImporter) -> (artifact id: 'c633fbc3fffa6af7300c665729e9b905') in 0.0184123 seconds
Number of updated asset objects reloaded before import = 0Number of asset objects unloaded after import = 0

========================================================================
Received Import Request.
  Time since last request: 0.000100 seconds.
  path: Packages/com.unity.ugui/Editor Resources/Textures/btn_AlignCapLine_Light.psd
  artifactKey: Guid(49679f302ac6408697f6b9314a38985c) Importer(2089858483,b0f066a214c2f5e87bad3c948f4d605d)
Start importing Packages/com.unity.ugui/Editor Resources/Textures/btn_AlignCapLine_Light.psd using Guid(49679f302ac6408697f6b9314a38985c) Importer(2089858483,b0f066a214c2f5e87bad3c948f4d605d) (ScriptedImporter) -> (artifact id: '9f9a3412fbacf752e25943f94f36902a') in 0.0237202 seconds
Number of updated asset objects reloaded before import = 0Number of asset objects unloaded after import = 1

========================================================================
Received Import Request.
  Time since last request: 0.000234 seconds.
  path: Packages/com.unity.test-framework/UnityEngine.TestRunner/Utils/MonoBehaviourTest/MonoBehaviourTest.cs
  artifactKey: Guid(164c9b1458eaab743a4b45c37a4d720d) Importer(2089858483,b0f066a214c2f5e87bad3c948f4d605d)
Start importing Packages/com.unity.test-framework/UnityEngine.TestRunner/Utils/MonoBehaviourTest/MonoBehaviourTest.cs using Guid(164c9b1458eaab743a4b45c37a4d720d) Importer(2089858483,b0f066a214c2f5e87bad3c948f4d605d) (ScriptedImporter) -> (artifact id: '693bbbb636bda44c9d2b0046762d7bad') in 0.0181931 seconds
Number of updated asset objects reloaded before import = 0Number of asset objects unloaded after import = 0

========================================================================
Received Import Request.
  Time since last request: 0.000055 seconds.
  path: Packages/com.unity.ugui/Editor/TMP/TMP_SubMesh_Editor.cs
  artifactKey: Guid(dd2fe74169b54bf58fca17288513ef38) Importer(2089858483,b0f066a214c2f5e87bad3c948f4d605d)
Start importing Packages/com.unity.ugui/Editor/TMP/TMP_SubMesh_Editor.cs using Guid(dd2fe74169b54bf58fca17288513ef38) Importer(2089858483,b0f066a214c2f5e87bad3c948f4d605d) (ScriptedImporter) -> (artifact id: '9bbc363e2b633f000fc5063af0a45e5d') in 0.0228792 seconds
Number of updated asset objects reloaded before import = 0Number of asset objects unloaded after import = 0

========================================================================
Received Import Request.
  Time since last request: 0.000181 seconds.
  path: Packages/com.unity.ugui/Tests/Editor/TMP/FontEngineTests.cs
  artifactKey: Guid(ec4b2559effa72e42a09339d71efef3d) Importer(2089858483,b0f066a214c2f5e87bad3c948f4d605d)
Start importing Packages/com.unity.ugui/Tests/Editor/TMP/FontEngineTests.cs using Guid(ec4b2559effa72e42a09339d71efef3d) Importer(2089858483,b0f066a214c2f5e87bad3c948f4d605d) (ScriptedImporter) -> (artifact id: '1c3ecb272696ce84c48b29276ebc4780') in 0.0174999 seconds
Number of updated asset objects reloaded before import = 0Number of asset objects unloaded after import = 0

========================================================================
Received Import Request.
  Time since last request: 0.000134 seconds.
  path: Packages/com.unity.ide.visualstudio/Editor/Messaging/Serializer.cs
  artifactKey: Guid(369c09afe05d2c346af49faef943c773) Importer(2089858483,b0f066a214c2f5e87bad3c948f4d605d)
Start importing Packages/com.unity.ide.visualstudio/Editor/Messaging/Serializer.cs using Guid(369c09afe05d2c346af49faef943c773) Importer(2089858483,b0f066a214c2f5e87bad3c948f4d605d) (ScriptedImporter) -> (artifact id: 'f77693dd04042d83fbca1f550e97f764') in 0.0200378 seconds
Number of updated asset objects reloaded before import = 0Number of asset objects unloaded after import = 0

========================================================================
Received Import Request.
  Time since last request: 2.164424 seconds.
  path: Packages/com.unity.ugui/Tests/Runtime/TMP/TMP_RuntimeTests.cs
  artifactKey: Guid(9de24983a2c6cbe4f925c3e98a79b804) Importer(2089858483,b0f066a214c2f5e87bad3c948f4d605d)
Start importing Packages/com.unity.ugui/Tests/Runtime/TMP/TMP_RuntimeTests.cs using Guid(9de24983a2c6cbe4f925c3e98a79b804) Importer(2089858483,b0f066a214c2f5e87bad3c948f4d605d) (ScriptedImporter) -> (artifact id: '723f2816f7bbfe4d675cfbd9536bfcdc') in 0.0257156 seconds
Number of updated asset objects reloaded before import = 0Number of asset objects unloaded after import = 0

========================================================================
Received Import Request.
  Time since last request: 0.000103 seconds.
  path: Packages/com.unity.ugui/Runtime/UGUI/UI/Core/StencilMaterial.cs
  artifactKey: Guid(69ae55f76840b2849ba56cfb53a17df0) Importer(2089858483,b0f066a214c2f5e87bad3c948f4d605d)
Start importing Packages/com.unity.ugui/Runtime/UGUI/UI/Core/StencilMaterial.cs using Guid(69ae55f76840b2849ba56cfb53a17df0) Importer(2089858483,b0f066a214c2f5e87bad3c948f4d605d) (ScriptedImporter) -> (artifact id: '9837a093518a9d8ee747b2da31e1f1b0') in 0.0288786 seconds
Number of updated asset objects reloaded before import = 0Number of asset objects unloaded after import = 0

========================================================================
Received Import Request.
  Time since last request: 0.001234 seconds.
  path: Packages/com.unity.ugui/Runtime/UGUI/UI/Core/Misc.cs
  artifactKey: Guid(828075bc53f2de84982a943870529b7b) Importer(2089858483,b0f066a214c2f5e87bad3c948f4d605d)
Start importing Packages/com.unity.ugui/Runtime/UGUI/UI/Core/Misc.cs using Guid(828075bc53f2de84982a943870529b7b) Importer(2089858483,b0f066a214c2f5e87bad3c948f4d605d) (ScriptedImporter) -> (artifact id: 'f2c1fd30092f2a80652e179089041aaa') in 0.0387873 seconds
Number of updated asset objects reloaded before import = 0Number of asset objects unloaded after import = 0

========================================================================
Received Import Request.
  Time since last request: 0.000246 seconds.
  path: Packages/com.unity.ugui/Editor/UGUI/UI/PropertyDrawers/ColorBlockDrawer.cs
  artifactKey: Guid(b825fd5f27403b84f97726dd9c5a5e6f) Importer(2089858483,b0f066a214c2f5e87bad3c948f4d605d)
Start importing Packages/com.unity.ugui/Editor/UGUI/UI/PropertyDrawers/ColorBlockDrawer.cs using Guid(b825fd5f27403b84f97726dd9c5a5e6f) Importer(2089858483,b0f066a214c2f5e87bad3c948f4d605d) (ScriptedImporter) -> (artifact id: '9eb32cddd44d6096821a900fdbe8610c') in 0.0330354 seconds
Number of updated asset objects reloaded before import = 0Number of asset objects unloaded after import = 0

========================================================================
Received Import Request.
  Time since last request: 0.000066 seconds.
  path: Packages/com.unity.ugui/Runtime/UGUI/EventSystem/UIElements/PanelEventHandler.cs
  artifactKey: Guid(8a410b213209442fb15a69799f0240a5) Importer(2089858483,b0f066a214c2f5e87bad3c948f4d605d)
Start importing Packages/com.unity.ugui/Runtime/UGUI/EventSystem/UIElements/PanelEventHandler.cs using Guid(8a410b213209442fb15a69799f0240a5) Importer(2089858483,b0f066a214c2f5e87bad3c948f4d605d) (ScriptedImporter) -> (artifact id: 'a41fe3d428192158477795ebaa6cac70') in 0.0284572 seconds
Number of updated asset objects reloaded before import = 0Number of asset objects unloaded after import = 0

========================================================================
Received Import Request.
  Time since last request: 0.000253 seconds.
  path: Packages/com.unity.ugui/Runtime/UGUI/UI/Core/ScrollRect.cs
  artifactKey: Guid(1aa08ab6e0800fa44ae55d278d1423e3) Importer(2089858483,b0f066a214c2f5e87bad3c948f4d605d)
Start importing Packages/com.unity.ugui/Runtime/UGUI/UI/Core/ScrollRect.cs using Guid(1aa08ab6e0800fa44ae55d278d1423e3) Importer(2089858483,b0f066a214c2f5e87bad3c948f4d605d) (ScriptedImporter) -> (artifact id: '0d2dbb6714f591ea7192abf0c37d7e51') in 0.0255183 seconds
Number of updated asset objects reloaded before import = 0Number of asset objects unloaded after import = 0

========================================================================
Received Import Request.
  Time since last request: 0.000268 seconds.
  path: Packages/com.unity.ugui/Tests/Editor/UGUI/Canvas/CanvasWidthAssertionErrorWithRectTransform.cs
  artifactKey: Guid(4585b5feb801bdb44b0e5eafdd95a3be) Importer(2089858483,b0f066a214c2f5e87bad3c948f4d605d)
Start importing Packages/com.unity.ugui/Tests/Editor/UGUI/Canvas/CanvasWidthAssertionErrorWithRectTransform.cs using Guid(4585b5feb801bdb44b0e5eafdd95a3be) Importer(2089858483,b0f066a214c2f5e87bad3c948f4d605d) (ScriptedImporter) -> (artifact id: '3aa53602e60564de9d5b5fb5e69f4634') in 0.0221958 seconds
Number of updated asset objects reloaded before import = 0Number of asset objects unloaded after import = 0

========================================================================
Received Import Request.
  Time since last request: 0.000534 seconds.
  path: Packages/com.unity.ugui/Tests/Editor/UGUI/Canvas/CanvasElementsMaintainValidPositionsWhenCameraOrthoSizeIsZero.cs
  artifactKey: Guid(35a0d10199de49f4db0128003bfd3bda) Importer(2089858483,b0f066a214c2f5e87bad3c948f4d605d)
Start importing Packages/com.unity.ugui/Tests/Editor/UGUI/Canvas/CanvasElementsMaintainValidPositionsWhenCameraOrthoSizeIsZero.cs using Guid(35a0d10199de49f4db0128003bfd3bda) Importer(2089858483,b0f066a214c2f5e87bad3c948f4d605d) (ScriptedImporter) -> (artifact id: '01da0023a0b4bc63286294a2a3fba506') in 0.026178 seconds
Number of updated asset objects reloaded before import = 0Number of asset objects unloaded after import = 0

========================================================================
Received Import Request.
  Time since last request: 0.000259 seconds.
  path: Packages/com.unity.ugui/Runtime/UGUI/UI/Core/GraphicRegistry.cs
  artifactKey: Guid(69e3979b7029e8a4da2d96b714ba5c3a) Importer(2089858483,b0f066a214c2f5e87bad3c948f4d605d)
Start importing Packages/com.unity.ugui/Runtime/UGUI/UI/Core/GraphicRegistry.cs using Guid(69e3979b7029e8a4da2d96b714ba5c3a) Importer(2089858483,b0f066a214c2f5e87bad3c948f4d605d) (ScriptedImporter) -> (artifact id: 'c1986e0273d91b515cd845631b802b8b') in 0.021226 seconds
Number of updated asset objects reloaded before import = 0Number of asset objects unloaded after import = 0

========================================================================
Received Import Request.
  Time since last request: 0.000048 seconds.
  path: Packages/com.unity.ugui/Runtime/UGUI/EventSystem/UIElements/UIToolkitInteroperabilityBridge.cs
  artifactKey: Guid(ba923e2b58fea044bb1f8839376a1118) Importer(2089858483,b0f066a214c2f5e87bad3c948f4d605d)
Start importing Packages/com.unity.ugui/Runtime/UGUI/EventSystem/UIElements/UIToolkitInteroperabilityBridge.cs using Guid(ba923e2b58fea044bb1f8839376a1118) Importer(2089858483,b0f066a214c2f5e87bad3c948f4d605d) (ScriptedImporter) -> (artifact id: '968f55197b40bdea845a14d88fa30f12') in 0.0245359 seconds
Number of updated asset objects reloaded before import = 0Number of asset objects unloaded after import = 0

========================================================================
Received Import Request.
  Time since last request: 0.000238 seconds.
  path: Packages/com.unity.ugui/Runtime/UGUI/EventSystem/InputModules/PointerInputModule.cs
  artifactKey: Guid(cbab8835092323a4389f2dc7d8f6c781) Importer(2089858483,b0f066a214c2f5e87bad3c948f4d605d)
Start importing Packages/com.unity.ugui/Runtime/UGUI/EventSystem/InputModules/PointerInputModule.cs using Guid(cbab8835092323a4389f2dc7d8f6c781) Importer(2089858483,b0f066a214c2f5e87bad3c948f4d605d) (ScriptedImporter) -> (artifact id: '3d72bf4e92e9c539b58ec1d3046927b9') in 0.0214955 seconds
Number of updated asset objects reloaded before import = 0Number of asset objects unloaded after import = 0

========================================================================
Received Import Request.
  Time since last request: 0.000191 seconds.
  path: Packages/com.unity.ugui/Tests/Editor/UGUI/InputField/CharacterLimitValidation.cs
  artifactKey: Guid(4b8be68229770db4ea3c78ab0d854325) Importer(2089858483,b0f066a214c2f5e87bad3c948f4d605d)
Start importing Packages/com.unity.ugui/Tests/Editor/UGUI/InputField/CharacterLimitValidation.cs using Guid(4b8be68229770db4ea3c78ab0d854325) Importer(2089858483,b0f066a214c2f5e87bad3c948f4d605d) (ScriptedImporter) -> (artifact id: '7aa907729ff93d8e11a564d7a05acf88') in 0.0270008 seconds
Number of updated asset objects reloaded before import = 0Number of asset objects unloaded after import = 0

========================================================================
Received Import Request.
  Time since last request: 0.000336 seconds.
  path: Packages/com.unity.ugui/Runtime/UGUI/EventSystem/EventData/BaseEventData.cs
  artifactKey: Guid(91f495459b6e34f419ac123740d798b1) Importer(2089858483,b0f066a214c2f5e87bad3c948f4d605d)
Start importing Packages/com.unity.ugui/Runtime/UGUI/EventSystem/EventData/BaseEventData.cs using Guid(91f495459b6e34f419ac123740d798b1) Importer(2089858483,b0f066a214c2f5e87bad3c948f4d605d) (ScriptedImporter) -> (artifact id: '46158f85bdb8a4e9bfcbf94d24e00e6c') in 0.0273143 seconds
Number of updated asset objects reloaded before import = 0Number of asset objects unloaded after import = 0

========================================================================
Received Import Request.
  Time since last request: 0.000191 seconds.
  path: Packages/com.unity.ugui/Runtime/UGUI/UI/Core/Graphic.cs
  artifactKey: Guid(a6238e9452bfc704f82ff36791fe1a45) Importer(2089858483,b0f066a214c2f5e87bad3c948f4d605d)
Start importing Packages/com.unity.ugui/Runtime/UGUI/UI/Core/Graphic.cs using Guid(a6238e9452bfc704f82ff36791fe1a45) Importer(2089858483,b0f066a214c2f5e87bad3c948f4d605d) (ScriptedImporter) -> (artifact id: '870a4ec9cd9420ae2578a7ebf93e9be7') in 0.0267181 seconds
Number of updated asset objects reloaded before import = 0Number of asset objects unloaded after import = 0

========================================================================
Received Import Request.
  Time since last request: 0.000135 seconds.
  path: Packages/com.unity.ugui/Runtime/UGUI/UI/Core/FontUpdateTracker.cs
  artifactKey: Guid(39ab466162988eb4f83443f911bbf5c8) Importer(2089858483,b0f066a214c2f5e87bad3c948f4d605d)
Start importing Packages/com.unity.ugui/Runtime/UGUI/UI/Core/FontUpdateTracker.cs using Guid(39ab466162988eb4f83443f911bbf5c8) Importer(2089858483,b0f066a214c2f5e87bad3c948f4d605d) (ScriptedImporter) -> (artifact id: '74187671c40b16c45439ca5e7b554866') in 0.027127 seconds
Number of updated asset objects reloaded before import = 0Number of asset objects unloaded after import = 0

========================================================================
Received Import Request.
  Time since last request: 0.000207 seconds.
  path: Packages/com.unity.ugui/Runtime/UGUI/EventSystem/InputModules/BaseInputModule.cs
  artifactKey: Guid(1ea10891dd782154ca0fb67bce9e6f72) Importer(2089858483,b0f066a214c2f5e87bad3c948f4d605d)
Start importing Packages/com.unity.ugui/Runtime/UGUI/EventSystem/InputModules/BaseInputModule.cs using Guid(1ea10891dd782154ca0fb67bce9e6f72) Importer(2089858483,b0f066a214c2f5e87bad3c948f4d605d) (ScriptedImporter) -> (artifact id: '43b809bb119358a7f8650766a0a7ee82') in 0.0241593 seconds
Number of updated asset objects reloaded before import = 0Number of asset objects unloaded after import = 0

========================================================================
Received Import Request.
  Time since last request: 0.000162 seconds.
  path: Packages/com.unity.ugui/Tests/Editor/UGUI/EventSystem/EventTriggerRemoveDuringExecution.cs
  artifactKey: Guid(4adb1f65bbae8004a88d8f5bc3523298) Importer(2089858483,b0f066a214c2f5e87bad3c948f4d605d)
Start importing Packages/com.unity.ugui/Tests/Editor/UGUI/EventSystem/EventTriggerRemoveDuringExecution.cs using Guid(4adb1f65bbae8004a88d8f5bc3523298) Importer(2089858483,b0f066a214c2f5e87bad3c948f4d605d) (ScriptedImporter) -> (artifact id: 'dac635bb43b69b8c0ab95fc10b108703') in 0.0260534 seconds
Number of updated asset objects reloaded before import = 0Number of asset objects unloaded after import = 0

========================================================================
Received Import Request.
  Time since last request: 0.000209 seconds.
  path: Packages/com.unity.ugui/Runtime/UGUI/EventSystem/UIElements/PanelRaycaster.cs
  artifactKey: Guid(7a79c4e23d4d4b64bfa5fa9e6671a460) Importer(2089858483,b0f066a214c2f5e87bad3c948f4d605d)
Start importing Packages/com.unity.ugui/Runtime/UGUI/EventSystem/UIElements/PanelRaycaster.cs using Guid(7a79c4e23d4d4b64bfa5fa9e6671a460) Importer(2089858483,b0f066a214c2f5e87bad3c948f4d605d) (ScriptedImporter) -> (artifact id: '070b2f0ecfe725018a38775cbe47d9d3') in 0.0231723 seconds
Number of updated asset objects reloaded before import = 0Number of asset objects unloaded after import = 0

========================================================================
Received Import Request.
  Time since last request: 0.000234 seconds.
  path: Packages/com.unity.ugui/Tests/Editor/UGUI/Dropdown/DropdownOptionsListDrawer.cs
  artifactKey: Guid(b180d0cec21671c45a32a9ce99bff2f5) Importer(2089858483,b0f066a214c2f5e87bad3c948f4d605d)
Start importing Packages/com.unity.ugui/Tests/Editor/UGUI/Dropdown/DropdownOptionsListDrawer.cs using Guid(b180d0cec21671c45a32a9ce99bff2f5) Importer(2089858483,b0f066a214c2f5e87bad3c948f4d605d) (ScriptedImporter) -> (artifact id: '74fc0183a572afd8c29c06545d601411') in 0.0307911 seconds
Number of updated asset objects reloaded before import = 0Number of asset objects unloaded after import = 0

========================================================================
Received Import Request.
  Time since last request: 0.000265 seconds.
  path: Packages/com.unity.ugui/Tests/Runtime/TMP/Unity.TextMeshPro.Tests.asmdef
  artifactKey: Guid(bb05cab7d802aa5468f8f2f86840d984) Importer(2089858483,b0f066a214c2f5e87bad3c948f4d605d)
Start importing Packages/com.unity.ugui/Tests/Runtime/TMP/Unity.TextMeshPro.Tests.asmdef using Guid(bb05cab7d802aa5468f8f2f86840d984) Importer(2089858483,b0f066a214c2f5e87bad3c948f4d605d) (ScriptedImporter) -> (artifact id: '71f484ba15ff05943f383fd58bed4e71') in 0.0294517 seconds
Number of updated asset objects reloaded before import = 0Number of asset objects unloaded after import = 1

========================================================================
Received Import Request.
  Time since last request: 0.000160 seconds.
  path: Packages/com.unity.ugui/Runtime/UGUI/EventSystem/EventData/AxisEventData.cs
  artifactKey: Guid(b180fd8310805e44dbbef545d0231418) Importer(2089858483,b0f066a214c2f5e87bad3c948f4d605d)
Start importing Packages/com.unity.ugui/Runtime/UGUI/EventSystem/EventData/AxisEventData.cs using Guid(b180fd8310805e44dbbef545d0231418) Importer(2089858483,b0f066a214c2f5e87bad3c948f4d605d) (ScriptedImporter) -> (artifact id: '5809bc44d836a3eeec9f01431cef4524') in 0.0280454 seconds
Number of updated asset objects reloaded before import = 0Number of asset objects unloaded after import = 0

========================================================================
Received Import Request.
  Time since last request: 0.000058 seconds.
  path: Packages/com.unity.ugui/Runtime/UGUI/UI/Core/IMask.cs
  artifactKey: Guid(ceb629fc661813d40986b4abbefe72c6) Importer(2089858483,b0f066a214c2f5e87bad3c948f4d605d)
Start importing Packages/com.unity.ugui/Runtime/UGUI/UI/Core/IMask.cs using Guid(ceb629fc661813d40986b4abbefe72c6) Importer(2089858483,b0f066a214c2f5e87bad3c948f4d605d) (ScriptedImporter) -> (artifact id: 'c042a5ea9f3d51a6ee2989c6306d29fb') in 0.0274833 seconds
Number of updated asset objects reloaded before import = 0Number of asset objects unloaded after import = 0

========================================================================
Received Import Request.
  Time since last request: 0.000227 seconds.
  path: Packages/com.unity.ugui/Runtime/UGUI/UI/Core/RectMask2D.cs
  artifactKey: Guid(3312d7739989d2b4e91e6319e9a96d76) Importer(2089858483,b0f066a214c2f5e87bad3c948f4d605d)
Start importing Packages/com.unity.ugui/Runtime/UGUI/UI/Core/RectMask2D.cs using Guid(3312d7739989d2b4e91e6319e9a96d76) Importer(2089858483,b0f066a214c2f5e87bad3c948f4d605d) (ScriptedImporter) -> (artifact id: '00b52798f790489c32c7bda37ed18727') in 0.0359934 seconds
Number of updated asset objects reloaded before import = 0Number of asset objects unloaded after import = 0

========================================================================
Received Import Request.
  Time since last request: 0.000314 seconds.
  path: Packages/com.unity.ugui/Runtime/UGUI/UI/Core/Toggle.cs
  artifactKey: Guid(9085046f02f69544eb97fd06b6048fe2) Importer(2089858483,b0f066a214c2f5e87bad3c948f4d605d)
Start importing Packages/com.unity.ugui/Runtime/UGUI/UI/Core/Toggle.cs using Guid(9085046f02f69544eb97fd06b6048fe2) Importer(2089858483,b0f066a214c2f5e87bad3c948f4d605d) (ScriptedImporter) -> (artifact id: '6082e13f20354179bfc9c179b4724564') in 0.0356971 seconds
Number of updated asset objects reloaded before import = 0Number of asset objects unloaded after import = 0

========================================================================
Received Import Request.
  Time since last request: 1.843247 seconds.
  path: Packages/com.unity.ugui/Tests/Editor/UGUI/RectMask2D/RectTransformPosition.cs
  artifactKey: Guid(fb660d86885d89a499a31c6ab6f26269) Importer(2089858483,b0f066a214c2f5e87bad3c948f4d605d)
Start importing Packages/com.unity.ugui/Tests/Editor/UGUI/RectMask2D/RectTransformPosition.cs using Guid(fb660d86885d89a499a31c6ab6f26269) Importer(2089858483,b0f066a214c2f5e87bad3c948f4d605d) (ScriptedImporter) -> (artifact id: '7abbb90825093e7f0e9fc4c60b6d03ce') in 0.0368027 seconds
Number of updated asset objects reloaded before import = 0Number of asset objects unloaded after import = 0

========================================================================
Received Import Request.
  Time since last request: 0.000080 seconds.
  path: Packages/com.unity.ugui/Tests/Runtime/UGUI/Canvas/RectMask2DWithNestedCanvasCullsUsingCorrectCanvasRect.cs
  artifactKey: Guid(735d54f21944f834f931716514c87a84) Importer(2089858483,b0f066a214c2f5e87bad3c948f4d605d)
Start importing Packages/com.unity.ugui/Tests/Runtime/UGUI/Canvas/RectMask2DWithNestedCanvasCullsUsingCorrectCanvasRect.cs using Guid(735d54f21944f834f931716514c87a84) Importer(2089858483,b0f066a214c2f5e87bad3c948f4d605d) (ScriptedImporter) -> (artifact id: '3002030b33fff09048a8a8141cf29120') in 0.0276937 seconds
Number of updated asset objects reloaded before import = 0Number of asset objects unloaded after import = 0

========================================================================
Received Import Request.
  Time since last request: 0.000494 seconds.
  path: Packages/com.unity.ugui/Tests/Runtime/UGUI/NestedLayout/SceneWithNestedLayoutElementsLoadScript.cs
  artifactKey: Guid(a021b6d2ca2e9404b8a4d94343ecd068) Importer(2089858483,b0f066a214c2f5e87bad3c948f4d605d)
Start importing Packages/com.unity.ugui/Tests/Runtime/UGUI/NestedLayout/SceneWithNestedLayoutElementsLoadScript.cs using Guid(a021b6d2ca2e9404b8a4d94343ecd068) Importer(2089858483,b0f066a214c2f5e87bad3c948f4d605d) (ScriptedImporter) -> (artifact id: '4ea533f39d96467bdcd94c346695151a') in 0.025893 seconds
Number of updated asset objects reloaded before import = 0Number of asset objects unloaded after import = 0

========================================================================
Received Import Request.
  Time since last request: 0.000285 seconds.
  path: Packages/com.unity.ugui/Tests/Runtime/UGUI/Canvas/CanvasResizeCorrectlyForRenderTexture.cs
  artifactKey: Guid(d4dbe29df1b294c4f8f0a2fb529d19fd) Importer(2089858483,b0f066a214c2f5e87bad3c948f4d605d)
Start importing Packages/com.unity.ugui/Tests/Runtime/UGUI/Canvas/CanvasResizeCorrectlyForRenderTexture.cs using Guid(d4dbe29df1b294c4f8f0a2fb529d19fd) Importer(2089858483,b0f066a214c2f5e87bad3c948f4d605d) (ScriptedImporter) -> (artifact id: '46757b0e08197c7129d8b57638174009') in 0.0296738 seconds
Number of updated asset objects reloaded before import = 0Number of asset objects unloaded after import = 0

========================================================================
Received Import Request.
  Time since last request: 0.000320 seconds.
  path: Packages/com.unity.ugui/Tests/Runtime/UGUI/EventSystem/GraphicRaycasterButtonTests.cs
  artifactKey: Guid(53ee1d135588bf447a7af7ba2e8709d7) Importer(2089858483,b0f066a214c2f5e87bad3c948f4d605d)
Start importing Packages/com.unity.ugui/Tests/Runtime/UGUI/EventSystem/GraphicRaycasterButtonTests.cs using Guid(53ee1d135588bf447a7af7ba2e8709d7) Importer(2089858483,b0f066a214c2f5e87bad3c948f4d605d) (ScriptedImporter) -> (artifact id: '58ee2dd4b04c9fecbf40b82daddc7bb7') in 0.0311148 seconds
Number of updated asset objects reloaded before import = 0Number of asset objects unloaded after import = 0

========================================================================
Received Import Request.
  Time since last request: 0.000491 seconds.
  path: Packages/com.unity.ugui/Tests/Runtime/UGUI/EventSystem/GraphicRaycasterTests.cs
  artifactKey: Guid(e6323ebef616fee4486ee155cd56d191) Importer(2089858483,b0f066a214c2f5e87bad3c948f4d605d)
Start importing Packages/com.unity.ugui/Tests/Runtime/UGUI/EventSystem/GraphicRaycasterTests.cs using Guid(e6323ebef616fee4486ee155cd56d191) Importer(2089858483,b0f066a214c2f5e87bad3c948f4d605d) (ScriptedImporter) -> (artifact id: '96242f6716a145e4ba6a41919babbe31') in 0.0258306 seconds
Number of updated asset objects reloaded before import = 0Number of asset objects unloaded after import = 0

========================================================================
Received Import Request.
  Time since last request: 0.000261 seconds.
  path: Packages/com.unity.ugui/Tests/Runtime/UGUI/Graphic/MaskTests.cs
  artifactKey: Guid(b611b0a598aeada419afa9737807c598) Importer(2089858483,b0f066a214c2f5e87bad3c948f4d605d)
Start importing Packages/com.unity.ugui/Tests/Runtime/UGUI/Graphic/MaskTests.cs using Guid(b611b0a598aeada419afa9737807c598) Importer(2089858483,b0f066a214c2f5e87bad3c948f4d605d) (ScriptedImporter) -> (artifact id: 'e4bc5a0192515ffdca8fd011da0766a9') in 0.0247287 seconds
Number of updated asset objects reloaded before import = 0Number of asset objects unloaded after import = 0

========================================================================
Received Import Request.
  Time since last request: 0.000279 seconds.
  path: Packages/com.unity.ugui/Tests/Runtime/UGUI/MaskClipping/RectMask2DClipping.cs
  artifactKey: Guid(529fde071171dfd4e99d45ca81a3ac7b) Importer(2089858483,b0f066a214c2f5e87bad3c948f4d605d)
Start importing Packages/com.unity.ugui/Tests/Runtime/UGUI/MaskClipping/RectMask2DClipping.cs using Guid(529fde071171dfd4e99d45ca81a3ac7b) Importer(2089858483,b0f066a214c2f5e87bad3c948f4d605d) (ScriptedImporter) -> (artifact id: 'ffb82620d8071b0c8bb82ba42d60026a') in 0.0259867 seconds
Number of updated asset objects reloaded before import = 0Number of asset objects unloaded after import = 0

========================================================================
Received Import Request.
  Time since last request: 0.000166 seconds.
  path: Packages/com.unity.ugui/Tests/Runtime/UGUI/Canvas/NestedCanvas.cs
  artifactKey: Guid(fc8d686a4c18b8d49bb1db4150de0459) Importer(2089858483,b0f066a214c2f5e87bad3c948f4d605d)
Start importing Packages/com.unity.ugui/Tests/Runtime/UGUI/Canvas/NestedCanvas.cs using Guid(fc8d686a4c18b8d49bb1db4150de0459) Importer(2089858483,b0f066a214c2f5e87bad3c948f4d605d) (ScriptedImporter) -> (artifact id: '085c0dccfa8be38cf3aa188edb65e2da') in 0.0286454 seconds
Number of updated asset objects reloaded before import = 0Number of asset objects unloaded after import = 0

========================================================================
Received Import Request.
  Time since last request: 0.000211 seconds.
  path: Packages/com.unity.ugui/Tests/Runtime/UGUI/Image/ImageTests.cs
  artifactKey: Guid(a598580d0cfc7224ebed8d2b627d9e00) Importer(2089858483,b0f066a214c2f5e87bad3c948f4d605d)
Start importing Packages/com.unity.ugui/Tests/Runtime/UGUI/Image/ImageTests.cs using Guid(a598580d0cfc7224ebed8d2b627d9e00) Importer(2089858483,b0f066a214c2f5e87bad3c948f4d605d) (ScriptedImporter) -> (artifact id: 'd851586ca00eacb8b69ad558e9e9cffa') in 0.0255725 seconds
Number of updated asset objects reloaded before import = 0Number of asset objects unloaded after import = 0

========================================================================
Received Import Request.
  Time since last request: 0.000149 seconds.
  path: Packages/com.unity.ugui/Tests/Runtime/UGUI/Toggle/TestableToggleGroup.cs
  artifactKey: Guid(e0e4f43a3816add4c86c9671d7961f2f) Importer(2089858483,b0f066a214c2f5e87bad3c948f4d605d)
Start importing Packages/com.unity.ugui/Tests/Runtime/UGUI/Toggle/TestableToggleGroup.cs using Guid(e0e4f43a3816add4c86c9671d7961f2f) Importer(2089858483,b0f066a214c2f5e87bad3c948f4d605d) (ScriptedImporter) -> (artifact id: '2e6f792cedb59877d50fd61236b60576') in 0.02643 seconds
Number of updated asset objects reloaded before import = 0Number of asset objects unloaded after import = 0

========================================================================
Received Import Request.
  Time since last request: 0.000159 seconds.
  path: Packages/com.unity.ugui/Tests/Runtime/UGUI/ScrollRect/ScrollRectClamp.cs
  artifactKey: Guid(d56dbb97f857c8040beef6dd1bfc97df) Importer(2089858483,b0f066a214c2f5e87bad3c948f4d605d)
Start importing Packages/com.unity.ugui/Tests/Runtime/UGUI/ScrollRect/ScrollRectClamp.cs using Guid(d56dbb97f857c8040beef6dd1bfc97df) Importer(2089858483,b0f066a214c2f5e87bad3c948f4d605d) (ScriptedImporter) -> (artifact id: '5066996e903749861fc1c7eb0357fffa') in 0.0258663 seconds
Number of updated asset objects reloaded before import = 0Number of asset objects unloaded after import = 0

========================================================================
Received Import Request.
  Time since last request: 0.000056 seconds.
  path: Packages/com.unity.ugui/Tests/Runtime/UGUI/Image/ImageFilledGenerateWork.cs
  artifactKey: Guid(1a70a790a43cd0d4a96f75746841f764) Importer(2089858483,b0f066a214c2f5e87bad3c948f4d605d)
Start importing Packages/com.unity.ugui/Tests/Runtime/UGUI/Image/ImageFilledGenerateWork.cs using Guid(1a70a790a43cd0d4a96f75746841f764) Importer(2089858483,b0f066a214c2f5e87bad3c948f4d605d) (ScriptedImporter) -> (artifact id: 'c96848f47e3f343add271301e15c8ad0') in 0.0215567 seconds
Number of updated asset objects reloaded before import = 0Number of asset objects unloaded after import = 0

========================================================================
Received Import Request.
  Time since last request: 0.000434 seconds.
  path: Packages/com.unity.ugui/Tests/Editor/UGUI/Slider/SliderRectReferences.cs
  artifactKey: Guid(373b4c78c0396334288fa5ff8e7b7350) Importer(2089858483,b0f066a214c2f5e87bad3c948f4d605d)
Start importing Packages/com.unity.ugui/Tests/Editor/UGUI/Slider/SliderRectReferences.cs using Guid(373b4c78c0396334288fa5ff8e7b7350) Importer(2089858483,b0f066a214c2f5e87bad3c948f4d605d) (ScriptedImporter) -> (artifact id: 'e2e113f9eb5bd89dd9d445eb13f9e642') in 0.0218807 seconds
Number of updated asset objects reloaded before import = 0Number of asset objects unloaded after import = 0

========================================================================
Received Import Request.
  Time since last request: 0.000267 seconds.
  path: Packages/com.unity.ugui/Tests/Runtime/UGUI/Layout/GridLayoutGroupTests.cs
  artifactKey: Guid(b9eb962217e00bf4fbc734e109991fca) Importer(2089858483,b0f066a214c2f5e87bad3c948f4d605d)
Start importing Packages/com.unity.ugui/Tests/Runtime/UGUI/Layout/GridLayoutGroupTests.cs using Guid(b9eb962217e00bf4fbc734e109991fca) Importer(2089858483,b0f066a214c2f5e87bad3c948f4d605d) (ScriptedImporter) -> (artifact id: '2e22166c002434ac364770db36b9de48') in 0.0227125 seconds
Number of updated asset objects reloaded before import = 0Number of asset objects unloaded after import = 0

========================================================================
Received Import Request.
  Time since last request: 0.000304 seconds.
  path: Packages/com.unity.ugui/Tests/Runtime/UGUI/Graphic/NavigationTests.cs
  artifactKey: Guid(aca0de4e74f6cdf41a449805f345a4f5) Importer(2089858483,b0f066a214c2f5e87bad3c948f4d605d)
Start importing Packages/com.unity.ugui/Tests/Runtime/UGUI/Graphic/NavigationTests.cs using Guid(aca0de4e74f6cdf41a449805f345a4f5) Importer(2089858483,b0f066a214c2f5e87bad3c948f4d605d) (ScriptedImporter) -> (artifact id: '52ae973250dda95a764a5529de257d3a') in 0.0265626 seconds
Number of updated asset objects reloaded before import = 0Number of asset objects unloaded after import = 0

========================================================================
Received Import Request.
  Time since last request: 0.001238 seconds.
  path: Packages/com.unity.ugui/Tests/Runtime/UGUI/TextEditor/TextEditorBackspaceDelete.cs
  artifactKey: Guid(b5f31b7e60df3e64796fb7ab6f54f489) Importer(2089858483,b0f066a214c2f5e87bad3c948f4d605d)
Start importing Packages/com.unity.ugui/Tests/Runtime/UGUI/TextEditor/TextEditorBackspaceDelete.cs using Guid(b5f31b7e60df3e64796fb7ab6f54f489) Importer(2089858483,b0f066a214c2f5e87bad3c948f4d605d) (ScriptedImporter) -> (artifact id: '27a241802b9b4a369cf99dc3f671bbff') in 0.04964 seconds
Number of updated asset objects reloaded before import = 0Number of asset objects unloaded after import = 0

========================================================================
Received Import Request.
  Time since last request: 0.000456 seconds.
  path: Packages/com.unity.ugui/Tests/Runtime/UGUI/InputField/InputFieldTests.cs
  artifactKey: Guid(3371106faf8d06f47a73979a3c8d82a1) Importer(2089858483,b0f066a214c2f5e87bad3c948f4d605d)
Start importing Packages/com.unity.ugui/Tests/Runtime/UGUI/InputField/InputFieldTests.cs using Guid(3371106faf8d06f47a73979a3c8d82a1) Importer(2089858483,b0f066a214c2f5e87bad3c948f4d605d) (ScriptedImporter) -> (artifact id: '86dc9b8de136bb1d1003218ff23944ae') in 0.0276693 seconds
Number of updated asset objects reloaded before import = 0Number of asset objects unloaded after import = 0

========================================================================
Received Import Request.
  Time since last request: 0.000287 seconds.
  path: Packages/com.unity.ugui/Tests/Runtime/UGUI/Dropdown/DropdownTests.cs
  artifactKey: Guid(358a618bc6bd9354d81cc206fd2ed80e) Importer(2089858483,b0f066a214c2f5e87bad3c948f4d605d)
Start importing Packages/com.unity.ugui/Tests/Runtime/UGUI/Dropdown/DropdownTests.cs using Guid(358a618bc6bd9354d81cc206fd2ed80e) Importer(2089858483,b0f066a214c2f5e87bad3c948f4d605d) (ScriptedImporter) -> (artifact id: '8adf523036b7c145754e4a7a83e64cfa') in 0.0248339 seconds
Number of updated asset objects reloaded before import = 0Number of asset objects unloaded after import = 0

========================================================================
Received Import Request.
  Time since last request: 0.000493 seconds.
  path: Packages/com.unity.ugui/Tests/Runtime/UGUI/ScrollRect/ScrollRectTests.cs
  artifactKey: Guid(d925cabd9ecd5074aadab0726b96c38f) Importer(2089858483,b0f066a214c2f5e87bad3c948f4d605d)
Start importing Packages/com.unity.ugui/Tests/Runtime/UGUI/ScrollRect/ScrollRectTests.cs using Guid(d925cabd9ecd5074aadab0726b96c38f) Importer(2089858483,b0f066a214c2f5e87bad3c948f4d605d) (ScriptedImporter) -> (artifact id: '97b4ab64875aa181053c477c2f16fb2b') in 0.0243547 seconds
Number of updated asset objects reloaded before import = 0Number of asset objects unloaded after import = 0

========================================================================
Received Import Request.
  Time since last request: 0.000185 seconds.
  path: Packages/com.unity.ugui/Tests/Runtime/UGUI/InputField/FakeInputModule.cs
  artifactKey: Guid(16c6414b77a90ff4098767dce485c495) Importer(2089858483,b0f066a214c2f5e87bad3c948f4d605d)
Start importing Packages/com.unity.ugui/Tests/Runtime/UGUI/InputField/FakeInputModule.cs using Guid(16c6414b77a90ff4098767dce485c495) Importer(2089858483,b0f066a214c2f5e87bad3c948f4d605d) (ScriptedImporter) -> (artifact id: '81a4205dae3abab78c71317d01a4cbf0') in 0.0259236 seconds
Number of updated asset objects reloaded before import = 0Number of asset objects unloaded after import = 0

========================================================================
Received Import Request.
  Time since last request: 0.000300 seconds.
  path: Packages/com.unity.ugui/Tests/Runtime/UGUI/InputField/TouchInputFieldTests.cs
  artifactKey: Guid(e89ff5e7c669f70409de18c9948164d4) Importer(2089858483,b0f066a214c2f5e87bad3c948f4d605d)
Start importing Packages/com.unity.ugui/Tests/Runtime/UGUI/InputField/TouchInputFieldTests.cs using Guid(e89ff5e7c669f70409de18c9948164d4) Importer(2089858483,b0f066a214c2f5e87bad3c948f4d605d) (ScriptedImporter) -> (artifact id: '1f278bd71bfc8ccf2108e606113e3dbc') in 0.028099 seconds
Number of updated asset objects reloaded before import = 0Number of asset objects unloaded after import = 0

========================================================================
Received Import Request.
  Time since last request: 0.000060 seconds.
  path: Packages/com.unity.ugui/Tests/Runtime/UGUI/Util/ConcreteGraphic.cs
  artifactKey: Guid(4d31e19fd539ac54c8d9151da43683e9) Importer(2089858483,b0f066a214c2f5e87bad3c948f4d605d)
Start importing Packages/com.unity.ugui/Tests/Runtime/UGUI/Util/ConcreteGraphic.cs using Guid(4d31e19fd539ac54c8d9151da43683e9) Importer(2089858483,b0f066a214c2f5e87bad3c948f4d605d) (ScriptedImporter) -> (artifact id: '58ba8637bae34ee14466ae3d342b4f19') in 0.0276026 seconds
Number of updated asset objects reloaded before import = 0Number of asset objects unloaded after import = 0

========================================================================
Received Import Request.
  Time since last request: 0.000131 seconds.
  path: Packages/com.unity.ugui/Tests/Runtime/UGUI/Layout/LayoutGroupScaling.cs
  artifactKey: Guid(589533fb2413e3e4fba7df13a6a75bf2) Importer(2089858483,b0f066a214c2f5e87bad3c948f4d605d)
Start importing Packages/com.unity.ugui/Tests/Runtime/UGUI/Layout/LayoutGroupScaling.cs using Guid(589533fb2413e3e4fba7df13a6a75bf2) Importer(2089858483,b0f066a214c2f5e87bad3c948f4d605d) (ScriptedImporter) -> (artifact id: '88ddf1d991194541d57d426351b39b79') in 0.0243043 seconds
Number of updated asset objects reloaded before import = 0Number of asset objects unloaded after import = 0

========================================================================
Received Import Request.
  Time since last request: 0.000234 seconds.
  path: Packages/com.unity.ugui/Tests/Runtime/UGUI/Layout/VerticalLayoutGroupTests.cs
  artifactKey: Guid(8a4b6301a5afaec4cb87d21383ceb0b3) Importer(2089858483,b0f066a214c2f5e87bad3c948f4d605d)
Start importing Packages/com.unity.ugui/Tests/Runtime/UGUI/Layout/VerticalLayoutGroupTests.cs using Guid(8a4b6301a5afaec4cb87d21383ceb0b3) Importer(2089858483,b0f066a214c2f5e87bad3c948f4d605d) (ScriptedImporter) -> (artifact id: '7cb3dc97fc02fd1f395c44171e77a02d') in 0.0257096 seconds
Number of updated asset objects reloaded before import = 0Number of asset objects unloaded after import = 0

========================================================================
Received Import Request.
  Time since last request: 1.749546 seconds.
  path: Packages/com.unity.ugui/Tests/Runtime/UGUI/Util/ImageHook.cs
  artifactKey: Guid(5da88f348abcbd94585671a69c672781) Importer(2089858483,b0f066a214c2f5e87bad3c948f4d605d)
Start importing Packages/com.unity.ugui/Tests/Runtime/UGUI/Util/ImageHook.cs using Guid(5da88f348abcbd94585671a69c672781) Importer(2089858483,b0f066a214c2f5e87bad3c948f4d605d) (ScriptedImporter) -> (artifact id: '4515da265a438934499ed9cf23098318') in 0.0191289 seconds
Number of updated asset objects reloaded before import = 0Number of asset objects unloaded after import = 0

========================================================================
Received Import Request.
  Time since last request: 0.000044 seconds.
  path: Packages/com.unity.editorcoroutines/Editor/EditorCoroutineUtility.cs
  artifactKey: Guid(a672678b43d60c542ad9d861eba67c99) Importer(2089858483,b0f066a214c2f5e87bad3c948f4d605d)
Start importing Packages/com.unity.editorcoroutines/Editor/EditorCoroutineUtility.cs using Guid(a672678b43d60c542ad9d861eba67c99) Importer(2089858483,b0f066a214c2f5e87bad3c948f4d605d) (ScriptedImporter) -> (artifact id: 'd2c54848ace595c4ef456e0bd223511c') in 0.0248659 seconds
Number of updated asset objects reloaded before import = 0Number of asset objects unloaded after import = 0

========================================================================
Received Import Request.
  Time since last request: 0.000168 seconds.
  path: Packages/com.unity.ugui/Runtime/UGUI/UI/Core/MaterialModifiers/IMaterialModifier.cs
  artifactKey: Guid(20ff4283f687e044087714f82c4d6d3f) Importer(2089858483,b0f066a214c2f5e87bad3c948f4d605d)
Start importing Packages/com.unity.ugui/Runtime/UGUI/UI/Core/MaterialModifiers/IMaterialModifier.cs using Guid(20ff4283f687e044087714f82c4d6d3f) Importer(2089858483,b0f066a214c2f5e87bad3c948f4d605d) (ScriptedImporter) -> (artifact id: '8ff6440d4db57dfc927707d3af546f31') in 0.019057 seconds
Number of updated asset objects reloaded before import = 0Number of asset objects unloaded after import = 0

========================================================================
Received Import Request.
  Time since last request: 0.000103 seconds.
  path: Packages/com.unity.ext.nunit/package.json
  artifactKey: Guid(8143d3a8390f2c64685e3bc272bd9e90) Importer(2089858483,b0f066a214c2f5e87bad3c948f4d605d)
Start importing Packages/com.unity.ext.nunit/package.json using Guid(8143d3a8390f2c64685e3bc272bd9e90) Importer(2089858483,b0f066a214c2f5e87bad3c948f4d605d) (ScriptedImporter) -> (artifact id: '90e70e5e4381832381d0c8719b495c8d') in 0.0235091 seconds
Number of updated asset objects reloaded before import = 0Number of asset objects unloaded after import = 1

========================================================================
Received Import Request.
  Time since last request: 0.000052 seconds.
  path: Packages/com.unity.ugui/Runtime/UGUI/UI/Core/Culling/Clipping.cs
  artifactKey: Guid(67e3583b91179094094c6a188b232262) Importer(2089858483,b0f066a214c2f5e87bad3c948f4d605d)
Start importing Packages/com.unity.ugui/Runtime/UGUI/UI/Core/Culling/Clipping.cs using Guid(67e3583b91179094094c6a188b232262) Importer(2089858483,b0f066a214c2f5e87bad3c948f4d605d) (ScriptedImporter) -> (artifact id: 'e96c752bde18f3cfa4143c0e191ee213') in 0.0260653 seconds
Number of updated asset objects reloaded before import = 0Number of asset objects unloaded after import = 0

========================================================================
Received Import Request.
  Time since last request: 0.001086 seconds.
  path: Packages/com.unity.editorcoroutines/CHANGELOG.md
  artifactKey: Guid(f4e822a0337b6cf4aade8abffaf819a8) Importer(2089858483,b0f066a214c2f5e87bad3c948f4d605d)
Start importing Packages/com.unity.editorcoroutines/CHANGELOG.md using Guid(f4e822a0337b6cf4aade8abffaf819a8) Importer(2089858483,b0f066a214c2f5e87bad3c948f4d605d) (ScriptedImporter) -> (artifact id: '16dfa0f5a373196a5d221730540d37f3') in 0.0214225 seconds
Number of updated asset objects reloaded before import = 0Number of asset objects unloaded after import = 1

========================================================================
Received Import Request.
  Time since last request: 0.000170 seconds.
  path: Packages/com.unity.ugui/Tests/Runtime/UGUI/EventSystem/InputModuleTests/PointerExitCallbackCheck.cs
  artifactKey: Guid(af94bd3a805f27e42ab86647265be74e) Importer(2089858483,b0f066a214c2f5e87bad3c948f4d605d)
Start importing Packages/com.unity.ugui/Tests/Runtime/UGUI/EventSystem/InputModuleTests/PointerExitCallbackCheck.cs using Guid(af94bd3a805f27e42ab86647265be74e) Importer(2089858483,b0f066a214c2f5e87bad3c948f4d605d) (ScriptedImporter) -> (artifact id: 'db76998a2af879258dde982e2757be59') in 0.0254273 seconds
Number of updated asset objects reloaded before import = 0Number of asset objects unloaded after import = 0

========================================================================
Received Import Request.
  Time since last request: 0.000179 seconds.
  path: Packages/com.unity.modules.xr/package.json
  artifactKey: Guid(2c814623cb42764d304be0c5ddd03ceb) Importer(2089858483,b0f066a214c2f5e87bad3c948f4d605d)
Start importing Packages/com.unity.modules.xr/package.json using Guid(2c814623cb42764d304be0c5ddd03ceb) Importer(2089858483,b0f066a214c2f5e87bad3c948f4d605d) (ScriptedImporter) -> (artifact id: 'be9552603beeb92442f9037e65bc48eb') in 0.023916 seconds
Number of updated asset objects reloaded before import = 0Number of asset objects unloaded after import = 1

========================================================================
Received Import Request.
  Time since last request: 0.000098 seconds.
  path: Packages/com.unity.ugui/Runtime/UGUI/UI/Core/Culling/RectangularVertexClipper.cs
  artifactKey: Guid(c606041f02fc7d542b1429806872292b) Importer(2089858483,b0f066a214c2f5e87bad3c948f4d605d)
Start importing Packages/com.unity.ugui/Runtime/UGUI/UI/Core/Culling/RectangularVertexClipper.cs using Guid(c606041f02fc7d542b1429806872292b) Importer(2089858483,b0f066a214c2f5e87bad3c948f4d605d) (ScriptedImporter) -> (artifact id: '1e16fc71c2c767b6c4c5e2becbfc9fb7') in 0.0248784 seconds
Number of updated asset objects reloaded before import = 0Number of asset objects unloaded after import = 0

========================================================================
Received Import Request.
  Time since last request: 0.000203 seconds.
  path: Packages/com.unity.ext.nunit/CHANGELOG.md
  artifactKey: Guid(f49bbe06ffa5ae24abe32abdab430c24) Importer(2089858483,b0f066a214c2f5e87bad3c948f4d605d)
Start importing Packages/com.unity.ext.nunit/CHANGELOG.md using Guid(f49bbe06ffa5ae24abe32abdab430c24) Importer(2089858483,b0f066a214c2f5e87bad3c948f4d605d) (ScriptedImporter) -> (artifact id: 'ef3acc3bb6ef94a1c664438f15e2afd2') in 0.0224746 seconds
Number of updated asset objects reloaded before import = 0Number of asset objects unloaded after import = 1

========================================================================
Received Import Request.
  Time since last request: 0.000034 seconds.
  path: Packages/com.unity.ugui/Tests/Runtime/UGUI/EventSystem/InputModuleTests/PointerEnterCallbackCheck.cs
  artifactKey: Guid(eb4fb871430ff484e9ee3850946c504d) Importer(2089858483,b0f066a214c2f5e87bad3c948f4d605d)
Start importing Packages/com.unity.ugui/Tests/Runtime/UGUI/EventSystem/InputModuleTests/PointerEnterCallbackCheck.cs using Guid(eb4fb871430ff484e9ee3850946c504d) Importer(2089858483,b0f066a214c2f5e87bad3c948f4d605d) (ScriptedImporter) -> (artifact id: 'a0cee7549bfbc01a53f6e6a6158f4ced') in 0.0251889 seconds
Number of updated asset objects reloaded before import = 0Number of asset objects unloaded after import = 0

========================================================================
Received Import Request.
  Time since last request: 0.000112 seconds.
  path: Packages/com.unity.ugui/Runtime/UGUI/UI/Core/SpecializedCollections/IndexedSet.cs
  artifactKey: Guid(a8604e8f13b3be84b8bc0c1507d8f3f6) Importer(2089858483,b0f066a214c2f5e87bad3c948f4d605d)
Start importing Packages/com.unity.ugui/Runtime/UGUI/UI/Core/SpecializedCollections/IndexedSet.cs using Guid(a8604e8f13b3be84b8bc0c1507d8f3f6) Importer(2089858483,b0f066a214c2f5e87bad3c948f4d605d) (ScriptedImporter) -> (artifact id: 'd548ecfe834d977ce8a0cd387ea2ef27') in 0.0245609 seconds
Number of updated asset objects reloaded before import = 0Number of asset objects unloaded after import = 0

========================================================================
Received Import Request.
  Time since last request: 0.000178 seconds.
  path: Packages/com.unity.mathematics/Unity.Mathematics/affine_transform.cs
  artifactKey: Guid(25c2cff1b9e35e648980b04c895d7332) Importer(2089858483,b0f066a214c2f5e87bad3c948f4d605d)
Start importing Packages/com.unity.mathematics/Unity.Mathematics/affine_transform.cs using Guid(25c2cff1b9e35e648980b04c895d7332) Importer(2089858483,b0f066a214c2f5e87bad3c948f4d605d) (ScriptedImporter) -> (artifact id: 'e0eff188a6b18e4a877e9488a7c700ee') in 0.0255474 seconds
Number of updated asset objects reloaded before import = 0Number of asset objects unloaded after import = 0

========================================================================
Received Import Request.
  Time since last request: 0.000036 seconds.
  path: Packages/com.unity.ugui/Tests/Editor/UGUI/UI/PropertyDrawers/PropertyDrawerTests.cs
  artifactKey: Guid(433d3b96b2a40a5479d3d7d8495882ed) Importer(2089858483,b0f066a214c2f5e87bad3c948f4d605d)
Start importing Packages/com.unity.ugui/Tests/Editor/UGUI/UI/PropertyDrawers/PropertyDrawerTests.cs using Guid(433d3b96b2a40a5479d3d7d8495882ed) Importer(2089858483,b0f066a214c2f5e87bad3c948f4d605d) (ScriptedImporter) -> (artifact id: '73e0aa623321c73ab125cf5629dd6ade') in 0.022122 seconds
Number of updated asset objects reloaded before import = 0Number of asset objects unloaded after import = 0

========================================================================
Received Import Request.
  Time since last request: 0.000322 seconds.
  path: Packages/com.unity.ugui/Tests/Runtime/UGUI/Util/UIBehaviourExtensions.cs
  artifactKey: Guid(d548f82e7e9c0ed49ae5b4a5eecfb2f7) Importer(2089858483,b0f066a214c2f5e87bad3c948f4d605d)
Start importing Packages/com.unity.ugui/Tests/Runtime/UGUI/Util/UIBehaviourExtensions.cs using Guid(d548f82e7e9c0ed49ae5b4a5eecfb2f7) Importer(2089858483,b0f066a214c2f5e87bad3c948f4d605d) (ScriptedImporter) -> (artifact id: 'be728e2a97b7504139ec7fb9ae026cb3') in 0.022834 seconds
Number of updated asset objects reloaded before import = 0Number of asset objects unloaded after import = 0

========================================================================
Received Import Request.
  Time since last request: 0.000448 seconds.
  path: Packages/com.unity.ugui/Runtime/UGUI/UI/Core/Utility/ReflectionMethodsCache.cs
  artifactKey: Guid(fcae021c30eccf74790a4e816ba97c19) Importer(2089858483,b0f066a214c2f5e87bad3c948f4d605d)
Start importing Packages/com.unity.ugui/Runtime/UGUI/UI/Core/Utility/ReflectionMethodsCache.cs using Guid(fcae021c30eccf74790a4e816ba97c19) Importer(2089858483,b0f066a214c2f5e87bad3c948f4d605d) (ScriptedImporter) -> (artifact id: '86ea88efe9b7c8e4d643f0aadb65e145') in 0.0212146 seconds
Number of updated asset objects reloaded before import = 0Number of asset objects unloaded after import = 0

========================================================================
Received Import Request.
  Time since last request: 0.000257 seconds.
  path: Packages/com.unity.ext.nunit/LICENSE.md
  artifactKey: Guid(f91a00d2dca52b843b2d50ccf750737d) Importer(2089858483,b0f066a214c2f5e87bad3c948f4d605d)
Start importing Packages/com.unity.ext.nunit/LICENSE.md using Guid(f91a00d2dca52b843b2d50ccf750737d) Importer(2089858483,b0f066a214c2f5e87bad3c948f4d605d) (ScriptedImporter) -> (artifact id: '77be81bd406467f14ec5942cb87b33cb') in 0.0242389 seconds
Number of updated asset objects reloaded before import = 0Number of asset objects unloaded after import = 1

========================================================================
Received Import Request.
  Time since last request: 0.000093 seconds.
  path: Packages/com.unity.ugui/Runtime/UGUI/UI/Core/Layout/LayoutRebuilder.cs
  artifactKey: Guid(006633c8a6f4ae94aa9babf72234e1a2) Importer(2089858483,b0f066a214c2f5e87bad3c948f4d605d)
Start importing Packages/com.unity.ugui/Runtime/UGUI/UI/Core/Layout/LayoutRebuilder.cs using Guid(006633c8a6f4ae94aa9babf72234e1a2) Importer(2089858483,b0f066a214c2f5e87bad3c948f4d605d) (ScriptedImporter) -> (artifact id: '20b3213409833b5afc7557cf269cfc26') in 0.0296856 seconds
Number of updated asset objects reloaded before import = 0Number of asset objects unloaded after import = 0

========================================================================
Received Import Request.
  Time since last request: 0.000271 seconds.
  path: Packages/com.unity.mathematics/Unity.Mathematics/bool2.gen.cs
  artifactKey: Guid(0790199222baf67419fdf802d76f93f5) Importer(2089858483,b0f066a214c2f5e87bad3c948f4d605d)
Start importing Packages/com.unity.mathematics/Unity.Mathematics/bool2.gen.cs using Guid(0790199222baf67419fdf802d76f93f5) Importer(2089858483,b0f066a214c2f5e87bad3c948f4d605d) (ScriptedImporter) -> (artifact id: '34bed95e25aa316fd1d882cef0969d55') in 0.0230536 seconds
Number of updated asset objects reloaded before import = 0Number of asset objects unloaded after import = 0

========================================================================
Received Import Request.
  Time since last request: 0.000304 seconds.
  path: Packages/com.unity.ugui/Tests/Runtime/UGUI/EventSystem/InputModuleTests/DragCallbackCheck.cs
  artifactKey: Guid(76c82729ad712f14bae1a8a279c52ac3) Importer(2089858483,b0f066a214c2f5e87bad3c948f4d605d)
Start importing Packages/com.unity.ugui/Tests/Runtime/UGUI/EventSystem/InputModuleTests/DragCallbackCheck.cs using Guid(76c82729ad712f14bae1a8a279c52ac3) Importer(2089858483,b0f066a214c2f5e87bad3c948f4d605d) (ScriptedImporter) -> (artifact id: '93960b857943df224f55addb046a1f02') in 0.025491 seconds
Number of updated asset objects reloaded before import = 0Number of asset objects unloaded after import = 0

========================================================================
Received Import Request.
  Time since last request: 0.000211 seconds.
  path: Packages/com.unity.ugui/Runtime/UGUI/UI/Core/Layout/LayoutUtility.cs
  artifactKey: Guid(82bf3f737dec0be43a60891958a8da87) Importer(2089858483,b0f066a214c2f5e87bad3c948f4d605d)
Start importing Packages/com.unity.ugui/Runtime/UGUI/UI/Core/Layout/LayoutUtility.cs using Guid(82bf3f737dec0be43a60891958a8da87) Importer(2089858483,b0f066a214c2f5e87bad3c948f4d605d) (ScriptedImporter) -> (artifact id: 'ff127c21ecd34d98a970f78b17ed6a0d') in 0.0309684 seconds
Number of updated asset objects reloaded before import = 0Number of asset objects unloaded after import = 0

========================================================================
Received Import Request.
  Time since last request: 0.000477 seconds.
  path: Packages/com.unity.modules.jsonserialize/package.ModuleCompilationTrigger
  artifactKey: Guid(e6a135e3ea9cb46795d1b0e05ac3e1e5) Importer(2089858483,b0f066a214c2f5e87bad3c948f4d605d)
Start importing Packages/com.unity.modules.jsonserialize/package.ModuleCompilationTrigger using Guid(e6a135e3ea9cb46795d1b0e05ac3e1e5) Importer(2089858483,b0f066a214c2f5e87bad3c948f4d605d) (ScriptedImporter) -> (artifact id: '5c017fed9233104f1fa1f6d98cf59f79') in 0.0224645 seconds
Number of updated asset objects reloaded before import = 0Number of asset objects unloaded after import = 1

========================================================================
Received Import Request.
  Time since last request: 0.000165 seconds.
  path: Packages/com.unity.editorcoroutines/Editor/Unity.EditorCoroutines.Editor.asmdef
  artifactKey: Guid(478a2357cc57436488a56e564b08d223) Importer(2089858483,b0f066a214c2f5e87bad3c948f4d605d)
Start importing Packages/com.unity.editorcoroutines/Editor/Unity.EditorCoroutines.Editor.asmdef using Guid(478a2357cc57436488a56e564b08d223) Importer(2089858483,b0f066a214c2f5e87bad3c948f4d605d) (ScriptedImporter) -> (artifact id: 'cb5ac170eb26625723603159db596f92') in 0.0230344 seconds
Number of updated asset objects reloaded before import = 0Number of asset objects unloaded after import = 1

========================================================================
Received Import Request.
  Time since last request: 0.000052 seconds.
  path: Packages/com.unity.ugui/Runtime/UGUI/UI/Core/Layout/CanvasScaler.cs
  artifactKey: Guid(0cd44c1031e13a943bb63640046fad76) Importer(2089858483,b0f066a214c2f5e87bad3c948f4d605d)
Start importing Packages/com.unity.ugui/Runtime/UGUI/UI/Core/Layout/CanvasScaler.cs using Guid(0cd44c1031e13a943bb63640046fad76) Importer(2089858483,b0f066a214c2f5e87bad3c948f4d605d) (ScriptedImporter) -> (artifact id: '1e24c47950404654b047fba2fdb5dbe8') in 0.0258311 seconds
Number of updated asset objects reloaded before import = 0Number of asset objects unloaded after import = 0

========================================================================
Received Import Request.
  Time since last request: 0.000365 seconds.
  path: Packages/com.unity.mathematics/LICENSE.md
  artifactKey: Guid(a7f87992cd1d44040ae42b05e5fbdaa5) Importer(2089858483,b0f066a214c2f5e87bad3c948f4d605d)
Start importing Packages/com.unity.mathematics/LICENSE.md using Guid(a7f87992cd1d44040ae42b05e5fbdaa5) Importer(2089858483,b0f066a214c2f5e87bad3c948f4d605d) (ScriptedImporter) -> (artifact id: '5f0637456b4b4d7c37ede756b05bd50f') in 0.0194917 seconds
Number of updated asset objects reloaded before import = 0Number of asset objects unloaded after import = 1

========================================================================
Received Import Request.
  Time since last request: 1.762154 seconds.
  path: Packages/com.unity.test-framework/UnityEngine.TestRunner/TestRunner/RemoteHelpers/RemoteTestResultData.cs
  artifactKey: Guid(03e4d63665d06f04c8a6cf68133c1592) Importer(2089858483,b0f066a214c2f5e87bad3c948f4d605d)
Start importing Packages/com.unity.test-framework/UnityEngine.TestRunner/TestRunner/RemoteHelpers/RemoteTestResultData.cs using Guid(03e4d63665d06f04c8a6cf68133c1592) Importer(2089858483,b0f066a214c2f5e87bad3c948f4d605d) (ScriptedImporter) -> (artifact id: '09da5710c0f9311eef800b18c9a4b334') in 0.0193837 seconds
Number of updated asset objects reloaded before import = 0Number of asset objects unloaded after import = 0

========================================================================
Received Import Request.
  Time since last request: 0.000197 seconds.
  path: Packages/com.unity.ide.visualstudio/Editor/UnityInstallation.cs
  artifactKey: Guid(a8c76505bcc613640ade706bdb0f1cba) Importer(2089858483,b0f066a214c2f5e87bad3c948f4d605d)
Start importing Packages/com.unity.ide.visualstudio/Editor/UnityInstallation.cs using Guid(a8c76505bcc613640ade706bdb0f1cba) Importer(2089858483,b0f066a214c2f5e87bad3c948f4d605d) (ScriptedImporter) -> (artifact id: '916c888164a858e095d060bdb83da56f') in 0.0182678 seconds
Number of updated asset objects reloaded before import = 0Number of asset objects unloaded after import = 0

========================================================================
Received Import Request.
  Time since last request: 0.000190 seconds.
  path: Packages/com.unity.ide.visualstudio/Editor/ProjectGeneration/ProjectGenerationFlag.cs
  artifactKey: Guid(555fcccd6b79a864f83e7a319daa1c3e) Importer(2089858483,b0f066a214c2f5e87bad3c948f4d605d)
Start importing Packages/com.unity.ide.visualstudio/Editor/ProjectGeneration/ProjectGenerationFlag.cs using Guid(555fcccd6b79a864f83e7a319daa1c3e) Importer(2089858483,b0f066a214c2f5e87bad3c948f4d605d) (ScriptedImporter) -> (artifact id: '0d74642f185ab4c106fda7bf4d43d355') in 0.0167592 seconds
Number of updated asset objects reloaded before import = 0Number of asset objects unloaded after import = 0

========================================================================
Received Import Request.
  Time since last request: 0.000240 seconds.
  path: Packages/com.unity.ugui/Runtime/TMP/TMP_FontFeaturesCommon.cs
  artifactKey: Guid(27df3b12f30d0b74a9b10a3968c402ff) Importer(2089858483,b0f066a214c2f5e87bad3c948f4d605d)
Start importing Packages/com.unity.ugui/Runtime/TMP/TMP_FontFeaturesCommon.cs using Guid(27df3b12f30d0b74a9b10a3968c402ff) Importer(2089858483,b0f066a214c2f5e87bad3c948f4d605d) (ScriptedImporter) -> (artifact id: '710b0ab4aa99a45d649c97bcaae7d074') in 0.0165191 seconds
Number of updated asset objects reloaded before import = 0Number of asset objects unloaded after import = 0

========================================================================
Received Import Request.
  Time since last request: 0.000033 seconds.
  path: Packages/com.unity.ugui/Runtime/TMP/TMP_ShaderUtilities.cs
  artifactKey: Guid(fea49a0730244a98bf1087f7ca9410a8) Importer(2089858483,b0f066a214c2f5e87bad3c948f4d605d)
Start importing Packages/com.unity.ugui/Runtime/TMP/TMP_ShaderUtilities.cs using Guid(fea49a0730244a98bf1087f7ca9410a8) Importer(2089858483,b0f066a214c2f5e87bad3c948f4d605d) (ScriptedImporter) -> (artifact id: '3c8143ec262f012d78db47eefd9e4bcc') in 0.0179966 seconds
Number of updated asset objects reloaded before import = 0Number of asset objects unloaded after import = 0

========================================================================
Received Import Request.
  Time since last request: 0.000138 seconds.
  path: Packages/com.unity.mathematics/Unity.Mathematics/float2.gen.cs
  artifactKey: Guid(4319f4482dc5b5b44a7f99c8725ef211) Importer(2089858483,b0f066a214c2f5e87bad3c948f4d605d)
Start importing Packages/com.unity.mathematics/Unity.Mathematics/float2.gen.cs using Guid(4319f4482dc5b5b44a7f99c8725ef211) Importer(2089858483,b0f066a214c2f5e87bad3c948f4d605d) (ScriptedImporter) -> (artifact id: '591182ab474274a1f1630e128ebd6802') in 0.0277041 seconds
Number of updated asset objects reloaded before import = 0Number of asset objects unloaded after import = 0

========================================================================
Received Import Request.
  Time since last request: 0.000137 seconds.
  path: Packages/com.unity.mathematics/Unity.Mathematics/svd.cs
  artifactKey: Guid(bc4f01dc4f3d8489f85ca8dff8563871) Importer(2089858483,b0f066a214c2f5e87bad3c948f4d605d)
Start importing Packages/com.unity.mathematics/Unity.Mathematics/svd.cs using Guid(bc4f01dc4f3d8489f85ca8dff8563871) Importer(2089858483,b0f066a214c2f5e87bad3c948f4d605d) (ScriptedImporter) -> (artifact id: '501c7e9d7c8c7263a2fd14f8b4da1667') in 0.0231846 seconds
Number of updated asset objects reloaded before import = 0Number of asset objects unloaded after import = 0

========================================================================
Received Import Request.
  Time since last request: 0.000294 seconds.
  path: Packages/com.unity.mathematics/Unity.Mathematics/uint3x3.gen.cs
  artifactKey: Guid(c1262616ca00349c28426545d8525266) Importer(2089858483,b0f066a214c2f5e87bad3c948f4d605d)
Start importing Packages/com.unity.mathematics/Unity.Mathematics/uint3x3.gen.cs using Guid(c1262616ca00349c28426545d8525266) Importer(2089858483,b0f066a214c2f5e87bad3c948f4d605d) (ScriptedImporter) -> (artifact id: 'cf47a58cb1be682e3ff1c5972fde9045') in 0.0250646 seconds
Number of updated asset objects reloaded before import = 0Number of asset objects unloaded after import = 0

========================================================================
Received Import Request.
  Time since last request: 0.000181 seconds.
  path: Packages/com.unity.mathematics/Unity.Mathematics/bool4.gen.cs
  artifactKey: Guid(64216725f837f8345b407a998b4970b3) Importer(2089858483,b0f066a214c2f5e87bad3c948f4d605d)
Start importing Packages/com.unity.mathematics/Unity.Mathematics/bool4.gen.cs using Guid(64216725f837f8345b407a998b4970b3) Importer(2089858483,b0f066a214c2f5e87bad3c948f4d605d) (ScriptedImporter) -> (artifact id: '0c08b7ad719ac34faf639ecdb8bb391d') in 0.0243966 seconds
Number of updated asset objects reloaded before import = 0Number of asset objects unloaded after import = 0

========================================================================
Received Import Request.
  Time since last request: 0.000362 seconds.
  path: Packages/com.unity.mathematics/Unity.Mathematics/int3x3.gen.cs
  artifactKey: Guid(217c0fb9c97594ff38dc97fdce4fc117) Importer(2089858483,b0f066a214c2f5e87bad3c948f4d605d)
Start importing Packages/com.unity.mathematics/Unity.Mathematics/int3x3.gen.cs using Guid(217c0fb9c97594ff38dc97fdce4fc117) Importer(2089858483,b0f066a214c2f5e87bad3c948f4d605d) (ScriptedImporter) -> (artifact id: '733b6554af4b8ab4dedc70c3afca04e1') in 0.0243989 seconds
Number of updated asset objects reloaded before import = 0Number of asset objects unloaded after import = 0

========================================================================
Received Import Request.
  Time since last request: 0.000236 seconds.
  path: Packages/com.unity.mathematics/Unity.Mathematics/math_unity_conversion.cs
  artifactKey: Guid(ff55c152384775745b54032825a4ef2c) Importer(2089858483,b0f066a214c2f5e87bad3c948f4d605d)
Start importing Packages/com.unity.mathematics/Unity.Mathematics/math_unity_conversion.cs using Guid(ff55c152384775745b54032825a4ef2c) Importer(2089858483,b0f066a214c2f5e87bad3c948f4d605d) (ScriptedImporter) -> (artifact id: '9959269f75f9da18ac57a3c95e4c4f0b') in 0.0271793 seconds
Number of updated asset objects reloaded before import = 0Number of asset objects unloaded after import = 0

========================================================================
Received Import Request.
  Time since last request: 0.000138 seconds.
  path: Packages/com.unity.ugui/Runtime/TMP/TMP_Settings.cs
  artifactKey: Guid(2705215ac5b84b70bacc50632be6e391) Importer(2089858483,b0f066a214c2f5e87bad3c948f4d605d)
Start importing Packages/com.unity.ugui/Runtime/TMP/TMP_Settings.cs using Guid(2705215ac5b84b70bacc50632be6e391) Importer(2089858483,b0f066a214c2f5e87bad3c948f4d605d) (ScriptedImporter) -> (artifact id: 'afb5483638f73fe6d3706e0e506fb68d') in 0.0270517 seconds
Number of updated asset objects reloaded before import = 0Number of asset objects unloaded after import = 0

========================================================================
Received Import Request.
  Time since last request: 0.000149 seconds.
  path: Packages/com.unity.mathematics/Unity.Mathematics/half3.gen.cs
  artifactKey: Guid(d271113f4074d29479af6b04f032a53e) Importer(2089858483,b0f066a214c2f5e87bad3c948f4d605d)
Start importing Packages/com.unity.mathematics/Unity.Mathematics/half3.gen.cs using Guid(d271113f4074d29479af6b04f032a53e) Importer(2089858483,b0f066a214c2f5e87bad3c948f4d605d) (ScriptedImporter) -> (artifact id: 'd33ede29f2ca43e98fef875f8eca2d90') in 0.0229414 seconds
Number of updated asset objects reloaded before import = 0Number of asset objects unloaded after import = 0

========================================================================
Received Import Request.
  Time since last request: 0.000343 seconds.
  path: Packages/com.unity.mathematics/Unity.Mathematics/double3x3.gen.cs
  artifactKey: Guid(f1e8e688d7f354f92a78d4d78697150d) Importer(2089858483,b0f066a214c2f5e87bad3c948f4d605d)
Start importing Packages/com.unity.mathematics/Unity.Mathematics/double3x3.gen.cs using Guid(f1e8e688d7f354f92a78d4d78697150d) Importer(2089858483,b0f066a214c2f5e87bad3c948f4d605d) (ScriptedImporter) -> (artifact id: '7f3f54c6108673596432c150fb471237') in 0.0251524 seconds
Number of updated asset objects reloaded before import = 0Number of asset objects unloaded after import = 0

========================================================================
Received Import Request.
  Time since last request: 0.000375 seconds.
  path: Packages/com.unity.ugui/Editor Resources/Shaders/TMP_SDF Internal Editor.shader
  artifactKey: Guid(9c442dc870b456e48b615cd8add0e9ef) Importer(2089858483,b0f066a214c2f5e87bad3c948f4d605d)
Start importing Packages/com.unity.ugui/Editor Resources/Shaders/TMP_SDF Internal Editor.shader using Guid(9c442dc870b456e48b615cd8add0e9ef) Importer(2089858483,b0f066a214c2f5e87bad3c948f4d605d) (ScriptedImporter) -> (artifact id: '6a542abf679aeb8df7853f3ec0dcaa4b') in 0.0379503 seconds
Number of updated asset objects reloaded before import = 0Number of asset objects unloaded after import = 1

========================================================================
Received Import Request.
  Time since last request: 0.000039 seconds.
  path: Packages/com.unity.ugui/Editor/TMP/PropertyDrawers/TMP_GlyphPropertyDrawer.cs
  artifactKey: Guid(c4777500b5da6094e956c3d4f04de4db) Importer(2089858483,b0f066a214c2f5e87bad3c948f4d605d)
Start importing Packages/com.unity.ugui/Editor/TMP/PropertyDrawers/TMP_GlyphPropertyDrawer.cs using Guid(c4777500b5da6094e956c3d4f04de4db) Importer(2089858483,b0f066a214c2f5e87bad3c948f4d605d) (ScriptedImporter) -> (artifact id: '8e27e48bf49ea17c817aafd96f76eeff') in 0.0266718 seconds
Number of updated asset objects reloaded before import = 0Number of asset objects unloaded after import = 0

========================================================================
Received Import Request.
  Time since last request: 0.000151 seconds.
  path: Packages/com.unity.mathematics/Unity.Mathematics/double3x2.gen.cs
  artifactKey: Guid(dbb081701c605492aa7bca8b0dcd80d7) Importer(2089858483,b0f066a214c2f5e87bad3c948f4d605d)
Start importing Packages/com.unity.mathematics/Unity.Mathematics/double3x2.gen.cs using Guid(dbb081701c605492aa7bca8b0dcd80d7) Importer(2089858483,b0f066a214c2f5e87bad3c948f4d605d) (ScriptedImporter) -> (artifact id: 'c987625267c1a877f44a3ffc8d1a4c69') in 0.0203083 seconds
Number of updated asset objects reloaded before import = 0Number of asset objects unloaded after import = 0

========================================================================
Received Import Request.
  Time since last request: 0.000178 seconds.
  path: Packages/com.unity.test-framework/UnityEngine.TestRunner/Utils/AssemblyProvider/AssemblyLoadProxy.cs
  artifactKey: Guid(fb593906b7b6d824087dcaebf6c082e0) Importer(2089858483,b0f066a214c2f5e87bad3c948f4d605d)
Start importing Packages/com.unity.test-framework/UnityEngine.TestRunner/Utils/AssemblyProvider/AssemblyLoadProxy.cs using Guid(fb593906b7b6d824087dcaebf6c082e0) Importer(2089858483,b0f066a214c2f5e87bad3c948f4d605d) (ScriptedImporter) -> (artifact id: '43cb19a096d0a1bc12f2e0ddd8f67721') in 0.0199985 seconds
Number of updated asset objects reloaded before import = 0Number of asset objects unloaded after import = 0

========================================================================
Received Import Request.
  Time since last request: 0.000158 seconds.
  path: Packages/com.unity.ugui/Editor/UGUI/UI/GridLayoutGroupEditor.cs
  artifactKey: Guid(6a981cd1456bec84b86e1c66773f57f5) Importer(2089858483,b0f066a214c2f5e87bad3c948f4d605d)
Start importing Packages/com.unity.ugui/Editor/UGUI/UI/GridLayoutGroupEditor.cs using Guid(6a981cd1456bec84b86e1c66773f57f5) Importer(2089858483,b0f066a214c2f5e87bad3c948f4d605d) (ScriptedImporter) -> (artifact id: '5757652ba052011d2bbc947106b1d742') in 0.0211664 seconds
Number of updated asset objects reloaded before import = 0Number of asset objects unloaded after import = 0

========================================================================
Received Import Request.
  Time since last request: 0.000134 seconds.
  path: Packages/com.unity.mathematics/Unity.Mathematics/uint2x4.gen.cs
  artifactKey: Guid(6acdbd744899541e28c4f19a9398b2b7) Importer(2089858483,b0f066a214c2f5e87bad3c948f4d605d)
Start importing Packages/com.unity.mathematics/Unity.Mathematics/uint2x4.gen.cs using Guid(6acdbd744899541e28c4f19a9398b2b7) Importer(2089858483,b0f066a214c2f5e87bad3c948f4d605d) (ScriptedImporter) -> (artifact id: 'a5696c68406ba51d0e49ca327e9b795e') in 0.0280223 seconds
Number of updated asset objects reloaded before import = 0Number of asset objects unloaded after import = 0

========================================================================
Received Import Request.
  Time since last request: 0.000154 seconds.
  path: Packages/com.unity.mathematics/Unity.Mathematics/float3.gen.cs
  artifactKey: Guid(6e8e5da9e769595428f8f1f51e642dd3) Importer(2089858483,b0f066a214c2f5e87bad3c948f4d605d)
Start importing Packages/com.unity.mathematics/Unity.Mathematics/float3.gen.cs using Guid(6e8e5da9e769595428f8f1f51e642dd3) Importer(2089858483,b0f066a214c2f5e87bad3c948f4d605d) (ScriptedImporter) -> (artifact id: 'af4af4f39010e820567413844510dade') in 0.0237215 seconds
Number of updated asset objects reloaded before import = 0Number of asset objects unloaded after import = 0

========================================================================
Received Import Request.
  Time since last request: 0.000153 seconds.
  path: Packages/com.unity.ugui/Runtime/TMP/TMP_Text.cs
  artifactKey: Guid(5143f58107604835ab1a5efa2d8818fd) Importer(2089858483,b0f066a214c2f5e87bad3c948f4d605d)
Start importing Packages/com.unity.ugui/Runtime/TMP/TMP_Text.cs using Guid(5143f58107604835ab1a5efa2d8818fd) Importer(2089858483,b0f066a214c2f5e87bad3c948f4d605d) (ScriptedImporter) -> (artifact id: 'b4605097970f0ad0462e33d7fbf8f411') in 0.0252105 seconds
Number of updated asset objects reloaded before import = 0Number of asset objects unloaded after import = 0

========================================================================
Received Import Request.
  Time since last request: 0.000092 seconds.
  path: Packages/com.unity.ugui/Runtime/TMP/TMP_SpriteAnimator.cs
  artifactKey: Guid(6366ee97f6b541449155028b9487355a) Importer(2089858483,b0f066a214c2f5e87bad3c948f4d605d)
Start importing Packages/com.unity.ugui/Runtime/TMP/TMP_SpriteAnimator.cs using Guid(6366ee97f6b541449155028b9487355a) Importer(2089858483,b0f066a214c2f5e87bad3c948f4d605d) (ScriptedImporter) -> (artifact id: '6198c77e937246480eb5213dda50459c') in 0.0250153 seconds
Number of updated asset objects reloaded before import = 0Number of asset objects unloaded after import = 0

========================================================================
Received Import Request.
  Time since last request: 0.000103 seconds.
  path: Packages/com.unity.ugui/Editor/TMP/TMPro_SortingLayerHelper.cs
  artifactKey: Guid(88ed537c17c34f339121fe9a7d6d7a0e) Importer(2089858483,b0f066a214c2f5e87bad3c948f4d605d)
Start importing Packages/com.unity.ugui/Editor/TMP/TMPro_SortingLayerHelper.cs using Guid(88ed537c17c34f339121fe9a7d6d7a0e) Importer(2089858483,b0f066a214c2f5e87bad3c948f4d605d) (ScriptedImporter) -> (artifact id: '8b3ccfe79af470950fc0ec5e1b35b44c') in 0.0217659 seconds
Number of updated asset objects reloaded before import = 0Number of asset objects unloaded after import = 0

========================================================================
Received Import Request.
  Time since last request: 0.000161 seconds.
  path: Packages/com.unity.test-framework/UnityEditor.TestRunner/TestRun/Tasks/Scene/CreateNewSceneTask.cs
  artifactKey: Guid(6dff66623000ef448ab68db41d803d95) Importer(2089858483,b0f066a214c2f5e87bad3c948f4d605d)
Start importing Packages/com.unity.test-framework/UnityEditor.TestRunner/TestRun/Tasks/Scene/CreateNewSceneTask.cs using Guid(6dff66623000ef448ab68db41d803d95) Importer(2089858483,b0f066a214c2f5e87bad3c948f4d605d) (ScriptedImporter) -> (artifact id: 'a364595940cb78ecfc8e20439e2854f1') in 0.021928 seconds
Number of updated asset objects reloaded before import = 0Number of asset objects unloaded after import = 0

========================================================================
Received Import Request.
  Time since last request: 0.000396 seconds.
  path: Packages/com.unity.ugui/Editor Resources/Shaders/TMP_SDF_SSD.cginc
  artifactKey: Guid(abe6991365a27d341a10580f3b7c0f44) Importer(2089858483,b0f066a214c2f5e87bad3c948f4d605d)
Start importing Packages/com.unity.ugui/Editor Resources/Shaders/TMP_SDF_SSD.cginc using Guid(abe6991365a27d341a10580f3b7c0f44) Importer(2089858483,b0f066a214c2f5e87bad3c948f4d605d) (ScriptedImporter) -> (artifact id: '6101db92c819c398f100110ce66157fd') in 0.0206584 seconds
Number of updated asset objects reloaded before import = 0Number of asset objects unloaded after import = 1

========================================================================
Received Import Request.
  Time since last request: 0.000049 seconds.
  path: Packages/com.unity.ide.visualstudio/Editor/KnownAssemblies.cs
  artifactKey: Guid(cbccb6292dce08a489e6e742243154e7) Importer(2089858483,b0f066a214c2f5e87bad3c948f4d605d)
Start importing Packages/com.unity.ide.visualstudio/Editor/KnownAssemblies.cs using Guid(cbccb6292dce08a489e6e742243154e7) Importer(2089858483,b0f066a214c2f5e87bad3c948f4d605d) (ScriptedImporter) -> (artifact id: '999454876b452ba73df6de828d8e9888') in 0.0206571 seconds
Number of updated asset objects reloaded before import = 0Number of asset objects unloaded after import = 0

========================================================================
Received Import Request.
  Time since last request: 0.000204 seconds.
  path: Packages/com.unity.mathematics/Unity.Mathematics/matrix.gen.cs
  artifactKey: Guid(d1064bad8f85342fd912d0d27f279601) Importer(2089858483,b0f066a214c2f5e87bad3c948f4d605d)
Start importing Packages/com.unity.mathematics/Unity.Mathematics/matrix.gen.cs using Guid(d1064bad8f85342fd912d0d27f279601) Importer(2089858483,b0f066a214c2f5e87bad3c948f4d605d) (ScriptedImporter) -> (artifact id: '8b69531471001edcb8175c2846af9adf') in 0.0219478 seconds
Number of updated asset objects reloaded before import = 0Number of asset objects unloaded after import = 0

========================================================================
Received Import Request.
  Time since last request: 0.000200 seconds.
  path: Packages/com.unity.ide.visualstudio/LICENSE.md
  artifactKey: Guid(1fe9e6e1ae93cf64bbdfbd29300752e1) Importer(2089858483,b0f066a214c2f5e87bad3c948f4d605d)
Start importing Packages/com.unity.ide.visualstudio/LICENSE.md using Guid(1fe9e6e1ae93cf64bbdfbd29300752e1) Importer(2089858483,b0f066a214c2f5e87bad3c948f4d605d) (ScriptedImporter) -> (artifact id: '2cafa7367f1871b41abeb402ea64ba61') in 0.0221937 seconds
Number of updated asset objects reloaded before import = 0Number of asset objects unloaded after import = 1

========================================================================
Received Import Request.
  Time since last request: 0.000039 seconds.
  path: Packages/com.unity.mathematics/Unity.Mathematics/bool4x3.gen.cs
  artifactKey: Guid(e3e9b9173355b4d25aad23fb08782200) Importer(2089858483,b0f066a214c2f5e87bad3c948f4d605d)
Start importing Packages/com.unity.mathematics/Unity.Mathematics/bool4x3.gen.cs using Guid(e3e9b9173355b4d25aad23fb08782200) Importer(2089858483,b0f066a214c2f5e87bad3c948f4d605d) (ScriptedImporter) -> (artifact id: 'f1c20d4c6dde7bd8175c30445ed6df9d') in 0.0225459 seconds
Number of updated asset objects reloaded before import = 0Number of asset objects unloaded after import = 0

========================================================================
Received Import Request.
  Time since last request: 0.000188 seconds.
  path: Packages/com.unity.ugui/Runtime/TMP/TMP_Asset.cs
  artifactKey: Guid(3bda1886f58f4e0ab1139400b160c3ee) Importer(2089858483,b0f066a214c2f5e87bad3c948f4d605d)
Start importing Packages/com.unity.ugui/Runtime/TMP/TMP_Asset.cs using Guid(3bda1886f58f4e0ab1139400b160c3ee) Importer(2089858483,b0f066a214c2f5e87bad3c948f4d605d) (ScriptedImporter) -> (artifact id: 'b1281ac773b8be66beb148b8b5458006') in 0.0196318 seconds
Number of updated asset objects reloaded before import = 0Number of asset objects unloaded after import = 0

========================================================================
Received Import Request.
  Time since last request: 0.000334 seconds.
  path: Packages/com.unity.test-framework/UnityEditor.TestRunner/TestRun/Tasks/Events/UpdateTestProgressTask.cs
  artifactKey: Guid(c5c78f2ef0d32a948bbb93266ef69a6a) Importer(2089858483,b0f066a214c2f5e87bad3c948f4d605d)
Start importing Packages/com.unity.test-framework/UnityEditor.TestRunner/TestRun/Tasks/Events/UpdateTestProgressTask.cs using Guid(c5c78f2ef0d32a948bbb93266ef69a6a) Importer(2089858483,b0f066a214c2f5e87bad3c948f4d605d) (ScriptedImporter) -> (artifact id: '36ac7635fa83e17fbc21f0388cc61786') in 0.029031 seconds
Number of updated asset objects reloaded before import = 0Number of asset objects unloaded after import = 0

========================================================================
Received Import Request.
  Time since last request: 0.000110 seconds.
  path: Packages/com.unity.ugui/Editor/TMP/HDRP/TMP_BaseHDRPLitShaderGUI.cs
  artifactKey: Guid(e3795795b029fde4395e6953ce72b5a6) Importer(2089858483,b0f066a214c2f5e87bad3c948f4d605d)
Start importing Packages/com.unity.ugui/Editor/TMP/HDRP/TMP_BaseHDRPLitShaderGUI.cs using Guid(e3795795b029fde4395e6953ce72b5a6) Importer(2089858483,b0f066a214c2f5e87bad3c948f4d605d) (ScriptedImporter) -> (artifact id: '424cbfb8e536730985574ca29cccf2fa') in 0.0261618 seconds
Number of updated asset objects reloaded before import = 0Number of asset objects unloaded after import = 0

========================================================================
Received Import Request.
  Time since last request: 0.000183 seconds.
  path: Packages/com.unity.ide.visualstudio/ValidationExceptions.json
  artifactKey: Guid(788fbcfc0abc6c54b9504cfee3176c22) Importer(2089858483,b0f066a214c2f5e87bad3c948f4d605d)
Start importing Packages/com.unity.ide.visualstudio/ValidationExceptions.json using Guid(788fbcfc0abc6c54b9504cfee3176c22) Importer(2089858483,b0f066a214c2f5e87bad3c948f4d605d) (ScriptedImporter) -> (artifact id: 'a3adc72e7f63f621aa8c58a4facf24ab') in 0.0344365 seconds
Number of updated asset objects reloaded before import = 0Number of asset objects unloaded after import = 1

========================================================================
Received Import Request.
  Time since last request: 0.000078 seconds.
  path: Packages/com.unity.ugui/Editor/TMP/TMP_SpriteAssetMenu.cs
  artifactKey: Guid(1048a87135154606808bf2030da32d18) Importer(2089858483,b0f066a214c2f5e87bad3c948f4d605d)
Start importing Packages/com.unity.ugui/Editor/TMP/TMP_SpriteAssetMenu.cs using Guid(1048a87135154606808bf2030da32d18) Importer(2089858483,b0f066a214c2f5e87bad3c948f4d605d) (ScriptedImporter) -> (artifact id: '78798f8426476f02d4f9b7f232ff5065') in 0.031444 seconds
Number of updated asset objects reloaded before import = 0Number of asset objects unloaded after import = 0

========================================================================
Received Import Request.
  Time since last request: 0.000289 seconds.
  path: Packages/com.unity.ugui/Editor/UGUI/UI/DropdownEditor.cs
  artifactKey: Guid(05f582d4fbc8e0c40afccb76bbbe0935) Importer(2089858483,b0f066a214c2f5e87bad3c948f4d605d)
Start importing Packages/com.unity.ugui/Editor/UGUI/UI/DropdownEditor.cs using Guid(05f582d4fbc8e0c40afccb76bbbe0935) Importer(2089858483,b0f066a214c2f5e87bad3c948f4d605d) (ScriptedImporter) -> (artifact id: 'c0a888e45b9bcd6e9445c11910e7139b') in 0.0231989 seconds
Number of updated asset objects reloaded before import = 0Number of asset objects unloaded after import = 0

========================================================================
Received Import Request.
  Time since last request: 0.000107 seconds.
  path: Packages/com.unity.mathematics/Unity.Mathematics/int3x2.gen.cs
  artifactKey: Guid(6ddb7ba42f65c4292afd32dd847c8d3e) Importer(2089858483,b0f066a214c2f5e87bad3c948f4d605d)
Start importing Packages/com.unity.mathematics/Unity.Mathematics/int3x2.gen.cs using Guid(6ddb7ba42f65c4292afd32dd847c8d3e) Importer(2089858483,b0f066a214c2f5e87bad3c948f4d605d) (ScriptedImporter) -> (artifact id: '62aa6a9782bd74d7536725d61f35a00e') in 0.0196686 seconds
Number of updated asset objects reloaded before import = 0Number of asset objects unloaded after import = 0

========================================================================
Received Import Request.
  Time since last request: 0.000132 seconds.
  path: Packages/com.unity.ugui/PackageConversionData_Assets.json
  artifactKey: Guid(0e0afa652c0031c48896a97b424d027b) Importer(2089858483,b0f066a214c2f5e87bad3c948f4d605d)
Start importing Packages/com.unity.ugui/PackageConversionData_Assets.json using Guid(0e0afa652c0031c48896a97b424d027b) Importer(2089858483,b0f066a214c2f5e87bad3c948f4d605d) (ScriptedImporter) -> (artifact id: 'de6dbde953adb40c2e3d4a78379fe6f8') in 0.0244103 seconds
Number of updated asset objects reloaded before import = 0Number of asset objects unloaded after import = 1

========================================================================
Received Import Request.
  Time since last request: 0.000077 seconds.
  path: Packages/com.unity.ugui/Editor Resources/Textures/btn_AlignJustified.psd
  artifactKey: Guid(92027f7f8cfc4feaa477da0dc38d3d46) Importer(2089858483,b0f066a214c2f5e87bad3c948f4d605d)
Start importing Packages/com.unity.ugui/Editor Resources/Textures/btn_AlignJustified.psd using Guid(92027f7f8cfc4feaa477da0dc38d3d46) Importer(2089858483,b0f066a214c2f5e87bad3c948f4d605d) (ScriptedImporter) -> (artifact id: 'e0ce5ef58cbd201ad166d2b979310e57') in 0.0271404 seconds
Number of updated asset objects reloaded before import = 0Number of asset objects unloaded after import = 1

========================================================================
Received Import Request.
  Time since last request: 0.000167 seconds.
  path: Packages/com.unity.ugui/Editor/TMP/TMP_PackageUtilities.cs
  artifactKey: Guid(68eedd4e5b33b37429c02c4add0036fe) Importer(2089858483,b0f066a214c2f5e87bad3c948f4d605d)
Start importing Packages/com.unity.ugui/Editor/TMP/TMP_PackageUtilities.cs using Guid(68eedd4e5b33b37429c02c4add0036fe) Importer(2089858483,b0f066a214c2f5e87bad3c948f4d605d) (ScriptedImporter) -> (artifact id: 'd0933a5df34ba68879d108e21716a4be') in 0.0212873 seconds
Number of updated asset objects reloaded before import = 0Number of asset objects unloaded after import = 0

========================================================================
Received Import Request.
  Time since last request: 0.000139 seconds.
  path: Packages/com.unity.ide.visualstudio/Editor/SolutionProperties.cs
  artifactKey: Guid(829d4d6bc39fd1044ba4c5fc2a9c911f) Importer(2089858483,b0f066a214c2f5e87bad3c948f4d605d)
Start importing Packages/com.unity.ide.visualstudio/Editor/SolutionProperties.cs using Guid(829d4d6bc39fd1044ba4c5fc2a9c911f) Importer(2089858483,b0f066a214c2f5e87bad3c948f4d605d) (ScriptedImporter) -> (artifact id: '67fedf0c649a1a00f5e19ee474e3fde9') in 0.0238923 seconds
Number of updated asset objects reloaded before import = 0Number of asset objects unloaded after import = 0

========================================================================
Received Import Request.
  Time since last request: 0.000167 seconds.
  path: Packages/com.unity.ugui/Editor/UGUI/UI/AspectRatioFitterEditor.cs
  artifactKey: Guid(b5f70efd2f7b286498ca6c00adbb4a13) Importer(2089858483,b0f066a214c2f5e87bad3c948f4d605d)
Start importing Packages/com.unity.ugui/Editor/UGUI/UI/AspectRatioFitterEditor.cs using Guid(b5f70efd2f7b286498ca6c00adbb4a13) Importer(2089858483,b0f066a214c2f5e87bad3c948f4d605d) (ScriptedImporter) -> (artifact id: 'd9b2d9987a029b23778834402bcf3192') in 0.0230543 seconds
Number of updated asset objects reloaded before import = 0Number of asset objects unloaded after import = 0

========================================================================
Received Import Request.
  Time since last request: 0.000162 seconds.
  path: Packages/com.unity.mathematics/Unity.Mathematics/uint4x3.gen.cs
  artifactKey: Guid(8178bb4bab5354260979dd1f191c22ca) Importer(2089858483,b0f066a214c2f5e87bad3c948f4d605d)
Start importing Packages/com.unity.mathematics/Unity.Mathematics/uint4x3.gen.cs using Guid(8178bb4bab5354260979dd1f191c22ca) Importer(2089858483,b0f066a214c2f5e87bad3c948f4d605d) (ScriptedImporter) -> (artifact id: '0f8b20b7f88cdd70d6a15897fb2d1beb') in 0.0239868 seconds
Number of updated asset objects reloaded before import = 0Number of asset objects unloaded after import = 0

========================================================================
Received Import Request.
  Time since last request: 0.000327 seconds.
  path: Packages/com.unity.ugui/Tests/Editor/TMP/Unity.TextMeshPro.Editor.Tests.asmdef
  artifactKey: Guid(656e461844099ae43a609ff6109b0877) Importer(2089858483,b0f066a214c2f5e87bad3c948f4d605d)
Start importing Packages/com.unity.ugui/Tests/Editor/TMP/Unity.TextMeshPro.Editor.Tests.asmdef using Guid(656e461844099ae43a609ff6109b0877) Importer(2089858483,b0f066a214c2f5e87bad3c948f4d605d) (ScriptedImporter) -> (artifact id: 'ebafdee8825a16ec918d5c75419fd3f1') in 0.0254806 seconds
Number of updated asset objects reloaded before import = 0Number of asset objects unloaded after import = 1

========================================================================
Received Import Request.
  Time since last request: 0.000137 seconds.
  path: Packages/com.unity.ugui/Tests/Editor/UGUI/UnityEditor.UI.EditorTests.asmdef
  artifactKey: Guid(7c04f0dfa9243c04681a55d90d3ff3fc) Importer(2089858483,b0f066a214c2f5e87bad3c948f4d605d)
Start importing Packages/com.unity.ugui/Tests/Editor/UGUI/UnityEditor.UI.EditorTests.asmdef using Guid(7c04f0dfa9243c04681a55d90d3ff3fc) Importer(2089858483,b0f066a214c2f5e87bad3c948f4d605d) (ScriptedImporter) -> (artifact id: 'cee18662b791dc9e771c62c7591f4136') in 0.0207564 seconds
Number of updated asset objects reloaded before import = 0Number of asset objects unloaded after import = 1

========================================================================
Received Import Request.
  Time since last request: 0.000054 seconds.
  path: Packages/com.unity.test-framework/UnityEditor.TestRunner/TestRun/Tasks/Events/RegisterCallbackDelegatorEventsTask.cs
  artifactKey: Guid(311d065aced2092409deadf0c0934f61) Importer(2089858483,b0f066a214c2f5e87bad3c948f4d605d)
Start importing Packages/com.unity.test-framework/UnityEditor.TestRunner/TestRun/Tasks/Events/RegisterCallbackDelegatorEventsTask.cs using Guid(311d065aced2092409deadf0c0934f61) Importer(2089858483,b0f066a214c2f5e87bad3c948f4d605d) (ScriptedImporter) -> (artifact id: '799a0f1fa9d84a506ab0deb3bcae6368') in 0.0260913 seconds
Number of updated asset objects reloaded before import = 0Number of asset objects unloaded after import = 0

========================================================================
Received Import Request.
  Time since last request: 0.000202 seconds.
  path: Packages/com.unity.ugui/Editor/UGUI/UI/SpriteDrawUtility.cs
  artifactKey: Guid(260b531edc40677429c0198d6961e448) Importer(2089858483,b0f066a214c2f5e87bad3c948f4d605d)
Start importing Packages/com.unity.ugui/Editor/UGUI/UI/SpriteDrawUtility.cs using Guid(260b531edc40677429c0198d6961e448) Importer(2089858483,b0f066a214c2f5e87bad3c948f4d605d) (ScriptedImporter) -> (artifact id: '1a03188397de86e34a811ecbc15fe5e2') in 0.0208515 seconds
Number of updated asset objects reloaded before import = 0Number of asset objects unloaded after import = 0

========================================================================
Received Import Request.
  Time since last request: 0.000204 seconds.
  path: Packages/com.unity.ide.visualstudio/Editor/Image.cs
  artifactKey: Guid(8e6c7ea7c059fb547b6723aaf225900b) Importer(2089858483,b0f066a214c2f5e87bad3c948f4d605d)
Start importing Packages/com.unity.ide.visualstudio/Editor/Image.cs using Guid(8e6c7ea7c059fb547b6723aaf225900b) Importer(2089858483,b0f066a214c2f5e87bad3c948f4d605d) (ScriptedImporter) -> (artifact id: '048a3f39f1f85c7a78cb9cbf526a38c9') in 0.023332 seconds
Number of updated asset objects reloaded before import = 0Number of asset objects unloaded after import = 0

========================================================================
Received Import Request.
  Time since last request: 0.000316 seconds.
  path: Packages/com.unity.ugui/Editor/Analytics/UnityEditor.UI.Analytics.asmdef
  artifactKey: Guid(8394c018a82352f41ae354f7bdad54e3) Importer(2089858483,b0f066a214c2f5e87bad3c948f4d605d)
Start importing Packages/com.unity.ugui/Editor/Analytics/UnityEditor.UI.Analytics.asmdef using Guid(8394c018a82352f41ae354f7bdad54e3) Importer(2089858483,b0f066a214c2f5e87bad3c948f4d605d) (ScriptedImporter) -> (artifact id: '1a1006057c0c4d133410a75f46f2c3f7') in 0.0228095 seconds
Number of updated asset objects reloaded before import = 0Number of asset objects unloaded after import = 1

========================================================================
Received Import Request.
  Time since last request: 0.000147 seconds.
  path: Packages/com.unity.ide.visualstudio/Editor/Messaging/Message.cs
  artifactKey: Guid(de1c9ea7b82c9904d9e5fba2ee70a998) Importer(2089858483,b0f066a214c2f5e87bad3c948f4d605d)
Start importing Packages/com.unity.ide.visualstudio/Editor/Messaging/Message.cs using Guid(de1c9ea7b82c9904d9e5fba2ee70a998) Importer(2089858483,b0f066a214c2f5e87bad3c948f4d605d) (ScriptedImporter) -> (artifact id: '36ee19bce31f383af2285f3f1a30f94d') in 0.0236751 seconds
Number of updated asset objects reloaded before import = 0Number of asset objects unloaded after import = 0

========================================================================
Received Import Request.
  Time since last request: 0.000175 seconds.
  path: Packages/com.unity.ugui/Editor/TMP/TMP_UIStyleManager.cs
  artifactKey: Guid(30a939dce2fd4073955f2f20e659d506) Importer(2089858483,b0f066a214c2f5e87bad3c948f4d605d)
Start importing Packages/com.unity.ugui/Editor/TMP/TMP_UIStyleManager.cs using Guid(30a939dce2fd4073955f2f20e659d506) Importer(2089858483,b0f066a214c2f5e87bad3c948f4d605d) (ScriptedImporter) -> (artifact id: '233158f0f7cc84907fff65f9100296e8') in 0.020533 seconds
Number of updated asset objects reloaded before import = 0Number of asset objects unloaded after import = 0

========================================================================
Received Import Request.
  Time since last request: 0.000151 seconds.
  path: Packages/com.unity.ugui/Runtime/TMP/TMP_ObjectPool.cs
  artifactKey: Guid(e69259f6ff914146ad610be5491eb44a) Importer(2089858483,b0f066a214c2f5e87bad3c948f4d605d)
Start importing Packages/com.unity.ugui/Runtime/TMP/TMP_ObjectPool.cs using Guid(e69259f6ff914146ad610be5491eb44a) Importer(2089858483,b0f066a214c2f5e87bad3c948f4d605d) (ScriptedImporter) -> (artifact id: '1e23e8ebfe1a993ae1ea020feca9e655') in 0.0199357 seconds
Number of updated asset objects reloaded before import = 0Number of asset objects unloaded after import = 0

========================================================================
Received Import Request.
  Time since last request: 0.000071 seconds.
  path: Packages/com.unity.mathematics/Unity.Mathematics/float2x4.gen.cs
  artifactKey: Guid(70c2d51ac2a824bdb88b239c4fa6122c) Importer(2089858483,b0f066a214c2f5e87bad3c948f4d605d)
Start importing Packages/com.unity.mathematics/Unity.Mathematics/float2x4.gen.cs using Guid(70c2d51ac2a824bdb88b239c4fa6122c) Importer(2089858483,b0f066a214c2f5e87bad3c948f4d605d) (ScriptedImporter) -> (artifact id: 'fbb1b3661ded5e164093ef9dcb071885') in 0.0207022 seconds
Number of updated asset objects reloaded before import = 0Number of asset objects unloaded after import = 0

========================================================================
Received Import Request.
  Time since last request: 0.000047 seconds.
  path: Packages/com.unity.ugui/Runtime/TMP/TMP_UpdateManager.cs
  artifactKey: Guid(691db8cb70c4426a8ae718465c21345f) Importer(2089858483,b0f066a214c2f5e87bad3c948f4d605d)
Start importing Packages/com.unity.ugui/Runtime/TMP/TMP_UpdateManager.cs using Guid(691db8cb70c4426a8ae718465c21345f) Importer(2089858483,b0f066a214c2f5e87bad3c948f4d605d) (ScriptedImporter) -> (artifact id: 'd964531333e6c60a2725ad1e88dbb274') in 0.0193614 seconds
Number of updated asset objects reloaded before import = 0Number of asset objects unloaded after import = 0

========================================================================
Received Import Request.
  Time since last request: 0.000158 seconds.
  path: Packages/com.unity.ide.visualstudio/Editor/Messaging/TcpListener.cs
  artifactKey: Guid(ded625cf0d03fa94c9f939fd13ced18d) Importer(2089858483,b0f066a214c2f5e87bad3c948f4d605d)
Start importing Packages/com.unity.ide.visualstudio/Editor/Messaging/TcpListener.cs using Guid(ded625cf0d03fa94c9f939fd13ced18d) Importer(2089858483,b0f066a214c2f5e87bad3c948f4d605d) (ScriptedImporter) -> (artifact id: 'e18c4eb01e8fc6ca3da88e7ddf894932') in 0.018847 seconds
Number of updated asset objects reloaded before import = 0Number of asset objects unloaded after import = 0

========================================================================
Received Import Request.
  Time since last request: 0.000052 seconds.
  path: Packages/com.unity.ugui/Editor/UGUI/UI/SliderEditor.cs
  artifactKey: Guid(bc98484caab3b6d4facbcff38be93380) Importer(2089858483,b0f066a214c2f5e87bad3c948f4d605d)
Start importing Packages/com.unity.ugui/Editor/UGUI/UI/SliderEditor.cs using Guid(bc98484caab3b6d4facbcff38be93380) Importer(2089858483,b0f066a214c2f5e87bad3c948f4d605d) (ScriptedImporter) -> (artifact id: '76fecf5445fb66d1763730d7faf81f92') in 0.0253039 seconds
Number of updated asset objects reloaded before import = 0Number of asset objects unloaded after import = 0

========================================================================
Received Import Request.
  Time since last request: 0.000302 seconds.
  path: Packages/com.unity.test-framework/UnityEditor.TestRunner/TestRun/Tasks/Scene/StoreSceneSetupTask.cs
  artifactKey: Guid(5c4d36a13e7466e43940732365f53bf1) Importer(2089858483,b0f066a214c2f5e87bad3c948f4d605d)
Start importing Packages/com.unity.test-framework/UnityEditor.TestRunner/TestRun/Tasks/Scene/StoreSceneSetupTask.cs using Guid(5c4d36a13e7466e43940732365f53bf1) Importer(2089858483,b0f066a214c2f5e87bad3c948f4d605d) (ScriptedImporter) -> (artifact id: '6e4283fb321c386406f611e5ab7c68f9') in 0.0237206 seconds
Number of updated asset objects reloaded before import = 0Number of asset objects unloaded after import = 0

========================================================================
Received Import Request.
  Time since last request: 0.000384 seconds.
  path: Packages/com.unity.test-framework/UnityEditor.TestRunner/TestRun/Tasks/Events/RegisterTestRunCallbackEventsTask.cs
  artifactKey: Guid(d9b3520efe42f4ee887f8b99b7e1deae) Importer(2089858483,b0f066a214c2f5e87bad3c948f4d605d)
Start importing Packages/com.unity.test-framework/UnityEditor.TestRunner/TestRun/Tasks/Events/RegisterTestRunCallbackEventsTask.cs using Guid(d9b3520efe42f4ee887f8b99b7e1deae) Importer(2089858483,b0f066a214c2f5e87bad3c948f4d605d) (ScriptedImporter) -> (artifact id: '7ed5ab20df5c8eccd03e4243d1fb5f5b') in 0.0198713 seconds
Number of updated asset objects reloaded before import = 0Number of asset objects unloaded after import = 0

========================================================================
Received Import Request.
  Time since last request: 0.000324 seconds.
  path: Packages/com.unity.ugui/Runtime/TMP/TMP_FontAssetUtilities.cs
  artifactKey: Guid(0a017569bfe174e4890797b4d64cbabc) Importer(2089858483,b0f066a214c2f5e87bad3c948f4d605d)
Start importing Packages/com.unity.ugui/Runtime/TMP/TMP_FontAssetUtilities.cs using Guid(0a017569bfe174e4890797b4d64cbabc) Importer(2089858483,b0f066a214c2f5e87bad3c948f4d605d) (ScriptedImporter) -> (artifact id: '4c58d4016f3dbacab953b61e9a4e8a9f') in 0.020921 seconds
Number of updated asset objects reloaded before import = 0Number of asset objects unloaded after import = 0

========================================================================
Received Import Request.
  Time since last request: 0.000237 seconds.
  path: Packages/com.unity.ugui/Editor Resources/Shaders/TMP_Properties.cginc
  artifactKey: Guid(3c6c403084eacec478a1129ce20061ea) Importer(2089858483,b0f066a214c2f5e87bad3c948f4d605d)
Start importing Packages/com.unity.ugui/Editor Resources/Shaders/TMP_Properties.cginc using Guid(3c6c403084eacec478a1129ce20061ea) Importer(2089858483,b0f066a214c2f5e87bad3c948f4d605d) (ScriptedImporter) -> (artifact id: '5bea21bbc5fa3210c48555396e300a24') in 0.024494 seconds
Number of updated asset objects reloaded before import = 0Number of asset objects unloaded after import = 1

========================================================================
Received Import Request.
  Time since last request: 0.000295 seconds.
  path: Packages/com.unity.test-framework/UnityEditor.TestRunner/TestRun/Tasks/Scene/RemoveAdditionalUntitledSceneTask.cs
  artifactKey: Guid(e02e76bfece9a28408e2e7dcb2e14b8f) Importer(2089858483,b0f066a214c2f5e87bad3c948f4d605d)
Start importing Packages/com.unity.test-framework/UnityEditor.TestRunner/TestRun/Tasks/Scene/RemoveAdditionalUntitledSceneTask.cs using Guid(e02e76bfece9a28408e2e7dcb2e14b8f) Importer(2089858483,b0f066a214c2f5e87bad3c948f4d605d) (ScriptedImporter) -> (artifact id: '991f2c17643ab9f7c93b8d3a0e2d7dca') in 0.0240303 seconds
Number of updated asset objects reloaded before import = 0Number of asset objects unloaded after import = 0

========================================================================
Received Import Request.
  Time since last request: 0.000209 seconds.
  path: Packages/com.unity.ugui/Runtime/TMP/TMP_LineInfo.cs
  artifactKey: Guid(b6e75d7f429a4e7e9e1ffb4f85cff49f) Importer(2089858483,b0f066a214c2f5e87bad3c948f4d605d)
Start importing Packages/com.unity.ugui/Runtime/TMP/TMP_LineInfo.cs using Guid(b6e75d7f429a4e7e9e1ffb4f85cff49f) Importer(2089858483,b0f066a214c2f5e87bad3c948f4d605d) (ScriptedImporter) -> (artifact id: '811829b49a05e685fc907baaca2bdd02') in 0.0310452 seconds
Number of updated asset objects reloaded before import = 0Number of asset objects unloaded after import = 0

========================================================================
Received Import Request.
  Time since last request: 0.000878 seconds.
  path: Packages/com.unity.ugui/Runtime/TMP/TextMeshProUGUI.cs
  artifactKey: Guid(f4688fdb7df04437aeb418b961361dc5) Importer(2089858483,b0f066a214c2f5e87bad3c948f4d605d)
Start importing Packages/com.unity.ugui/Runtime/TMP/TextMeshProUGUI.cs using Guid(f4688fdb7df04437aeb418b961361dc5) Importer(2089858483,b0f066a214c2f5e87bad3c948f4d605d) (ScriptedImporter) -> (artifact id: '8477db2b2a6a80098d014526b730e883') in 0.0293152 seconds
Number of updated asset objects reloaded before import = 0Number of asset objects unloaded after import = 1

========================================================================
Received Import Request.
  Time since last request: 0.000050 seconds.
  path: Packages/com.unity.ugui/Runtime/TMP/TMP_MeshInfo.cs
  artifactKey: Guid(e21bec35f48a44298911b25ead550ce3) Importer(2089858483,b0f066a214c2f5e87bad3c948f4d605d)
Start importing Packages/com.unity.ugui/Runtime/TMP/TMP_MeshInfo.cs using Guid(e21bec35f48a44298911b25ead550ce3) Importer(2089858483,b0f066a214c2f5e87bad3c948f4d605d) (ScriptedImporter) -> (artifact id: '5445763bb80ff65c249e3265d7e32742') in 0.0233482 seconds
Number of updated asset objects reloaded before import = 0Number of asset objects unloaded after import = 0

========================================================================
Received Import Request.
  Time since last request: 0.000123 seconds.
  path: Packages/com.unity.ugui/Editor/TMP/TMP_EditorResourceManager.cs
  artifactKey: Guid(6b259c4003a802847b9ada90744e34c5) Importer(2089858483,b0f066a214c2f5e87bad3c948f4d605d)
Start importing Packages/com.unity.ugui/Editor/TMP/TMP_EditorResourceManager.cs using Guid(6b259c4003a802847b9ada90744e34c5) Importer(2089858483,b0f066a214c2f5e87bad3c948f4d605d) (ScriptedImporter) -> (artifact id: '518ce9dfde6bc85a89ed76757c2766fe') in 0.0324097 seconds
Number of updated asset objects reloaded before import = 0Number of asset objects unloaded after import = 0

========================================================================
Received Import Request.
  Time since last request: 0.000163 seconds.
  path: Packages/com.unity.ide.visualstudio/Editor/Testing/TestRunnerApiListener.cs
  artifactKey: Guid(0b59b40c84c6a5348a188c16b17c7b40) Importer(2089858483,b0f066a214c2f5e87bad3c948f4d605d)
Start importing Packages/com.unity.ide.visualstudio/Editor/Testing/TestRunnerApiListener.cs using Guid(0b59b40c84c6a5348a188c16b17c7b40) Importer(2089858483,b0f066a214c2f5e87bad3c948f4d605d) (ScriptedImporter) -> (artifact id: '8acd3c8ae652dea941b8be1635ed0b49') in 0.0213737 seconds
Number of updated asset objects reloaded before import = 0Number of asset objects unloaded after import = 0

========================================================================
Received Import Request.
  Time since last request: 0.000200 seconds.
  path: Packages/com.unity.ugui/Editor Resources/Textures/btn_AlignBaseLine.psd
  artifactKey: Guid(8bc445bb79654bf496c92d0407840a92) Importer(2089858483,b0f066a214c2f5e87bad3c948f4d605d)
Start importing Packages/com.unity.ugui/Editor Resources/Textures/btn_AlignBaseLine.psd using Guid(8bc445bb79654bf496c92d0407840a92) Importer(2089858483,b0f066a214c2f5e87bad3c948f4d605d) (ScriptedImporter) -> (artifact id: 'bc2affce4ea5f27002513e0091d48b4f') in 0.034714 seconds
Number of updated asset objects reloaded before import = 0Number of asset objects unloaded after import = 1

========================================================================
Received Import Request.
  Time since last request: 0.000116 seconds.
  path: Packages/com.unity.mathematics/Unity.Mathematics/uint2.gen.cs
  artifactKey: Guid(cdcbf6c3d9b20634c90f40978594a52b) Importer(2089858483,b0f066a214c2f5e87bad3c948f4d605d)
Start importing Packages/com.unity.mathematics/Unity.Mathematics/uint2.gen.cs using Guid(cdcbf6c3d9b20634c90f40978594a52b) Importer(2089858483,b0f066a214c2f5e87bad3c948f4d605d) (ScriptedImporter) -> (artifact id: '876f847de4b98dc77b7ca1dae3eaba66') in 0.0258651 seconds
Number of updated asset objects reloaded before import = 0Number of asset objects unloaded after import = 0

========================================================================
Received Import Request.
  Time since last request: 0.000108 seconds.
  path: Packages/com.unity.ugui/Editor/TMP/PropertyDrawers/LigatureSubstitutionRecordPropertyDrawer.cs
  artifactKey: Guid(7b6c2e51603686247afd5ab620c490e6) Importer(2089858483,b0f066a214c2f5e87bad3c948f4d605d)
Start importing Packages/com.unity.ugui/Editor/TMP/PropertyDrawers/LigatureSubstitutionRecordPropertyDrawer.cs using Guid(7b6c2e51603686247afd5ab620c490e6) Importer(2089858483,b0f066a214c2f5e87bad3c948f4d605d) (ScriptedImporter) -> (artifact id: 'd9f2a7d179655727a9ad824a11675320') in 0.0294042 seconds
Number of updated asset objects reloaded before import = 0Number of asset objects unloaded after import = 0

========================================================================
Received Import Request.
  Time since last request: 0.000296 seconds.
  path: Packages/com.unity.mathematics/Unity.Mathematics/bool3x3.gen.cs
  artifactKey: Guid(a3b4b734e76c94d5099484b5b6c5b029) Importer(2089858483,b0f066a214c2f5e87bad3c948f4d605d)
Start importing Packages/com.unity.mathematics/Unity.Mathematics/bool3x3.gen.cs using Guid(a3b4b734e76c94d5099484b5b6c5b029) Importer(2089858483,b0f066a214c2f5e87bad3c948f4d605d) (ScriptedImporter) -> (artifact id: '1f7429b5b5a0447a8eb4bd08973f85c4') in 0.0342185 seconds
Number of updated asset objects reloaded before import = 0Number of asset objects unloaded after import = 0

========================================================================
Received Import Request.
  Time since last request: 0.000241 seconds.
  path: Packages/com.unity.mathematics/Unity.Mathematics/float4x4.gen.cs
  artifactKey: Guid(53454a4b51c974a438994628ac5767e2) Importer(2089858483,b0f066a214c2f5e87bad3c948f4d605d)
Start importing Packages/com.unity.mathematics/Unity.Mathematics/float4x4.gen.cs using Guid(53454a4b51c974a438994628ac5767e2) Importer(2089858483,b0f066a214c2f5e87bad3c948f4d605d) (ScriptedImporter) -> (artifact id: 'e953af3d2944863550ecede1e100649e') in 0.0306535 seconds
Number of updated asset objects reloaded before import = 0Number of asset objects unloaded after import = 0

========================================================================
Received Import Request.
  Time since last request: 0.001436 seconds.
  path: Packages/com.unity.ugui/Editor/TMP/TMP_DropdownEditor.cs
  artifactKey: Guid(6dbcf248c987476181a37f01a1814975) Importer(2089858483,b0f066a214c2f5e87bad3c948f4d605d)
Start importing Packages/com.unity.ugui/Editor/TMP/TMP_DropdownEditor.cs using Guid(6dbcf248c987476181a37f01a1814975) Importer(2089858483,b0f066a214c2f5e87bad3c948f4d605d) (ScriptedImporter) -> (artifact id: 'b43b678f90f16d5a4fc937d4524f183e') in 0.0302325 seconds
Number of updated asset objects reloaded before import = 0Number of asset objects unloaded after import = 0

========================================================================
Received Import Request.
  Time since last request: 0.000216 seconds.
  path: Packages/com.unity.ugui/Runtime/TMP/TMP_Sprite.cs
  artifactKey: Guid(968a09f153574430a6e15ae975145768) Importer(2089858483,b0f066a214c2f5e87bad3c948f4d605d)
Start importing Packages/com.unity.ugui/Runtime/TMP/TMP_Sprite.cs using Guid(968a09f153574430a6e15ae975145768) Importer(2089858483,b0f066a214c2f5e87bad3c948f4d605d) (ScriptedImporter) -> (artifact id: 'b6ba577659fa70ca3113bca0839ff116') in 0.0273536 seconds
Number of updated asset objects reloaded before import = 0Number of asset objects unloaded after import = 0

========================================================================
Received Import Request.
  Time since last request: 0.000204 seconds.
  path: Packages/com.unity.ugui/Editor/TMP/PropertyDrawers/GlyphMetricsPropertyDrawer.cs
  artifactKey: Guid(e3882522a08b6f5459b4dea6f8791278) Importer(2089858483,b0f066a214c2f5e87bad3c948f4d605d)
Start importing Packages/com.unity.ugui/Editor/TMP/PropertyDrawers/GlyphMetricsPropertyDrawer.cs using Guid(e3882522a08b6f5459b4dea6f8791278) Importer(2089858483,b0f066a214c2f5e87bad3c948f4d605d) (ScriptedImporter) -> (artifact id: '1165f975e7e8a940575d52800e4eeb4b') in 0.0261686 seconds
Number of updated asset objects reloaded before import = 0Number of asset objects unloaded after import = 0

========================================================================
Received Import Request.
  Time since last request: 0.000136 seconds.
  path: Packages/com.unity.ide.visualstudio/Editor/ProjectGeneration/ProjectGeneration.cs
  artifactKey: Guid(9f3705b95d031e84c82f140d8e980867) Importer(2089858483,b0f066a214c2f5e87bad3c948f4d605d)
Start importing Packages/com.unity.ide.visualstudio/Editor/ProjectGeneration/ProjectGeneration.cs using Guid(9f3705b95d031e84c82f140d8e980867) Importer(2089858483,b0f066a214c2f5e87bad3c948f4d605d) (ScriptedImporter) -> (artifact id: 'b16ca3ebe3195dbc6d84cdb556a9f997') in 0.0237609 seconds
Number of updated asset objects reloaded before import = 0Number of asset objects unloaded after import = 0

========================================================================
Received Import Request.
  Time since last request: 0.000160 seconds.
  path: Packages/com.unity.mathematics/Unity.Mathematics/uint2x2.gen.cs
  artifactKey: Guid(93a63257a84804542ad359995ba0c1b1) Importer(2089858483,b0f066a214c2f5e87bad3c948f4d605d)
Start importing Packages/com.unity.mathematics/Unity.Mathematics/uint2x2.gen.cs using Guid(93a63257a84804542ad359995ba0c1b1) Importer(2089858483,b0f066a214c2f5e87bad3c948f4d605d) (ScriptedImporter) -> (artifact id: '99b36acfd06e5803cdb26bd6dfb18824') in 0.0221356 seconds
Number of updated asset objects reloaded before import = 0Number of asset objects unloaded after import = 0

========================================================================
Received Import Request.
  Time since last request: 0.000238 seconds.
  path: Packages/com.unity.ugui/Runtime/UGUI/EventSystem/RaycasterManager.cs
  artifactKey: Guid(26570be2af04195458e6f1ac1f5c48e0) Importer(2089858483,b0f066a214c2f5e87bad3c948f4d605d)
Start importing Packages/com.unity.ugui/Runtime/UGUI/EventSystem/RaycasterManager.cs using Guid(26570be2af04195458e6f1ac1f5c48e0) Importer(2089858483,b0f066a214c2f5e87bad3c948f4d605d) (ScriptedImporter) -> (artifact id: 'a04d3b2b2da1b3e7eb55c0978b3f1912') in 0.0286759 seconds
Number of updated asset objects reloaded before import = 0Number of asset objects unloaded after import = 0

========================================================================
Received Import Request.
  Time since last request: 0.000267 seconds.
  path: Packages/com.unity.ide.visualstudio/Editor/FileUtility.cs
  artifactKey: Guid(6f1dc05fb6e7d3e4f89ae9ca482735be) Importer(2089858483,b0f066a214c2f5e87bad3c948f4d605d)
Start importing Packages/com.unity.ide.visualstudio/Editor/FileUtility.cs using Guid(6f1dc05fb6e7d3e4f89ae9ca482735be) Importer(2089858483,b0f066a214c2f5e87bad3c948f4d605d) (ScriptedImporter) -> (artifact id: 'e2ca491bcd09c145602f6c6cf5c6634a') in 0.028427 seconds
Number of updated asset objects reloaded before import = 0Number of asset objects unloaded after import = 0

========================================================================
Received Import Request.
  Time since last request: 0.000450 seconds.
  path: Packages/com.unity.ide.vscode/Editor/ProjectGeneration/GUIDGenerator.cs
  artifactKey: Guid(e58bd3cca6475e54b93632bb6837aeea) Importer(2089858483,b0f066a214c2f5e87bad3c948f4d605d)
Start importing Packages/com.unity.ide.vscode/Editor/ProjectGeneration/GUIDGenerator.cs using Guid(e58bd3cca6475e54b93632bb6837aeea) Importer(2089858483,b0f066a214c2f5e87bad3c948f4d605d) (ScriptedImporter) -> (artifact id: '2ebb2596c400567a470c5fbafbf01982') in 0.0251127 seconds
Number of updated asset objects reloaded before import = 0Number of asset objects unloaded after import = 0

========================================================================
Received Import Request.
  Time since last request: 0.000235 seconds.
  path: Packages/com.unity.ugui/Editor Resources/Textures/btn_AlignFlush.psd
  artifactKey: Guid(691475c57a824010be0c6f474caeb7e1) Importer(2089858483,b0f066a214c2f5e87bad3c948f4d605d)
Start importing Packages/com.unity.ugui/Editor Resources/Textures/btn_AlignFlush.psd using Guid(691475c57a824010be0c6f474caeb7e1) Importer(2089858483,b0f066a214c2f5e87bad3c948f4d605d) (ScriptedImporter) -> (artifact id: '7484dda4faf1c2702bf771126ea1e520') in 0.0265258 seconds
Number of updated asset objects reloaded before import = 0Number of asset objects unloaded after import = 1

========================================================================
Received Import Request.
  Time since last request: 0.000044 seconds.
  path: Packages/com.unity.ide.visualstudio/Editor/Messaging/TcpClient.cs
  artifactKey: Guid(f6674c38820d12a49ac116d416521d85) Importer(2089858483,b0f066a214c2f5e87bad3c948f4d605d)
Start importing Packages/com.unity.ide.visualstudio/Editor/Messaging/TcpClient.cs using Guid(f6674c38820d12a49ac116d416521d85) Importer(2089858483,b0f066a214c2f5e87bad3c948f4d605d) (ScriptedImporter) -> (artifact id: '7229276d4a8392ab5e60a06a82f4108e') in 0.0194198 seconds
Number of updated asset objects reloaded before import = 0Number of asset objects unloaded after import = 0

========================================================================
Received Import Request.
  Time since last request: 0.000465 seconds.
  path: Packages/com.unity.ugui/Editor/TMP/TMP_EditorPanel.cs
  artifactKey: Guid(34f6695d37a94370a3697f6b068f5d5e) Importer(2089858483,b0f066a214c2f5e87bad3c948f4d605d)
Start importing Packages/com.unity.ugui/Editor/TMP/TMP_EditorPanel.cs using Guid(34f6695d37a94370a3697f6b068f5d5e) Importer(2089858483,b0f066a214c2f5e87bad3c948f4d605d) (ScriptedImporter) -> (artifact id: '142fbffb0e1b18cd12c284081e3a2cf4') in 0.0251697 seconds
Number of updated asset objects reloaded before import = 0Number of asset objects unloaded after import = 0

========================================================================
Received Import Request.
  Time since last request: 0.000244 seconds.
  path: Packages/com.unity.ugui/Runtime/TMP/TMP_SpriteGlyph.cs
  artifactKey: Guid(5b5c6a576605b3c4aab7d27193785f27) Importer(2089858483,b0f066a214c2f5e87bad3c948f4d605d)
Start importing Packages/com.unity.ugui/Runtime/TMP/TMP_SpriteGlyph.cs using Guid(5b5c6a576605b3c4aab7d27193785f27) Importer(2089858483,b0f066a214c2f5e87bad3c948f4d605d) (ScriptedImporter) -> (artifact id: '59cd2befe9485dfab5b97f2320a9744f') in 0.0222533 seconds
Number of updated asset objects reloaded before import = 0Number of asset objects unloaded after import = 0

========================================================================
Received Import Request.
  Time since last request: 0.000178 seconds.
  path: Packages/com.unity.mathematics/Unity.Mathematics/bool3x4.gen.cs
  artifactKey: Guid(82510cd108c8a4a7ebe40f0cec12d18c) Importer(2089858483,b0f066a214c2f5e87bad3c948f4d605d)
Start importing Packages/com.unity.mathematics/Unity.Mathematics/bool3x4.gen.cs using Guid(82510cd108c8a4a7ebe40f0cec12d18c) Importer(2089858483,b0f066a214c2f5e87bad3c948f4d605d) (ScriptedImporter) -> (artifact id: '006a332b5dc65aa718da08c43b0be5c2') in 0.0194703 seconds
Number of updated asset objects reloaded before import = 0Number of asset objects unloaded after import = 0

========================================================================
Received Import Request.
  Time since last request: 0.000221 seconds.
  path: Packages/com.unity.ugui/Editor/UGUI/EventSystem/EventSystemEditor.cs
  artifactKey: Guid(6f72aa6eab9392548b9e9d92eb6b2ef8) Importer(2089858483,b0f066a214c2f5e87bad3c948f4d605d)
Start importing Packages/com.unity.ugui/Editor/UGUI/EventSystem/EventSystemEditor.cs using Guid(6f72aa6eab9392548b9e9d92eb6b2ef8) Importer(2089858483,b0f066a214c2f5e87bad3c948f4d605d) (ScriptedImporter) -> (artifact id: '62b582d34894bc74d49914526595d4ef') in 0.0211619 seconds
Number of updated asset objects reloaded before import = 0Number of asset objects unloaded after import = 0

========================================================================
Received Import Request.
  Time since last request: 0.000207 seconds.
  path: Packages/com.unity.ugui/Editor/TMP/PropertyDrawers/TMP_PropertyDrawerUtilities.cs
  artifactKey: Guid(371a2245f9a9ff344997fec3609bf73e) Importer(2089858483,b0f066a214c2f5e87bad3c948f4d605d)
Start importing Packages/com.unity.ugui/Editor/TMP/PropertyDrawers/TMP_PropertyDrawerUtilities.cs using Guid(371a2245f9a9ff344997fec3609bf73e) Importer(2089858483,b0f066a214c2f5e87bad3c948f4d605d) (ScriptedImporter) -> (artifact id: 'f8f65b766bdbb97badd26211454e7ad3') in 0.0263624 seconds
Number of updated asset objects reloaded before import = 0Number of asset objects unloaded after import = 0

========================================================================
Received Import Request.
  Time since last request: 0.000210 seconds.
  path: Packages/com.unity.ide.visualstudio/Editor/Messaging/Deserializer.cs
  artifactKey: Guid(3eda7a83649158546826efb3ffe6c1e3) Importer(2089858483,b0f066a214c2f5e87bad3c948f4d605d)
Start importing Packages/com.unity.ide.visualstudio/Editor/Messaging/Deserializer.cs using Guid(3eda7a83649158546826efb3ffe6c1e3) Importer(2089858483,b0f066a214c2f5e87bad3c948f4d605d) (ScriptedImporter) -> (artifact id: '6e4f9edd071f30353cfa327f51f7823f') in 0.0220545 seconds
Number of updated asset objects reloaded before import = 0Number of asset objects unloaded after import = 0

========================================================================
Received Import Request.
  Time since last request: 0.000149 seconds.
  path: Packages/com.unity.mathematics/Unity.Mathematics/int2x4.gen.cs
  artifactKey: Guid(827909947b5c9455fa16a57c0b8c55f7) Importer(2089858483,b0f066a214c2f5e87bad3c948f4d605d)
Start importing Packages/com.unity.mathematics/Unity.Mathematics/int2x4.gen.cs using Guid(827909947b5c9455fa16a57c0b8c55f7) Importer(2089858483,b0f066a214c2f5e87bad3c948f4d605d) (ScriptedImporter) -> (artifact id: '047d6a7ebe838edc00c4384ab7936609') in 0.021559 seconds
Number of updated asset objects reloaded before import = 0Number of asset objects unloaded after import = 0

========================================================================
Received Import Request.
  Time since last request: 0.000284 seconds.
  path: Packages/com.unity.test-framework/UnityEditor.TestRunner/TestRun/Tasks/Events/RunFinishedInvocationEvent.cs
  artifactKey: Guid(a8ea9765889ae054c9b32cce583af855) Importer(2089858483,b0f066a214c2f5e87bad3c948f4d605d)
Start importing Packages/com.unity.test-framework/UnityEditor.TestRunner/TestRun/Tasks/Events/RunFinishedInvocationEvent.cs using Guid(a8ea9765889ae054c9b32cce583af855) Importer(2089858483,b0f066a214c2f5e87bad3c948f4d605d) (ScriptedImporter) -> (artifact id: 'dde0f9766b41d1823a8f68ba1fbe3007') in 0.0327426 seconds
Number of updated asset objects reloaded before import = 0Number of asset objects unloaded after import = 0

========================================================================
Received Import Request.
  Time since last request: 0.000363 seconds.
  path: Packages/com.unity.ugui/Editor/UGUI/UI/InterceptedEventsPreview.cs
  artifactKey: Guid(127023922adddf744b59fa7b0b0c3030) Importer(2089858483,b0f066a214c2f5e87bad3c948f4d605d)
Start importing Packages/com.unity.ugui/Editor/UGUI/UI/InterceptedEventsPreview.cs using Guid(127023922adddf744b59fa7b0b0c3030) Importer(2089858483,b0f066a214c2f5e87bad3c948f4d605d) (ScriptedImporter) -> (artifact id: '0683b807c4fcf8290c4486f482f153bf') in 0.0236292 seconds
Number of updated asset objects reloaded before import = 0Number of asset objects unloaded after import = 0

========================================================================
Received Import Request.
  Time since last request: 0.000186 seconds.
  path: Packages/com.unity.ide.vscode/Editor/Unity.com.unity.vscode.Editor.asmdef
  artifactKey: Guid(8b845b123ab418448a8be2935fa804e0) Importer(2089858483,b0f066a214c2f5e87bad3c948f4d605d)
Start importing Packages/com.unity.ide.vscode/Editor/Unity.com.unity.vscode.Editor.asmdef using Guid(8b845b123ab418448a8be2935fa804e0) Importer(2089858483,b0f066a214c2f5e87bad3c948f4d605d) (ScriptedImporter) -> (artifact id: '6bdbfcb0db7cab56b89912b6c6dee19a') in 0.0244591 seconds
Number of updated asset objects reloaded before import = 0Number of asset objects unloaded after import = 1

========================================================================
Received Import Request.
  Time since last request: 0.000187 seconds.
  path: Packages/com.unity.ide.visualstudio/Editor/Testing/TestResultAdaptor.cs
  artifactKey: Guid(f47f2d030bc1d415a8d15a51dbcc39a2) Importer(2089858483,b0f066a214c2f5e87bad3c948f4d605d)
Start importing Packages/com.unity.ide.visualstudio/Editor/Testing/TestResultAdaptor.cs using Guid(f47f2d030bc1d415a8d15a51dbcc39a2) Importer(2089858483,b0f066a214c2f5e87bad3c948f4d605d) (ScriptedImporter) -> (artifact id: '79e734616a650c76963c6bec93e55afb') in 0.0229807 seconds
Number of updated asset objects reloaded before import = 0Number of asset objects unloaded after import = 0

========================================================================
Received Import Request.
  Time since last request: 0.000258 seconds.
  path: Packages/com.unity.modules.unityanalytics/package.ModuleCompilationTrigger
  artifactKey: Guid(71136fc5cf34f2cc10be0e33c0b08019) Importer(2089858483,b0f066a214c2f5e87bad3c948f4d605d)
Start importing Packages/com.unity.modules.unityanalytics/package.ModuleCompilationTrigger using Guid(71136fc5cf34f2cc10be0e33c0b08019) Importer(2089858483,b0f066a214c2f5e87bad3c948f4d605d) (ScriptedImporter) -> (artifact id: 'c30bd0ba85698dc17a03d6607553f70b') in 0.0184299 seconds
Number of updated asset objects reloaded before import = 0Number of asset objects unloaded after import = 1

========================================================================
Received Import Request.
  Time since last request: 0.000123 seconds.
  path: Packages/com.unity.ugui/Editor/TMP/HDRP/TMP_SDF_HDRPUnlitShaderGUI.cs
  artifactKey: Guid(bad96c2cfa78a124cb8ec890d2386dfe) Importer(2089858483,b0f066a214c2f5e87bad3c948f4d605d)
Start importing Packages/com.unity.ugui/Editor/TMP/HDRP/TMP_SDF_HDRPUnlitShaderGUI.cs using Guid(bad96c2cfa78a124cb8ec890d2386dfe) Importer(2089858483,b0f066a214c2f5e87bad3c948f4d605d) (ScriptedImporter) -> (artifact id: '96557e6d5819430c0a0aa7a0c474e24c') in 0.0212522 seconds
Number of updated asset objects reloaded before import = 0Number of asset objects unloaded after import = 0

========================================================================
Received Import Request.
  Time since last request: 0.000111 seconds.
  path: Packages/com.unity.ugui/Editor/TMP/TMPro_ContextMenus.cs
  artifactKey: Guid(44e1d646473a40178712cb2150f54cec) Importer(2089858483,b0f066a214c2f5e87bad3c948f4d605d)
Start importing Packages/com.unity.ugui/Editor/TMP/TMPro_ContextMenus.cs using Guid(44e1d646473a40178712cb2150f54cec) Importer(2089858483,b0f066a214c2f5e87bad3c948f4d605d) (ScriptedImporter) -> (artifact id: '6578191bf28e6c162c713e9eedefb86a') in 0.0197827 seconds
Number of updated asset objects reloaded before import = 0Number of asset objects unloaded after import = 0

========================================================================
Received Import Request.
  Time since last request: 0.000117 seconds.
  path: Packages/com.unity.inputsystem/InputSystem/Editor/AssetImporter/InputActionAssetIconLoader.cs
  artifactKey: Guid(015a929bdae646a99b91b756b998233f) Importer(2089858483,b0f066a214c2f5e87bad3c948f4d605d)
Start importing Packages/com.unity.inputsystem/InputSystem/Editor/AssetImporter/InputActionAssetIconLoader.cs using Guid(015a929bdae646a99b91b756b998233f) Importer(2089858483,b0f066a214c2f5e87bad3c948f4d605d) (ScriptedImporter) -> (artifact id: '3c1a807f04e4fec3762fea43fd311429') in 0.0228965 seconds
Number of updated asset objects reloaded before import = 0Number of asset objects unloaded after import = 0

========================================================================
Received Import Request.
  Time since last request: 0.000142 seconds.
  path: Packages/com.unity.inputsystem/InputSystem/Editor/Debugger/InputDebuggerWindow.cs
  artifactKey: Guid(c3f24f77c633a444893b75d39ae4fa3c) Importer(2089858483,b0f066a214c2f5e87bad3c948f4d605d)
Start importing Packages/com.unity.inputsystem/InputSystem/Editor/Debugger/InputDebuggerWindow.cs using Guid(c3f24f77c633a444893b75d39ae4fa3c) Importer(2089858483,b0f066a214c2f5e87bad3c948f4d605d) (ScriptedImporter) -> (artifact id: '263e82ba78c9416124e29bfc706a31e0') in 0.0227684 seconds
Number of updated asset objects reloaded before import = 0Number of asset objects unloaded after import = 0

========================================================================
Received Import Request.
  Time since last request: 0.000199 seconds.
  path: Packages/com.unity.inputsystem/InputSystem/Editor/Icons/d_Stick@4x.png
  artifactKey: Guid(f2fd4d7aa99c94a67a6a137fe979a760) Importer(2089858483,b0f066a214c2f5e87bad3c948f4d605d)
Start importing Packages/com.unity.inputsystem/InputSystem/Editor/Icons/d_Stick@4x.png using Guid(f2fd4d7aa99c94a67a6a137fe979a760) Importer(2089858483,b0f066a214c2f5e87bad3c948f4d605d) (ScriptedImporter) -> (artifact id: '53c61a19806ac193ef64308cde3c593a') in 0.0382274 seconds
Number of updated asset objects reloaded before import = 0Number of asset objects unloaded after import = 1

========================================================================
Received Import Request.
  Time since last request: 0.000147 seconds.
  path: Packages/com.unity.mathematics/Tests/Tests/Shared/TestBool4x4.gen.cs
  artifactKey: Guid(0d44f89a4f95a124b9fc8296247d76d9) Importer(2089858483,b0f066a214c2f5e87bad3c948f4d605d)
Start importing Packages/com.unity.mathematics/Tests/Tests/Shared/TestBool4x4.gen.cs using Guid(0d44f89a4f95a124b9fc8296247d76d9) Importer(2089858483,b0f066a214c2f5e87bad3c948f4d605d) (ScriptedImporter) -> (artifact id: '9b3791d9bbc53b3cb8f06ce22b1a3bd7') in 0.0267681 seconds
Number of updated asset objects reloaded before import = 0Number of asset objects unloaded after import = 0

========================================================================
Received Import Request.
  Time since last request: 0.000168 seconds.
  path: Packages/com.unity.inputsystem/InputSystem/Editor/Icons/d_ChevronUp.png
  artifactKey: Guid(7fad89501bb5c408e956934bf2eb8ae3) Importer(2089858483,b0f066a214c2f5e87bad3c948f4d605d)
Start importing Packages/com.unity.inputsystem/InputSystem/Editor/Icons/d_ChevronUp.png using Guid(7fad89501bb5c408e956934bf2eb8ae3) Importer(2089858483,b0f066a214c2f5e87bad3c948f4d605d) (ScriptedImporter) -> (artifact id: 'd3ce2600aeb2ec8b48d298889c27555c') in 0.0413676 seconds
Number of updated asset objects reloaded before import = 0Number of asset objects unloaded after import = 1

========================================================================
Received Import Request.
  Time since last request: 0.000069 seconds.
  path: Packages/com.unity.inputsystem/InputSystem/Editor/Icons/d_Orientation@3x.png
  artifactKey: Guid(424bff4d3ea64400e9b384cb8bebfb96) Importer(2089858483,b0f066a214c2f5e87bad3c948f4d605d)
Start importing Packages/com.unity.inputsystem/InputSystem/Editor/Icons/d_Orientation@3x.png using Guid(424bff4d3ea64400e9b384cb8bebfb96) Importer(2089858483,b0f066a214c2f5e87bad3c948f4d605d) (ScriptedImporter) -> (artifact id: '72758e408fa7ed0f52b2545bd8800fe2') in 0.0296239 seconds
Number of updated asset objects reloaded before import = 0Number of asset objects unloaded after import = 1

========================================================================
Received Import Request.
  Time since last request: 0.000066 seconds.
  path: Packages/com.unity.inputsystem/InputSystem/Runtime/InputManagerStateMonitors.cs
  artifactKey: Guid(1407189163374c4aa71b9689243809eb) Importer(2089858483,b0f066a214c2f5e87bad3c948f4d605d)
Start importing Packages/com.unity.inputsystem/InputSystem/Runtime/InputManagerStateMonitors.cs using Guid(1407189163374c4aa71b9689243809eb) Importer(2089858483,b0f066a214c2f5e87bad3c948f4d605d) (ScriptedImporter) -> (artifact id: '5ed3a13dc59649084b5b7a8523434320') in 0.0234861 seconds
Number of updated asset objects reloaded before import = 0Number of asset objects unloaded after import = 0

========================================================================
Received Import Request.
  Time since last request: 0.000178 seconds.
  path: Packages/com.unity.mathematics/Tests/Tests/Shared/TestDouble3x3.gen.cs
  artifactKey: Guid(4971c82bdb64ccb49b92ffe0a2d2c59a) Importer(2089858483,b0f066a214c2f5e87bad3c948f4d605d)
Start importing Packages/com.unity.mathematics/Tests/Tests/Shared/TestDouble3x3.gen.cs using Guid(4971c82bdb64ccb49b92ffe0a2d2c59a) Importer(2089858483,b0f066a214c2f5e87bad3c948f4d605d) (ScriptedImporter) -> (artifact id: 'dca94423d85565ddb32d448548735078') in 0.0192039 seconds
Number of updated asset objects reloaded before import = 0Number of asset objects unloaded after import = 0

========================================================================
Received Import Request.
  Time since last request: 0.000196 seconds.
  path: Packages/com.unity.inputsystem/InputSystem/Runtime/InputSettings.cs
  artifactKey: Guid(c46f07b5ed07e4e92aa78254188d3d10) Importer(2089858483,b0f066a214c2f5e87bad3c948f4d605d)
Start importing Packages/com.unity.inputsystem/InputSystem/Runtime/InputSettings.cs using Guid(c46f07b5ed07e4e92aa78254188d3d10) Importer(2089858483,b0f066a214c2f5e87bad3c948f4d605d) (ScriptedImporter) -> (artifact id: '255683f87fdf681aa0ac0db66f097e0f') in 0.0240221 seconds
Number of updated asset objects reloaded before import = 0Number of asset objects unloaded after import = 0

========================================================================
Received Import Request.
  Time since last request: 0.000189 seconds.
  path: Packages/com.unity.inputsystem/InputSystem/Runtime/InputUpdateType.cs
  artifactKey: Guid(decf522e52f74f9e80b4dc87986cca70) Importer(2089858483,b0f066a214c2f5e87bad3c948f4d605d)
Start importing Packages/com.unity.inputsystem/InputSystem/Runtime/InputUpdateType.cs using Guid(decf522e52f74f9e80b4dc87986cca70) Importer(2089858483,b0f066a214c2f5e87bad3c948f4d605d) (ScriptedImporter) -> (artifact id: '84ca7ff421c4add45fc3ee35f8226ccf') in 0.0181965 seconds
Number of updated asset objects reloaded before import = 0Number of asset objects unloaded after import = 0

========================================================================
Received Import Request.
  Time since last request: 0.000189 seconds.
  path: Packages/com.unity.inputsystem/InputSystem/Editor/Icons/d_Orientation@2x.png
  artifactKey: Guid(cae83450c8b18499c8c0239edf8bcc31) Importer(2089858483,b0f066a214c2f5e87bad3c948f4d605d)
Start importing Packages/com.unity.inputsystem/InputSystem/Editor/Icons/d_Orientation@2x.png using Guid(cae83450c8b18499c8c0239edf8bcc31) Importer(2089858483,b0f066a214c2f5e87bad3c948f4d605d) (ScriptedImporter) -> (artifact id: '2275717824770ec42cc84b1d89038289') in 0.0440838 seconds
Number of updated asset objects reloaded before import = 0Number of asset objects unloaded after import = 1

========================================================================
Received Import Request.
  Time since last request: 0.000043 seconds.
  path: Packages/com.unity.inputsystem/InputSystem/Editor/Icons/Add Binding.png
  artifactKey: Guid(958a10dec4f3a4764bb345b0aa03510b) Importer(2089858483,b0f066a214c2f5e87bad3c948f4d605d)
Start importing Packages/com.unity.inputsystem/InputSystem/Editor/Icons/Add Binding.png using Guid(958a10dec4f3a4764bb345b0aa03510b) Importer(2089858483,b0f066a214c2f5e87bad3c948f4d605d) (ScriptedImporter) -> (artifact id: '8e2375162744b52faf5d45e4f03a21ad') in 0.0484337 seconds
Number of updated asset objects reloaded before import = 0Number of asset objects unloaded after import = 1

========================================================================
Received Import Request.
  Time since last request: 0.000057 seconds.
  path: Packages/com.unity.inputsystem/InputSystem/Editor/Icons/d_Position@2x.png
  artifactKey: Guid(2552e303d22424da2ad62552efbd06e8) Importer(2089858483,b0f066a214c2f5e87bad3c948f4d605d)
Start importing Packages/com.unity.inputsystem/InputSystem/Editor/Icons/d_Position@2x.png using Guid(2552e303d22424da2ad62552efbd06e8) Importer(2089858483,b0f066a214c2f5e87bad3c948f4d605d) (ScriptedImporter) -> (artifact id: '14450cfee57705c8089c324cb0b1d0f2') in 0.0327778 seconds
Number of updated asset objects reloaded before import = 0Number of asset objects unloaded after import = 1

========================================================================
Received Import Request.
  Time since last request: 0.000054 seconds.
  path: Packages/com.unity.mathematics/Tests/Tests/Shared/TestPlane.cs
  artifactKey: Guid(f231ac420620f4127b2cb48aab2c41ef) Importer(2089858483,b0f066a214c2f5e87bad3c948f4d605d)
Start importing Packages/com.unity.mathematics/Tests/Tests/Shared/TestPlane.cs using Guid(f231ac420620f4127b2cb48aab2c41ef) Importer(2089858483,b0f066a214c2f5e87bad3c948f4d605d) (ScriptedImporter) -> (artifact id: 'd42dbe48bb3c394a98f9ae8952152cf1') in 0.0239319 seconds
Number of updated asset objects reloaded before import = 0Number of asset objects unloaded after import = 0

========================================================================
Received Import Request.
  Time since last request: 0.000382 seconds.
  path: Packages/com.unity.inputsystem/InputSystem/Editor/Icons/d_Keyboard.png
  artifactKey: Guid(83382fb171da648c594229ca6fa7ad94) Importer(2089858483,b0f066a214c2f5e87bad3c948f4d605d)
Start importing Packages/com.unity.inputsystem/InputSystem/Editor/Icons/d_Keyboard.png using Guid(83382fb171da648c594229ca6fa7ad94) Importer(2089858483,b0f066a214c2f5e87bad3c948f4d605d) (ScriptedImporter) -> (artifact id: 'fa50c283fec96b605f4adc2ffef2dcdb') in 0.0336743 seconds
Number of updated asset objects reloaded before import = 0Number of asset objects unloaded after import = 1

========================================================================
Received Import Request.
  Time since last request: 0.000054 seconds.
  path: Packages/com.unity.inputsystem/InputSystem/Editor/Debugger/InputActionDebuggerWindow.cs
  artifactKey: Guid(8d659406a304446c599b9ec454663c46) Importer(2089858483,b0f066a214c2f5e87bad3c948f4d605d)
Start importing Packages/com.unity.inputsystem/InputSystem/Editor/Debugger/InputActionDebuggerWindow.cs using Guid(8d659406a304446c599b9ec454663c46) Importer(2089858483,b0f066a214c2f5e87bad3c948f4d605d) (ScriptedImporter) -> (artifact id: 'f9d789d712281ad824619d96e8dfb6d7') in 0.0191453 seconds
Number of updated asset objects reloaded before import = 0Number of asset objects unloaded after import = 0

========================================================================
Received Import Request.
  Time since last request: 0.000166 seconds.
  path: Packages/com.unity.mathematics/Tests/Tests/Shared/TestDouble2x3.gen.cs
  artifactKey: Guid(fa8d4556e4d042c4199dca8671bc2817) Importer(2089858483,b0f066a214c2f5e87bad3c948f4d605d)
Start importing Packages/com.unity.mathematics/Tests/Tests/Shared/TestDouble2x3.gen.cs using Guid(fa8d4556e4d042c4199dca8671bc2817) Importer(2089858483,b0f066a214c2f5e87bad3c948f4d605d) (ScriptedImporter) -> (artifact id: 'bd905b5c2406b00f4db48b69c7e4610b') in 0.0231552 seconds
Number of updated asset objects reloaded before import = 0Number of asset objects unloaded after import = 0

========================================================================
Received Import Request.
  Time since last request: 0.000225 seconds.
  path: Packages/com.unity.mathematics/Tests/Tests/Shared/TestDouble3x4.gen.cs
  artifactKey: Guid(a43acb77473e8f64189c28afbb4c366a) Importer(2089858483,b0f066a214c2f5e87bad3c948f4d605d)
Start importing Packages/com.unity.mathematics/Tests/Tests/Shared/TestDouble3x4.gen.cs using Guid(a43acb77473e8f64189c28afbb4c366a) Importer(2089858483,b0f066a214c2f5e87bad3c948f4d605d) (ScriptedImporter) -> (artifact id: '440a4df04e4687ba5398ca17a37dc307') in 0.0269283 seconds
Number of updated asset objects reloaded before import = 0Number of asset objects unloaded after import = 0

========================================================================
Received Import Request.
  Time since last request: 0.000185 seconds.
  path: Packages/com.unity.inputsystem/InputSystem/Editor/Icons/d_InputControl@2x.png
  artifactKey: Guid(c4235c4abfa134435bd4c8c1f8fd8c56) Importer(2089858483,b0f066a214c2f5e87bad3c948f4d605d)
Start importing Packages/com.unity.inputsystem/InputSystem/Editor/Icons/d_InputControl@2x.png using Guid(c4235c4abfa134435bd4c8c1f8fd8c56) Importer(2089858483,b0f066a214c2f5e87bad3c948f4d605d) (ScriptedImporter) -> (artifact id: 'a60def8c9d2a03d6b51eea4ec1d12609') in 0.0248168 seconds
Number of updated asset objects reloaded before import = 0Number of asset objects unloaded after import = 1

========================================================================
Received Import Request.
  Time since last request: 0.000041 seconds.
  path: Packages/com.unity.mathematics/Tests/Tests/Shared/TestFloat4x3.gen.cs
  artifactKey: Guid(d5d74a51bcf6045408a569332921009f) Importer(2089858483,b0f066a214c2f5e87bad3c948f4d605d)
Start importing Packages/com.unity.mathematics/Tests/Tests/Shared/TestFloat4x3.gen.cs using Guid(d5d74a51bcf6045408a569332921009f) Importer(2089858483,b0f066a214c2f5e87bad3c948f4d605d) (ScriptedImporter) -> (artifact id: 'd5febe85fbf8084de40c5be2c631c8da') in 0.0210092 seconds
Number of updated asset objects reloaded before import = 0Number of asset objects unloaded after import = 0

========================================================================
Received Import Request.
  Time since last request: 1.338846 seconds.
  path: Packages/com.unity.inputsystem/InputSystem/Editor/Icons/Gamepad@3x.png
  artifactKey: Guid(4ae0b2f68c2464272b1b10105262b09b) Importer(2089858483,b0f066a214c2f5e87bad3c948f4d605d)
Start importing Packages/com.unity.inputsystem/InputSystem/Editor/Icons/Gamepad@3x.png using Guid(4ae0b2f68c2464272b1b10105262b09b) Importer(2089858483,b0f066a214c2f5e87bad3c948f4d605d) (ScriptedImporter) -> (artifact id: '7acef403abbe2a3aab2965358054155d') in 0.02445 seconds
Number of updated asset objects reloaded before import = 0Number of asset objects unloaded after import = 1

========================================================================
Received Import Request.
  Time since last request: 0.000076 seconds.
  path: Packages/com.unity.inputsystem/InputSystem/Editor/Controls/Processors/AxisDeadzoneProcessorEditor.cs
  artifactKey: Guid(9744e96a967da4f29909add206a6b27f) Importer(2089858483,b0f066a214c2f5e87bad3c948f4d605d)
Start importing Packages/com.unity.inputsystem/InputSystem/Editor/Controls/Processors/AxisDeadzoneProcessorEditor.cs using Guid(9744e96a967da4f29909add206a6b27f) Importer(2089858483,b0f066a214c2f5e87bad3c948f4d605d) (ScriptedImporter) -> (artifact id: '958fec31c2b5c1ac784b289f690bbc19') in 0.0223718 seconds
Number of updated asset objects reloaded before import = 0Number of asset objects unloaded after import = 0

========================================================================
Received Import Request.
  Time since last request: 0.000309 seconds.
  path: Packages/com.unity.inputsystem/InputSystem/Runtime/Actions/InputBindingResolver.cs
  artifactKey: Guid(84ed8f0fc9aae9347b3b0a962eeacf32) Importer(2089858483,b0f066a214c2f5e87bad3c948f4d605d)
Start importing Packages/com.unity.inputsystem/InputSystem/Runtime/Actions/InputBindingResolver.cs using Guid(84ed8f0fc9aae9347b3b0a962eeacf32) Importer(2089858483,b0f066a214c2f5e87bad3c948f4d605d) (ScriptedImporter) -> (artifact id: '5a5afafe348377ca411c0a9adb0aaca0') in 0.0314293 seconds
Number of updated asset objects reloaded before import = 0Number of asset objects unloaded after import = 0

========================================================================
Received Import Request.
  Time since last request: 0.000068 seconds.
  path: Packages/com.unity.inputsystem/InputSystem/Runtime/Utilities/DynamicBitfield.cs
  artifactKey: Guid(d45ac8148fd4e264eb17df8586b09581) Importer(2089858483,b0f066a214c2f5e87bad3c948f4d605d)
Start importing Packages/com.unity.inputsystem/InputSystem/Runtime/Utilities/DynamicBitfield.cs using Guid(d45ac8148fd4e264eb17df8586b09581) Importer(2089858483,b0f066a214c2f5e87bad3c948f4d605d) (ScriptedImporter) -> (artifact id: 'cd42b2b6d13d401bb3c7caa54a5a3372') in 0.0328917 seconds
Number of updated asset objects reloaded before import = 0Number of asset objects unloaded after import = 0

========================================================================
Received Import Request.
  Time since last request: 0.000210 seconds.
  path: Packages/com.unity.inputsystem/InputSystem/Editor/Internal/SerializedPropertyHelpers.cs
  artifactKey: Guid(e22caa7f1befe4d4db80921ba3cdabdb) Importer(2089858483,b0f066a214c2f5e87bad3c948f4d605d)
Start importing Packages/com.unity.inputsystem/InputSystem/Editor/Internal/SerializedPropertyHelpers.cs using Guid(e22caa7f1befe4d4db80921ba3cdabdb) Importer(2089858483,b0f066a214c2f5e87bad3c948f4d605d) (ScriptedImporter) -> (artifact id: '79866023b37099735224b92c152f0815') in 0.0304861 seconds
Number of updated asset objects reloaded before import = 0Number of asset objects unloaded after import = 0

========================================================================
Received Import Request.
  Time since last request: 0.000156 seconds.
  path: Packages/com.unity.inputsystem/InputSystem/Editor/Settings/InputSettingsBuildProvider.cs
  artifactKey: Guid(20d24cdc563d241d8a6bbbb9e417d100) Importer(2089858483,b0f066a214c2f5e87bad3c948f4d605d)
Start importing Packages/com.unity.inputsystem/InputSystem/Editor/Settings/InputSettingsBuildProvider.cs using Guid(20d24cdc563d241d8a6bbbb9e417d100) Importer(2089858483,b0f066a214c2f5e87bad3c948f4d605d) (ScriptedImporter) -> (artifact id: 'd8092ebdb9ceb45ef8faf3ba3ebd825e') in 0.029072 seconds
Number of updated asset objects reloaded before import = 0Number of asset objects unloaded after import = 0

========================================================================
Received Import Request.
  Time since last request: 0.000867 seconds.
  path: Packages/com.unity.inputsystem/InputSystem/Editor/Plugins/EnhancedTouch/TouchSimulationEditor.cs
  artifactKey: Guid(a69b36bd3aae948309bdb0008372a60a) Importer(2089858483,b0f066a214c2f5e87bad3c948f4d605d)
Start importing Packages/com.unity.inputsystem/InputSystem/Editor/Plugins/EnhancedTouch/TouchSimulationEditor.cs using Guid(a69b36bd3aae948309bdb0008372a60a) Importer(2089858483,b0f066a214c2f5e87bad3c948f4d605d) (ScriptedImporter) -> (artifact id: '86e610bb309f50cc93b8d580ec83d258') in 0.0310398 seconds
Number of updated asset objects reloaded before import = 0Number of asset objects unloaded after import = 0

========================================================================
Received Import Request.
  Time since last request: 0.000234 seconds.
  path: Packages/com.unity.inputsystem/InputSystem/Runtime/Actions/InputActionParameters.cs
  artifactKey: Guid(050df780a05f4754b28e85d32a88da95) Importer(2089858483,b0f066a214c2f5e87bad3c948f4d605d)
Start importing Packages/com.unity.inputsystem/InputSystem/Runtime/Actions/InputActionParameters.cs using Guid(050df780a05f4754b28e85d32a88da95) Importer(2089858483,b0f066a214c2f5e87bad3c948f4d605d) (ScriptedImporter) -> (artifact id: '033dde348e25444ba726ed368461eee6') in 0.021772 seconds
Number of updated asset objects reloaded before import = 0Number of asset objects unloaded after import = 0

========================================================================
Received Import Request.
  Time since last request: 0.000127 seconds.
  path: Packages/com.unity.inputsystem/InputSystem/Editor/Internal/InputControlTreeView.cs
  artifactKey: Guid(aa58e874cb4143ad884b8da2bb3f0d7a) Importer(2089858483,b0f066a214c2f5e87bad3c948f4d605d)
Start importing Packages/com.unity.inputsystem/InputSystem/Editor/Internal/InputControlTreeView.cs using Guid(aa58e874cb4143ad884b8da2bb3f0d7a) Importer(2089858483,b0f066a214c2f5e87bad3c948f4d605d) (ScriptedImporter) -> (artifact id: '67497ff7013a312aba2f85b09b10bea2') in 0.0283684 seconds
Number of updated asset objects reloaded before import = 0Number of asset objects unloaded after import = 0

========================================================================
Received Import Request.
  Time since last request: 0.000264 seconds.
  path: Packages/com.unity.inputsystem/InputSystem/Editor/Icons/Mouse.png
  artifactKey: Guid(9eb2b64988cb1443cab6da5dc5300d1c) Importer(2089858483,b0f066a214c2f5e87bad3c948f4d605d)
Start importing Packages/com.unity.inputsystem/InputSystem/Editor/Icons/Mouse.png using Guid(9eb2b64988cb1443cab6da5dc5300d1c) Importer(2089858483,b0f066a214c2f5e87bad3c948f4d605d) (ScriptedImporter) -> (artifact id: '91edb143fdda2509669d33029b126ba2') in 0.0319672 seconds
Number of updated asset objects reloaded before import = 0Number of asset objects unloaded after import = 1

========================================================================
Received Import Request.
  Time since last request: 0.000067 seconds.
  path: Packages/com.unity.inputsystem/InputSystem/Editor/Icons/InputSystemUIInputModule@64.png
  artifactKey: Guid(3028dc075ba8c584d9bc7d1e0255e038) Importer(2089858483,b0f066a214c2f5e87bad3c948f4d605d)
Start importing Packages/com.unity.inputsystem/InputSystem/Editor/Icons/InputSystemUIInputModule@64.png using Guid(3028dc075ba8c584d9bc7d1e0255e038) Importer(2089858483,b0f066a214c2f5e87bad3c948f4d605d) (ScriptedImporter) -> (artifact id: '813359644de8e3901803346678f7b6bb') in 0.0385814 seconds
Number of updated asset objects reloaded before import = 0Number of asset objects unloaded after import = 1

========================================================================
Received Import Request.
  Time since last request: 0.000226 seconds.
  path: Packages/com.unity.inputsystem/InputSystem/Runtime/Utilities/Comparers.cs
  artifactKey: Guid(6e687839a3c5f7a4ea700f2967051b3d) Importer(2089858483,b0f066a214c2f5e87bad3c948f4d605d)
Start importing Packages/com.unity.inputsystem/InputSystem/Runtime/Utilities/Comparers.cs using Guid(6e687839a3c5f7a4ea700f2967051b3d) Importer(2089858483,b0f066a214c2f5e87bad3c948f4d605d) (ScriptedImporter) -> (artifact id: 'b006d52401262c7c19b0774ce2371f69') in 0.0238523 seconds
Number of updated asset objects reloaded before import = 0Number of asset objects unloaded after import = 0

========================================================================
Received Import Request.
  Time since last request: 0.000215 seconds.
  path: Packages/com.unity.inputsystem/InputSystem/Editor/Icons/Position@4x.png
  artifactKey: Guid(c998b283038914e699477f514ecb31ac) Importer(2089858483,b0f066a214c2f5e87bad3c948f4d605d)
Start importing Packages/com.unity.inputsystem/InputSystem/Editor/Icons/Position@4x.png using Guid(c998b283038914e699477f514ecb31ac) Importer(2089858483,b0f066a214c2f5e87bad3c948f4d605d) (ScriptedImporter) -> (artifact id: 'ca807d6b4f3d5b4ec30cfef75be221b0') in 0.0334056 seconds
Number of updated asset objects reloaded before import = 0Number of asset objects unloaded after import = 1

========================================================================
Received Import Request.
  Time since last request: 0.000105 seconds.
  path: Packages/com.unity.inputsystem/InputSystem/Editor/PropertyDrawers/InputActionReferencePropertyDrawer.cs
  artifactKey: Guid(30bd04fe045c46918b5fe7bc6efc4ce2) Importer(2089858483,b0f066a214c2f5e87bad3c948f4d605d)
Start importing Packages/com.unity.inputsystem/InputSystem/Editor/PropertyDrawers/InputActionReferencePropertyDrawer.cs using Guid(30bd04fe045c46918b5fe7bc6efc4ce2) Importer(2089858483,b0f066a214c2f5e87bad3c948f4d605d) (ScriptedImporter) -> (artifact id: '3bb5e918c2fd6ebb40ff29aebf0c7707') in 0.0205144 seconds
Number of updated asset objects reloaded before import = 0Number of asset objects unloaded after import = 0

========================================================================
Received Import Request.
  Time since last request: 0.000127 seconds.
  path: Packages/com.unity.inputsystem/InputSystem/Editor/UITKAssetEditor/SerializedInputBinding.cs
  artifactKey: Guid(2084fa9039e3711438d53087a63525f7) Importer(2089858483,b0f066a214c2f5e87bad3c948f4d605d)
Start importing Packages/com.unity.inputsystem/InputSystem/Editor/UITKAssetEditor/SerializedInputBinding.cs using Guid(2084fa9039e3711438d53087a63525f7) Importer(2089858483,b0f066a214c2f5e87bad3c948f4d605d) (ScriptedImporter) -> (artifact id: '70e16caf91ded05a0b91c970f25093ce') in 0.0191636 seconds
Number of updated asset objects reloaded before import = 0Number of asset objects unloaded after import = 0

========================================================================
Received Import Request.
  Time since last request: 0.000153 seconds.
  path: Packages/com.unity.inputsystem/InputSystem/Runtime/Devices/Joystick.cs
  artifactKey: Guid(e14a578f61014fccab81ed0f1bc21948) Importer(2089858483,b0f066a214c2f5e87bad3c948f4d605d)
Start importing Packages/com.unity.inputsystem/InputSystem/Runtime/Devices/Joystick.cs using Guid(e14a578f61014fccab81ed0f1bc21948) Importer(2089858483,b0f066a214c2f5e87bad3c948f4d605d) (ScriptedImporter) -> (artifact id: 'c581422bd1c2760ace0d8d6b39c00f4c') in 0.0210449 seconds
Number of updated asset objects reloaded before import = 0Number of asset objects unloaded after import = 0

========================================================================
Received Import Request.
  Time since last request: 0.000118 seconds.
  path: Packages/com.unity.inputsystem/InputSystem/Editor/Icons/Pen@2x.png
  artifactKey: Guid(13fb345befe624412ac0bd0138d7bcf2) Importer(2089858483,b0f066a214c2f5e87bad3c948f4d605d)
Start importing Packages/com.unity.inputsystem/InputSystem/Editor/Icons/Pen@2x.png using Guid(13fb345befe624412ac0bd0138d7bcf2) Importer(2089858483,b0f066a214c2f5e87bad3c948f4d605d) (ScriptedImporter) -> (artifact id: '220a4d602d9103bf45281262c4c106ec') in 0.0286062 seconds
Number of updated asset objects reloaded before import = 0Number of asset objects unloaded after import = 1

========================================================================
Received Import Request.
  Time since last request: 0.000049 seconds.
  path: Packages/com.unity.inputsystem/InputSystem/Runtime/Events/InputEventHandledPolicy.cs
  artifactKey: Guid(7c9443eaca924751a528ee833d503cb0) Importer(2089858483,b0f066a214c2f5e87bad3c948f4d605d)
Start importing Packages/com.unity.inputsystem/InputSystem/Runtime/Events/InputEventHandledPolicy.cs using Guid(7c9443eaca924751a528ee833d503cb0) Importer(2089858483,b0f066a214c2f5e87bad3c948f4d605d) (ScriptedImporter) -> (artifact id: '0b4648aedf977266baf68c263b19b06d') in 0.0217041 seconds
Number of updated asset objects reloaded before import = 0Number of asset objects unloaded after import = 0

========================================================================
Received Import Request.
  Time since last request: 0.000796 seconds.
  path: Packages/com.unity.inputsystem/InputSystem/Runtime/Actions/InputBindingComposite.cs
  artifactKey: Guid(6efadb7e1c29b4055adbd232610a4179) Importer(2089858483,b0f066a214c2f5e87bad3c948f4d605d)
Start importing Packages/com.unity.inputsystem/InputSystem/Runtime/Actions/InputBindingComposite.cs using Guid(6efadb7e1c29b4055adbd232610a4179) Importer(2089858483,b0f066a214c2f5e87bad3c948f4d605d) (ScriptedImporter) -> (artifact id: '913ec760e859ba13dced3f69b4a56c76') in 0.0223589 seconds
Number of updated asset objects reloaded before import = 0Number of asset objects unloaded after import = 0

========================================================================
Received Import Request.
  Time since last request: 0.000169 seconds.
  path: Packages/com.unity.inputsystem/InputSystem/Editor/Icons/InputControl@4x.png
  artifactKey: Guid(08c99f7c2a7fa410d8567323e32ad5f5) Importer(2089858483,b0f066a214c2f5e87bad3c948f4d605d)
Start importing Packages/com.unity.inputsystem/InputSystem/Editor/Icons/InputControl@4x.png using Guid(08c99f7c2a7fa410d8567323e32ad5f5) Importer(2089858483,b0f066a214c2f5e87bad3c948f4d605d) (ScriptedImporter) -> (artifact id: 'faacc9175d65b882e1043cea02331fa9') in 0.0346998 seconds
Number of updated asset objects reloaded before import = 0Number of asset objects unloaded after import = 1

========================================================================
Received Import Request.
  Time since last request: 0.000046 seconds.
  path: Packages/com.unity.inputsystem/InputSystem/Editor/Internal/EditorHelpers.cs
  artifactKey: Guid(6d671947d51444fb9b8a4bf96c16bfed) Importer(2089858483,b0f066a214c2f5e87bad3c948f4d605d)
Start importing Packages/com.unity.inputsystem/InputSystem/Editor/Internal/EditorHelpers.cs using Guid(6d671947d51444fb9b8a4bf96c16bfed) Importer(2089858483,b0f066a214c2f5e87bad3c948f4d605d) (ScriptedImporter) -> (artifact id: 'ee91fd75d028dc51f48d8c80fe7ac98d') in 0.0268004 seconds
Number of updated asset objects reloaded before import = 0Number of asset objects unloaded after import = 0

========================================================================
Received Import Request.
  Time since last request: 0.000108 seconds.
  path: Packages/com.unity.inputsystem/InputSystem/Runtime/Devices/Keyboard.cs
  artifactKey: Guid(864a08de8a08473ebf82029d80696449) Importer(2089858483,b0f066a214c2f5e87bad3c948f4d605d)
Start importing Packages/com.unity.inputsystem/InputSystem/Runtime/Devices/Keyboard.cs using Guid(864a08de8a08473ebf82029d80696449) Importer(2089858483,b0f066a214c2f5e87bad3c948f4d605d) (ScriptedImporter) -> (artifact id: '8a19182602274cf5a2608b247887bdb0') in 0.0282536 seconds
Number of updated asset objects reloaded before import = 0Number of asset objects unloaded after import = 0

========================================================================
Received Import Request.
  Time since last request: 0.000204 seconds.
  path: Packages/com.unity.inputsystem/InputSystem/Editor/Controls/Processors/StickDeadzoneProcessorEditor.cs
  artifactKey: Guid(58a253233c6804f58adf86cfee510a72) Importer(2089858483,b0f066a214c2f5e87bad3c948f4d605d)
Start importing Packages/com.unity.inputsystem/InputSystem/Editor/Controls/Processors/StickDeadzoneProcessorEditor.cs using Guid(58a253233c6804f58adf86cfee510a72) Importer(2089858483,b0f066a214c2f5e87bad3c948f4d605d) (ScriptedImporter) -> (artifact id: 'a7705f0ca02c473570ac4bf59df2ba88') in 0.0261387 seconds
Number of updated asset objects reloaded before import = 0Number of asset objects unloaded after import = 0

========================================================================
Received Import Request.
  Time since last request: 0.000151 seconds.
  path: Packages/com.unity.inputsystem/InputSystem/Runtime/Controls/InputControlList.cs
  artifactKey: Guid(543792e79adf14478b4a00527bbefce1) Importer(2089858483,b0f066a214c2f5e87bad3c948f4d605d)
Start importing Packages/com.unity.inputsystem/InputSystem/Runtime/Controls/InputControlList.cs using Guid(543792e79adf14478b4a00527bbefce1) Importer(2089858483,b0f066a214c2f5e87bad3c948f4d605d) (ScriptedImporter) -> (artifact id: 'd5a2fa3eb616d28247906b4acc98eafc') in 0.0199803 seconds
Number of updated asset objects reloaded before import = 0Number of asset objects unloaded after import = 0

========================================================================
Received Import Request.
  Time since last request: 0.000132 seconds.
  path: Packages/com.unity.inputsystem/InputSystem/Runtime/Utilities/CSharpCodeHelpers.cs
  artifactKey: Guid(7c6a2891083312645a7be416176261c1) Importer(2089858483,b0f066a214c2f5e87bad3c948f4d605d)
Start importing Packages/com.unity.inputsystem/InputSystem/Runtime/Utilities/CSharpCodeHelpers.cs using Guid(7c6a2891083312645a7be416176261c1) Importer(2089858483,b0f066a214c2f5e87bad3c948f4d605d) (ScriptedImporter) -> (artifact id: '8ad3ef23dc03f1b9fabed2bc410d2be3') in 0.0247352 seconds
Number of updated asset objects reloaded before import = 0Number of asset objects unloaded after import = 0

========================================================================
Received Import Request.
  Time since last request: 0.000302 seconds.
  path: Packages/com.unity.inputsystem/InputSystem/Editor/Utilities/DirtyAssetTracker.cs
  artifactKey: Guid(fa1cedc2b36c5fc49a203b0e02a22d64) Importer(2089858483,b0f066a214c2f5e87bad3c948f4d605d)
Start importing Packages/com.unity.inputsystem/InputSystem/Editor/Utilities/DirtyAssetTracker.cs using Guid(fa1cedc2b36c5fc49a203b0e02a22d64) Importer(2089858483,b0f066a214c2f5e87bad3c948f4d605d) (ScriptedImporter) -> (artifact id: '79bcf81600bf7048f85452559b5088a0') in 0.0291422 seconds
Number of updated asset objects reloaded before import = 0Number of asset objects unloaded after import = 0

========================================================================
Received Import Request.
  Time since last request: 0.000772 seconds.
  path: Packages/com.unity.inputsystem/InputSystem/Runtime/Utilities/NamedValue.cs
  artifactKey: Guid(0e0c005ff24ec4cfb951eefa16239b9b) Importer(2089858483,b0f066a214c2f5e87bad3c948f4d605d)
Start importing Packages/com.unity.inputsystem/InputSystem/Runtime/Utilities/NamedValue.cs using Guid(0e0c005ff24ec4cfb951eefa16239b9b) Importer(2089858483,b0f066a214c2f5e87bad3c948f4d605d) (ScriptedImporter) -> (artifact id: '62fc06c2030bbb1699a8351f5458b0ea') in 0.0246398 seconds
Number of updated asset objects reloaded before import = 0Number of asset objects unloaded after import = 0

========================================================================
Received Import Request.
  Time since last request: 0.000223 seconds.
  path: Packages/com.unity.inputsystem/InputSystem/Runtime/Controls/AnyKeyControl.cs
  artifactKey: Guid(6e444fe6609243258e0a7746c163373a) Importer(2089858483,b0f066a214c2f5e87bad3c948f4d605d)
Start importing Packages/com.unity.inputsystem/InputSystem/Runtime/Controls/AnyKeyControl.cs using Guid(6e444fe6609243258e0a7746c163373a) Importer(2089858483,b0f066a214c2f5e87bad3c948f4d605d) (ScriptedImporter) -> (artifact id: '4b40bce2e3780c2d21ded0a0a74f8d6e') in 0.0206848 seconds
Number of updated asset objects reloaded before import = 0Number of asset objects unloaded after import = 0

========================================================================
Received Import Request.
  Time since last request: 0.000217 seconds.
  path: Packages/com.unity.inputsystem/InputSystem/Runtime/Devices/IEventMerger.cs
  artifactKey: Guid(7522ce067dfd4acf8e9e136fc7a0ab64) Importer(2089858483,b0f066a214c2f5e87bad3c948f4d605d)
Start importing Packages/com.unity.inputsystem/InputSystem/Runtime/Devices/IEventMerger.cs using Guid(7522ce067dfd4acf8e9e136fc7a0ab64) Importer(2089858483,b0f066a214c2f5e87bad3c948f4d605d) (ScriptedImporter) -> (artifact id: '4679d1db789535a0835dbfb7563643ca') in 0.0231041 seconds
Number of updated asset objects reloaded before import = 0Number of asset objects unloaded after import = 0

========================================================================
Received Import Request.
  Time since last request: 1.003026 seconds.
  path: Packages/com.unity.inputsystem/InputSystem/Editor/Plugins/InputForUI/InputSystemForUI.Editor.asmdef
  artifactKey: Guid(319e0e95bdd5841b7b1808ef2f0ffd7f) Importer(2089858483,b0f066a214c2f5e87bad3c948f4d605d)
Start importing Packages/com.unity.inputsystem/InputSystem/Editor/Plugins/InputForUI/InputSystemForUI.Editor.asmdef using Guid(319e0e95bdd5841b7b1808ef2f0ffd7f) Importer(2089858483,b0f066a214c2f5e87bad3c948f4d605d) (ScriptedImporter) -> (artifact id: '697837adc4108245f7b3d5b19b806cb3') in 0.0202463 seconds
Number of updated asset objects reloaded before import = 0Number of asset objects unloaded after import = 1

========================================================================
Received Import Request.
  Time since last request: 0.000090 seconds.
  path: Packages/com.unity.inputsystem/InputSystem/Runtime/Controls/Processors/ScaleProcessor.cs
  artifactKey: Guid(98590516d066443e58df0deff4a95b21) Importer(2089858483,b0f066a214c2f5e87bad3c948f4d605d)
Start importing Packages/com.unity.inputsystem/InputSystem/Runtime/Controls/Processors/ScaleProcessor.cs using Guid(98590516d066443e58df0deff4a95b21) Importer(2089858483,b0f066a214c2f5e87bad3c948f4d605d) (ScriptedImporter) -> (artifact id: '9098b4383aec35cdffdab5df797d9976') in 0.0255695 seconds
Number of updated asset objects reloaded before import = 0Number of asset objects unloaded after import = 0

========================================================================
Received Import Request.
  Time since last request: 0.000196 seconds.
  path: Packages/com.unity.inputsystem/InputSystem/Editor/Plugins/UI/StandaloneInputModuleEditor.cs
  artifactKey: Guid(bd2cb6115f94b4c129408ea68717f9c3) Importer(2089858483,b0f066a214c2f5e87bad3c948f4d605d)
Start importing Packages/com.unity.inputsystem/InputSystem/Editor/Plugins/UI/StandaloneInputModuleEditor.cs using Guid(bd2cb6115f94b4c129408ea68717f9c3) Importer(2089858483,b0f066a214c2f5e87bad3c948f4d605d) (ScriptedImporter) -> (artifact id: 'da15e0cb95164897be1792d063189a9e') in 0.0223486 seconds
Number of updated asset objects reloaded before import = 0Number of asset objects unloaded after import = 0

========================================================================
Received Import Request.
  Time since last request: 0.000185 seconds.
  path: Packages/com.unity.inputsystem/InputSystem/Runtime/Devices/Commands/EnableDeviceCommand.cs
  artifactKey: Guid(8d76c8b08c287594c9bf5d6c70fb8699) Importer(2089858483,b0f066a214c2f5e87bad3c948f4d605d)
Start importing Packages/com.unity.inputsystem/InputSystem/Runtime/Devices/Commands/EnableDeviceCommand.cs using Guid(8d76c8b08c287594c9bf5d6c70fb8699) Importer(2089858483,b0f066a214c2f5e87bad3c948f4d605d) (ScriptedImporter) -> (artifact id: '60faf3da02841511fdd65a9332e0af9f') in 0.0237905 seconds
Number of updated asset objects reloaded before import = 0Number of asset objects unloaded after import = 0

========================================================================
Received Import Request.
  Time since last request: 0.000199 seconds.
  path: Packages/com.unity.inputsystem/InputSystem/Editor/Plugins/PlayerInput/PlayerInputEditor.cs
  artifactKey: Guid(78dcfd26eada049b0840e276bd029712) Importer(2089858483,b0f066a214c2f5e87bad3c948f4d605d)
Start importing Packages/com.unity.inputsystem/InputSystem/Editor/Plugins/PlayerInput/PlayerInputEditor.cs using Guid(78dcfd26eada049b0840e276bd029712) Importer(2089858483,b0f066a214c2f5e87bad3c948f4d605d) (ScriptedImporter) -> (artifact id: '1ca0d42f75eaba37e9a4538359ad12c0') in 0.0294136 seconds
Number of updated asset objects reloaded before import = 0Number of asset objects unloaded after import = 0

========================================================================
Received Import Request.
  Time since last request: 0.000130 seconds.
  path: Packages/com.unity.inputsystem/InputSystem/Editor/Plugins/UnityRemote/UnityRemoteSupport.cs
  artifactKey: Guid(156cc514fbe5442381b68a445ee3bf6a) Importer(2089858483,b0f066a214c2f5e87bad3c948f4d605d)
Start importing Packages/com.unity.inputsystem/InputSystem/Editor/Plugins/UnityRemote/UnityRemoteSupport.cs using Guid(156cc514fbe5442381b68a445ee3bf6a) Importer(2089858483,b0f066a214c2f5e87bad3c948f4d605d) (ScriptedImporter) -> (artifact id: 'bfbeff6c648b1587f98ccc735dedf1ae') in 0.0245686 seconds
Number of updated asset objects reloaded before import = 0Number of asset objects unloaded after import = 0

========================================================================
Received Import Request.
  Time since last request: 0.000115 seconds.
  path: Packages/com.unity.inputsystem/InputSystem/Editor/UITKAssetEditor/Views/Selectors.cs
  artifactKey: Guid(b98fcf53d54c1fe4abdd9327cf57a371) Importer(2089858483,b0f066a214c2f5e87bad3c948f4d605d)
Start importing Packages/com.unity.inputsystem/InputSystem/Editor/UITKAssetEditor/Views/Selectors.cs using Guid(b98fcf53d54c1fe4abdd9327cf57a371) Importer(2089858483,b0f066a214c2f5e87bad3c948f4d605d) (ScriptedImporter) -> (artifact id: '0257677d12315e9acdf1325c5eb5bcd4') in 0.0233054 seconds
Number of updated asset objects reloaded before import = 0Number of asset objects unloaded after import = 0

========================================================================
Received Import Request.
  Time since last request: 0.000478 seconds.
  path: Packages/com.unity.inputsystem/InputSystem/Runtime/Actions/Composites/Vector3Composite.cs
  artifactKey: Guid(cda1b45d3bda468a95dca208b99174da) Importer(2089858483,b0f066a214c2f5e87bad3c948f4d605d)
Start importing Packages/com.unity.inputsystem/InputSystem/Runtime/Actions/Composites/Vector3Composite.cs using Guid(cda1b45d3bda468a95dca208b99174da) Importer(2089858483,b0f066a214c2f5e87bad3c948f4d605d) (ScriptedImporter) -> (artifact id: '72d2db66e1c68d2af83e372d7cc4cd0b') in 0.019169 seconds
Number of updated asset objects reloaded before import = 0Number of asset objects unloaded after import = 0

========================================================================
Received Import Request.
  Time since last request: 0.000049 seconds.
  path: Packages/com.unity.inputsystem/InputSystem/Runtime/Controls/Processors/AxisDeadzoneProcessor.cs
  artifactKey: Guid(110e42b335c6744e482ada733cbda674) Importer(2089858483,b0f066a214c2f5e87bad3c948f4d605d)
Start importing Packages/com.unity.inputsystem/InputSystem/Runtime/Controls/Processors/AxisDeadzoneProcessor.cs using Guid(110e42b335c6744e482ada733cbda674) Importer(2089858483,b0f066a214c2f5e87bad3c948f4d605d) (ScriptedImporter) -> (artifact id: 'c8a84224458d697ed4109bb01088ba13') in 0.0188934 seconds
Number of updated asset objects reloaded before import = 0Number of asset objects unloaded after import = 0

========================================================================
Received Import Request.
  Time since last request: 0.000140 seconds.
  path: Packages/com.unity.inputsystem/InputSystem/Editor/Plugins/OnScreen/UGUIOnScreenControlEditorUtils.cs
  artifactKey: Guid(91a3b2b6adad844ed9b680b378d8485a) Importer(2089858483,b0f066a214c2f5e87bad3c948f4d605d)
Start importing Packages/com.unity.inputsystem/InputSystem/Editor/Plugins/OnScreen/UGUIOnScreenControlEditorUtils.cs using Guid(91a3b2b6adad844ed9b680b378d8485a) Importer(2089858483,b0f066a214c2f5e87bad3c948f4d605d) (ScriptedImporter) -> (artifact id: 'dde632670e139c4680419cfad0d94bc2') in 0.0191209 seconds
Number of updated asset objects reloaded before import = 0Number of asset objects unloaded after import = 0

========================================================================
Received Import Request.
  Time since last request: 0.000101 seconds.
  path: Packages/com.unity.inputsystem/InputSystem/Editor/UITKAssetEditor/PackageResources/InputAssetEditorDark.uss
  artifactKey: Guid(cca9ce0c8554d5244930f14c21489ac1) Importer(2089858483,b0f066a214c2f5e87bad3c948f4d605d)
Start importing Packages/com.unity.inputsystem/InputSystem/Editor/UITKAssetEditor/PackageResources/InputAssetEditorDark.uss using Guid(cca9ce0c8554d5244930f14c21489ac1) Importer(2089858483,b0f066a214c2f5e87bad3c948f4d605d) (ScriptedImporter) -> (artifact id: 'f9b4d823d76d5b1224e668b95df550f9') in 0.0258594 seconds
Number of updated asset objects reloaded before import = 0Number of asset objects unloaded after import = 1

========================================================================
Received Import Request.
  Time since last request: 0.000046 seconds.
  path: Packages/com.unity.inputsystem/InputSystem/Runtime/Controls/Processors/NormalizeVector2Processor.cs
  artifactKey: Guid(6ae082cf4f6634e9d8cdd8526dd816a3) Importer(2089858483,b0f066a214c2f5e87bad3c948f4d605d)
Start importing Packages/com.unity.inputsystem/InputSystem/Runtime/Controls/Processors/NormalizeVector2Processor.cs using Guid(6ae082cf4f6634e9d8cdd8526dd816a3) Importer(2089858483,b0f066a214c2f5e87bad3c948f4d605d) (ScriptedImporter) -> (artifact id: 'deaade6282d27289eb3ce51166a8becf') in 0.023862 seconds
Number of updated asset objects reloaded before import = 0Number of asset objects unloaded after import = 0

========================================================================
Received Import Request.
  Time since last request: 0.000326 seconds.
  path: Packages/com.unity.inputsystem/InputSystem/Runtime/Controls/Processors/NormalizeProcessor.cs
  artifactKey: Guid(94995588a5664878be30498a8ace6ba2) Importer(2089858483,b0f066a214c2f5e87bad3c948f4d605d)
Start importing Packages/com.unity.inputsystem/InputSystem/Runtime/Controls/Processors/NormalizeProcessor.cs using Guid(94995588a5664878be30498a8ace6ba2) Importer(2089858483,b0f066a214c2f5e87bad3c948f4d605d) (ScriptedImporter) -> (artifact id: '2cffa2db02b11b0d728c6d6fa9e5ad63') in 0.0248368 seconds
Number of updated asset objects reloaded before import = 0Number of asset objects unloaded after import = 0

========================================================================
Received Import Request.
  Time since last request: 0.000099 seconds.
  path: Packages/com.unity.inputsystem/InputSystem/Editor/UITKAssetEditor/Views/ViewBase.cs
  artifactKey: Guid(900c2de771722c542b5857931181ab2f) Importer(2089858483,b0f066a214c2f5e87bad3c948f4d605d)
Start importing Packages/com.unity.inputsystem/InputSystem/Editor/UITKAssetEditor/Views/ViewBase.cs using Guid(900c2de771722c542b5857931181ab2f) Importer(2089858483,b0f066a214c2f5e87bad3c948f4d605d) (ScriptedImporter) -> (artifact id: 'cdec89d431865079ff0590734398f33d') in 0.0210898 seconds
Number of updated asset objects reloaded before import = 0Number of asset objects unloaded after import = 0

========================================================================
Received Import Request.
  Time since last request: 0.000454 seconds.
  path: Packages/com.unity.inputsystem/InputSystem/Editor/UITKAssetEditor/Views/CompositePartBindingPropertiesView.cs
  artifactKey: Guid(1d3813199fcb56b45b916ac51d58dc80) Importer(2089858483,b0f066a214c2f5e87bad3c948f4d605d)
Start importing Packages/com.unity.inputsystem/InputSystem/Editor/UITKAssetEditor/Views/CompositePartBindingPropertiesView.cs using Guid(1d3813199fcb56b45b916ac51d58dc80) Importer(2089858483,b0f066a214c2f5e87bad3c948f4d605d) (ScriptedImporter) -> (artifact id: '914aeff58a1d7abb1d9d230c8ea4fc62') in 0.0208826 seconds
Number of updated asset objects reloaded before import = 0Number of asset objects unloaded after import = 0

========================================================================
Received Import Request.
  Time since last request: 0.000158 seconds.
  path: Packages/com.unity.inputsystem/InputSystem/Editor/UITKAssetEditor/PackageResources/InputActionMapsTreeViewItem.uxml
  artifactKey: Guid(3fa44185ed614414ebab354dfe5a06b6) Importer(2089858483,b0f066a214c2f5e87bad3c948f4d605d)
Start importing Packages/com.unity.inputsystem/InputSystem/Editor/UITKAssetEditor/PackageResources/InputActionMapsTreeViewItem.uxml using Guid(3fa44185ed614414ebab354dfe5a06b6) Importer(2089858483,b0f066a214c2f5e87bad3c948f4d605d) (ScriptedImporter) -> (artifact id: 'ac05bbb7dfe15afd684c4ea426b65574') in 0.033473 seconds
Number of updated asset objects reloaded before import = 0Number of asset objects unloaded after import = 3

========================================================================
Received Import Request.
  Time since last request: 0.000038 seconds.
  path: Packages/com.unity.inputsystem/InputSystem/Runtime/Actions/Composites/ButtonWithOneModifier.cs
  artifactKey: Guid(15164829aab964eedaee6bac785c2c05) Importer(2089858483,b0f066a214c2f5e87bad3c948f4d605d)
Start importing Packages/com.unity.inputsystem/InputSystem/Runtime/Actions/Composites/ButtonWithOneModifier.cs using Guid(15164829aab964eedaee6bac785c2c05) Importer(2089858483,b0f066a214c2f5e87bad3c948f4d605d) (ScriptedImporter) -> (artifact id: '90b36b21ee7dc1abce16d96865feeb25') in 0.0183836 seconds
Number of updated asset objects reloaded before import = 0Number of asset objects unloaded after import = 0

========================================================================
Received Import Request.
  Time since last request: 0.000121 seconds.
  path: Packages/com.unity.inputsystem/InputSystem/Runtime/Actions/Composites/OneModifierComposite.cs
  artifactKey: Guid(1a0a9c8a3d9c4893ab5389e009563314) Importer(2089858483,b0f066a214c2f5e87bad3c948f4d605d)
Start importing Packages/com.unity.inputsystem/InputSystem/Runtime/Actions/Composites/OneModifierComposite.cs using Guid(1a0a9c8a3d9c4893ab5389e009563314) Importer(2089858483,b0f066a214c2f5e87bad3c948f4d605d) (ScriptedImporter) -> (artifact id: '4d068f63307888f0217e50f09545188f') in 0.0207842 seconds
Number of updated asset objects reloaded before import = 0Number of asset objects unloaded after import = 0

========================================================================
Received Import Request.
  Time since last request: 0.000056 seconds.
  path: Packages/com.unity.inputsystem/InputSystem/Editor/Plugins/OnScreen/OnScreenStickEditor.cs
  artifactKey: Guid(839e0066c5f854ddda076a4ff2f80a7b) Importer(2089858483,b0f066a214c2f5e87bad3c948f4d605d)
Start importing Packages/com.unity.inputsystem/InputSystem/Editor/Plugins/OnScreen/OnScreenStickEditor.cs using Guid(839e0066c5f854ddda076a4ff2f80a7b) Importer(2089858483,b0f066a214c2f5e87bad3c948f4d605d) (ScriptedImporter) -> (artifact id: '680c3662118e4f1c4186e112882eb6dd') in 0.0193433 seconds
Number of updated asset objects reloaded before import = 0Number of asset objects unloaded after import = 0

========================================================================
Received Import Request.
  Time since last request: 0.000114 seconds.
  path: Packages/com.unity.inputsystem/InputSystem/Editor/UITKAssetEditor/Views/NameAndParametersListView.cs
  artifactKey: Guid(11330b6eb30fdb54fa20d0da9f0d60a5) Importer(2089858483,b0f066a214c2f5e87bad3c948f4d605d)
Start importing Packages/com.unity.inputsystem/InputSystem/Editor/UITKAssetEditor/Views/NameAndParametersListView.cs using Guid(11330b6eb30fdb54fa20d0da9f0d60a5) Importer(2089858483,b0f066a214c2f5e87bad3c948f4d605d) (ScriptedImporter) -> (artifact id: '0306690c4c24dda45b7811832680c7df') in 0.0187198 seconds
Number of updated asset objects reloaded before import = 0Number of asset objects unloaded after import = 0

========================================================================
Received Import Request.
  Time since last request: 0.000145 seconds.
  path: Packages/com.unity.inputsystem/InputSystem/Editor/UITKAssetEditor/Views/ActionsTreeView.cs
  artifactKey: Guid(716898219fc23de4a81300652df80ef3) Importer(2089858483,b0f066a214c2f5e87bad3c948f4d605d)
Start importing Packages/com.unity.inputsystem/InputSystem/Editor/UITKAssetEditor/Views/ActionsTreeView.cs using Guid(716898219fc23de4a81300652df80ef3) Importer(2089858483,b0f066a214c2f5e87bad3c948f4d605d) (ScriptedImporter) -> (artifact id: '877fd39173a0a38778da5ea6185132f2') in 0.0190532 seconds
Number of updated asset objects reloaded before import = 0Number of asset objects unloaded after import = 0

========================================================================
Received Import Request.
  Time since last request: 0.000119 seconds.
  path: Packages/com.unity.inputsystem/InputSystem/Editor/UITKAssetEditor/Commands/ControlSchemeCommands.cs
  artifactKey: Guid(99cfd7e6e4fd7294090b6bf84b177326) Importer(2089858483,b0f066a214c2f5e87bad3c948f4d605d)
Start importing Packages/com.unity.inputsystem/InputSystem/Editor/UITKAssetEditor/Commands/ControlSchemeCommands.cs using Guid(99cfd7e6e4fd7294090b6bf84b177326) Importer(2089858483,b0f066a214c2f5e87bad3c948f4d605d) (ScriptedImporter) -> (artifact id: 'ba63c430ae5559ea3b222b0425b845ce') in 0.0232269 seconds
Number of updated asset objects reloaded before import = 0Number of asset objects unloaded after import = 0

========================================================================
Received Import Request.
  Time since last request: 0.000294 seconds.
  path: Packages/com.unity.inputsystem/InputSystem/Runtime/Controls/Processors/CompensateDirectionProcessor.cs
  artifactKey: Guid(dbce6ac3ce95e4e28af8b2212171619a) Importer(2089858483,b0f066a214c2f5e87bad3c948f4d605d)
Start importing Packages/com.unity.inputsystem/InputSystem/Runtime/Controls/Processors/CompensateDirectionProcessor.cs using Guid(dbce6ac3ce95e4e28af8b2212171619a) Importer(2089858483,b0f066a214c2f5e87bad3c948f4d605d) (ScriptedImporter) -> (artifact id: 'fcbc5c95691e140cbbae514ad0ae80a5') in 0.0230784 seconds
Number of updated asset objects reloaded before import = 0Number of asset objects unloaded after import = 0

========================================================================
Received Import Request.
  Time since last request: 0.000150 seconds.
  path: Packages/com.unity.inputsystem/InputSystem/Runtime/Devices/Commands/QueryEditorWindowCoordinatesCommand.cs
  artifactKey: Guid(3c764fcc1188a6e489f8c305ff4077a6) Importer(2089858483,b0f066a214c2f5e87bad3c948f4d605d)
Start importing Packages/com.unity.inputsystem/InputSystem/Runtime/Devices/Commands/QueryEditorWindowCoordinatesCommand.cs using Guid(3c764fcc1188a6e489f8c305ff4077a6) Importer(2089858483,b0f066a214c2f5e87bad3c948f4d605d) (ScriptedImporter) -> (artifact id: 'c8c17683310b05b5e564cf304b1a7635') in 0.0190185 seconds
Number of updated asset objects reloaded before import = 0Number of asset objects unloaded after import = 0

========================================================================
Received Import Request.
  Time since last request: 0.000175 seconds.
  path: Packages/com.unity.inputsystem/InputSystem/Runtime/Actions/Composites/AxisComposite.cs
  artifactKey: Guid(61fdc882d66f0f34d90450c001c0078e) Importer(2089858483,b0f066a214c2f5e87bad3c948f4d605d)
Start importing Packages/com.unity.inputsystem/InputSystem/Runtime/Actions/Composites/AxisComposite.cs using Guid(61fdc882d66f0f34d90450c001c0078e) Importer(2089858483,b0f066a214c2f5e87bad3c948f4d605d) (ScriptedImporter) -> (artifact id: '7d2b9497dff16317a8957843e63b401e') in 0.0230209 seconds
Number of updated asset objects reloaded before import = 0Number of asset objects unloaded after import = 0

========================================================================
Received Import Request.
  Time since last request: 0.000162 seconds.
  path: Packages/com.unity.inputsystem/InputSystem/Editor/UITKAssetEditor/Views/MatchingControlPaths.cs
  artifactKey: Guid(890eded7b7fc53b489fcc92f0aeb774e) Importer(2089858483,b0f066a214c2f5e87bad3c948f4d605d)
Start importing Packages/com.unity.inputsystem/InputSystem/Editor/UITKAssetEditor/Views/MatchingControlPaths.cs using Guid(890eded7b7fc53b489fcc92f0aeb774e) Importer(2089858483,b0f066a214c2f5e87bad3c948f4d605d) (ScriptedImporter) -> (artifact id: 'f9cbada4d8dec394d22169254524f95f') in 0.0254574 seconds
Number of updated asset objects reloaded before import = 0Number of asset objects unloaded after import = 0

========================================================================
Received Import Request.
  Time since last request: 0.000126 seconds.
  path: Packages/com.unity.inputsystem/InputSystem/Editor/UITKAssetEditor/PackageResources/NameAndParameterListViewItemTemplate.uxml
  artifactKey: Guid(9cbd73d51dc491b4888055ae65cd9545) Importer(2089858483,b0f066a214c2f5e87bad3c948f4d605d)
Start importing Packages/com.unity.inputsystem/InputSystem/Editor/UITKAssetEditor/PackageResources/NameAndParameterListViewItemTemplate.uxml using Guid(9cbd73d51dc491b4888055ae65cd9545) Importer(2089858483,b0f066a214c2f5e87bad3c948f4d605d) (ScriptedImporter) -> (artifact id: '4c96b0319806924bbcc881fe8fa39fa7') in 0.0360913 seconds
Number of updated asset objects reloaded before import = 0Number of asset objects unloaded after import = 3

========================================================================
Received Import Request.
  Time since last request: 0.000048 seconds.
  path: Packages/com.unity.inputsystem/InputSystem/Editor/UITKAssetEditor/PackageResources/InputAssetEditorLight.uss
  artifactKey: Guid(5e7024ed0fd03984289320d04507bc0c) Importer(2089858483,b0f066a214c2f5e87bad3c948f4d605d)
Start importing Packages/com.unity.inputsystem/InputSystem/Editor/UITKAssetEditor/PackageResources/InputAssetEditorLight.uss using Guid(5e7024ed0fd03984289320d04507bc0c) Importer(2089858483,b0f066a214c2f5e87bad3c948f4d605d) (ScriptedImporter) -> (artifact id: '808ccf3f18bc41afd0227e10a6e25a52') in 0.0262943 seconds
Number of updated asset objects reloaded before import = 0Number of asset objects unloaded after import = 1

========================================================================
Received Import Request.
  Time since last request: 0.000139 seconds.
  path: Packages/com.unity.inputsystem/InputSystem/Runtime/Controls/Processors/NormalizeVector3Processor.cs
  artifactKey: Guid(8b78cdd0ba4454fd69b2be04e825d921) Importer(2089858483,b0f066a214c2f5e87bad3c948f4d605d)
Start importing Packages/com.unity.inputsystem/InputSystem/Runtime/Controls/Processors/NormalizeVector3Processor.cs using Guid(8b78cdd0ba4454fd69b2be04e825d921) Importer(2089858483,b0f066a214c2f5e87bad3c948f4d605d) (ScriptedImporter) -> (artifact id: 'b06d7f59f4a2ae54619a66bdd306cf49') in 0.0258054 seconds
Number of updated asset objects reloaded before import = 0Number of asset objects unloaded after import = 0

========================================================================
Received Import Request.
  Time since last request: 1.012863 seconds.
  path: Packages/com.unity.inputsystem/InputSystem/Runtime/Devices/Commands/QueryKeyNameCommand.cs
  artifactKey: Guid(4e49477f346c4f3a8c9e5fcdcde317ed) Importer(2089858483,b0f066a214c2f5e87bad3c948f4d605d)
Start importing Packages/com.unity.inputsystem/InputSystem/Runtime/Devices/Commands/QueryKeyNameCommand.cs using Guid(4e49477f346c4f3a8c9e5fcdcde317ed) Importer(2089858483,b0f066a214c2f5e87bad3c948f4d605d) (ScriptedImporter) -> (artifact id: '6aa819aaf83400a7f38acb3fde4b7f1e') in 0.0189074 seconds
Number of updated asset objects reloaded before import = 0Number of asset objects unloaded after import = 0

========================================================================
Received Import Request.
  Time since last request: 0.000185 seconds.
  path: Packages/com.unity.inputsystem/InputSystem/Runtime/Plugins/UI/ExtendedPointerEventData.cs
  artifactKey: Guid(bca227b3a59246a197db2ff52b862072) Importer(2089858483,b0f066a214c2f5e87bad3c948f4d605d)
Start importing Packages/com.unity.inputsystem/InputSystem/Runtime/Plugins/UI/ExtendedPointerEventData.cs using Guid(bca227b3a59246a197db2ff52b862072) Importer(2089858483,b0f066a214c2f5e87bad3c948f4d605d) (ScriptedImporter) -> (artifact id: 'f497eaf001157117500450bc4152ace4') in 0.0261663 seconds
Number of updated asset objects reloaded before import = 0Number of asset objects unloaded after import = 0

========================================================================
Received Import Request.
  Time since last request: 0.000072 seconds.
  path: Packages/com.unity.inputsystem/InputSystem/Runtime/Plugins/iOS/InputSettingsiOS.cs
  artifactKey: Guid(d08e8dbcaeef59a4c9f04d8448f179eb) Importer(2089858483,b0f066a214c2f5e87bad3c948f4d605d)
Start importing Packages/com.unity.inputsystem/InputSystem/Runtime/Plugins/iOS/InputSettingsiOS.cs using Guid(d08e8dbcaeef59a4c9f04d8448f179eb) Importer(2089858483,b0f066a214c2f5e87bad3c948f4d605d) (ScriptedImporter) -> (artifact id: '8918b63848f59eb9e92864e396ed3799') in 0.0218642 seconds
Number of updated asset objects reloaded before import = 0Number of asset objects unloaded after import = 0

========================================================================
Received Import Request.
  Time since last request: 0.000189 seconds.
  path: Packages/com.unity.inputsystem/InputSystem/Runtime/Devices/Remote/RemoteInputPlayerConnection.cs
  artifactKey: Guid(153c0ac2dec541bc824175008b97615d) Importer(2089858483,b0f066a214c2f5e87bad3c948f4d605d)
Start importing Packages/com.unity.inputsystem/InputSystem/Runtime/Devices/Remote/RemoteInputPlayerConnection.cs using Guid(153c0ac2dec541bc824175008b97615d) Importer(2089858483,b0f066a214c2f5e87bad3c948f4d605d) (ScriptedImporter) -> (artifact id: '6eb160bceefc29e9c4aa3c00e9a7bca5') in 0.0258958 seconds
Number of updated asset objects reloaded before import = 0Number of asset objects unloaded after import = 0

========================================================================
Received Import Request.
  Time since last request: 0.000075 seconds.
  path: Packages/com.unity.inputsystem/InputSystem/Runtime/Devices/Haptics/IHaptics.cs
  artifactKey: Guid(179e4e4b8003406d97463b101f15eb8b) Importer(2089858483,b0f066a214c2f5e87bad3c948f4d605d)
Start importing Packages/com.unity.inputsystem/InputSystem/Runtime/Devices/Haptics/IHaptics.cs using Guid(179e4e4b8003406d97463b101f15eb8b) Importer(2089858483,b0f066a214c2f5e87bad3c948f4d605d) (ScriptedImporter) -> (artifact id: 'ae79dd14cfe2f4706d593e80b5149f42') in 0.0194382 seconds
Number of updated asset objects reloaded before import = 0Number of asset objects unloaded after import = 0

========================================================================
Received Import Request.
  Time since last request: 0.000247 seconds.
  path: Packages/com.unity.inputsystem/InputSystem/Runtime/Plugins/iOS/iOSSupport.cs
  artifactKey: Guid(635124a90cfbdc64eb3e9c0fc6904aa5) Importer(2089858483,b0f066a214c2f5e87bad3c948f4d605d)
Start importing Packages/com.unity.inputsystem/InputSystem/Runtime/Plugins/iOS/iOSSupport.cs using Guid(635124a90cfbdc64eb3e9c0fc6904aa5) Importer(2089858483,b0f066a214c2f5e87bad3c948f4d605d) (ScriptedImporter) -> (artifact id: 'e1b0c5ab66a3b08eef760426ed0ecfe1') in 0.0239372 seconds
Number of updated asset objects reloaded before import = 0Number of asset objects unloaded after import = 0

========================================================================
Received Import Request.
  Time since last request: 0.000090 seconds.
  path: Packages/com.unity.inputsystem/InputSystem/Runtime/Plugins/PlayerInput/PlayerJoinBehavior.cs
  artifactKey: Guid(86b230bdbb8ce487882861a17e6d2bde) Importer(2089858483,b0f066a214c2f5e87bad3c948f4d605d)
Start importing Packages/com.unity.inputsystem/InputSystem/Runtime/Plugins/PlayerInput/PlayerJoinBehavior.cs using Guid(86b230bdbb8ce487882861a17e6d2bde) Importer(2089858483,b0f066a214c2f5e87bad3c948f4d605d) (ScriptedImporter) -> (artifact id: '68a0738b075c193b18849e96077d5198') in 0.0281618 seconds
Number of updated asset objects reloaded before import = 0Number of asset objects unloaded after import = 0

========================================================================
Received Import Request.
  Time since last request: 0.000324 seconds.
  path: Packages/com.unity.inputsystem/InputSystem/Runtime/Plugins/EnhancedTouch/Touch.cs
  artifactKey: Guid(6261dd2a83757498188548c57e2492bf) Importer(2089858483,b0f066a214c2f5e87bad3c948f4d605d)
Start importing Packages/com.unity.inputsystem/InputSystem/Runtime/Plugins/EnhancedTouch/Touch.cs using Guid(6261dd2a83757498188548c57e2492bf) Importer(2089858483,b0f066a214c2f5e87bad3c948f4d605d) (ScriptedImporter) -> (artifact id: 'e27bcea68f03e639b57e29d4b99d821a') in 0.0248673 seconds
Number of updated asset objects reloaded before import = 0Number of asset objects unloaded after import = 0

========================================================================
Received Import Request.
  Time since last request: 0.000192 seconds.
  path: Packages/com.unity.inputsystem/InputSystem/Runtime/Plugins/Users/InputUserAccountHandle.cs
  artifactKey: Guid(76765a8c5cba74c0abc5ab4afd8266e2) Importer(2089858483,b0f066a214c2f5e87bad3c948f4d605d)
Start importing Packages/com.unity.inputsystem/InputSystem/Runtime/Plugins/Users/InputUserAccountHandle.cs using Guid(76765a8c5cba74c0abc5ab4afd8266e2) Importer(2089858483,b0f066a214c2f5e87bad3c948f4d605d) (ScriptedImporter) -> (artifact id: '1b582e0b46eff8544d467d196b711165') in 0.0259928 seconds
Number of updated asset objects reloaded before import = 0Number of asset objects unloaded after import = 0

========================================================================
Received Import Request.
  Time since last request: 0.000228 seconds.
  path: Packages/com.unity.inputsystem/InputSystem/Runtime/Devices/Haptics/IDualMotorRumble.cs
  artifactKey: Guid(6982a6ffcdbf47a6aa68fd4418622395) Importer(2089858483,b0f066a214c2f5e87bad3c948f4d605d)
Start importing Packages/com.unity.inputsystem/InputSystem/Runtime/Devices/Haptics/IDualMotorRumble.cs using Guid(6982a6ffcdbf47a6aa68fd4418622395) Importer(2089858483,b0f066a214c2f5e87bad3c948f4d605d) (ScriptedImporter) -> (artifact id: 'b38aaea1fd2844b8b0dcfcc1c00f1d44') in 0.0214617 seconds
Number of updated asset objects reloaded before import = 0Number of asset objects unloaded after import = 0

========================================================================
Received Import Request.
  Time since last request: 0.000165 seconds.
  path: Packages/com.unity.inputsystem/InputSystem/Runtime/Plugins/OnScreen/OnScreenStick.cs
  artifactKey: Guid(e9d677f1681015749b15c436eec6d880) Importer(2089858483,b0f066a214c2f5e87bad3c948f4d605d)
Start importing Packages/com.unity.inputsystem/InputSystem/Runtime/Plugins/OnScreen/OnScreenStick.cs using Guid(e9d677f1681015749b15c436eec6d880) Importer(2089858483,b0f066a214c2f5e87bad3c948f4d605d) (ScriptedImporter) -> (artifact id: '344fcbe81af0dafcec873a706a992c73') in 0.0249597 seconds
Number of updated asset objects reloaded before import = 0Number of asset objects unloaded after import = 0

========================================================================
Received Import Request.
  Time since last request: 0.000115 seconds.
  path: Packages/com.unity.inputsystem/InputSystem/Runtime/Plugins/Android/AndroidSupport.cs
  artifactKey: Guid(0c8442e8094ce974598eacc0302ddabb) Importer(2089858483,b0f066a214c2f5e87bad3c948f4d605d)
Start importing Packages/com.unity.inputsystem/InputSystem/Runtime/Plugins/Android/AndroidSupport.cs using Guid(0c8442e8094ce974598eacc0302ddabb) Importer(2089858483,b0f066a214c2f5e87bad3c948f4d605d) (ScriptedImporter) -> (artifact id: 'ef5998d0bc3575bbdb002c5f33935619') in 0.0225609 seconds
Number of updated asset objects reloaded before import = 0Number of asset objects unloaded after import = 0

========================================================================
Received Import Request.
  Time since last request: 0.000047 seconds.
  path: Packages/com.unity.inputsystem/InputSystem/Runtime/Plugins/UI/INavigationEventData.cs
  artifactKey: Guid(4ee65784bb8ce434a947aea199821419) Importer(2089858483,b0f066a214c2f5e87bad3c948f4d605d)
Start importing Packages/com.unity.inputsystem/InputSystem/Runtime/Plugins/UI/INavigationEventData.cs using Guid(4ee65784bb8ce434a947aea199821419) Importer(2089858483,b0f066a214c2f5e87bad3c948f4d605d) (ScriptedImporter) -> (artifact id: '45a0e64ce244e3fb4134339ed13fabe3') in 0.0195717 seconds
Number of updated asset objects reloaded before import = 0Number of asset objects unloaded after import = 0

========================================================================
Received Import Request.
  Time since last request: 0.000103 seconds.
  path: Packages/com.unity.inputsystem/InputSystem/Runtime/Plugins/iOS/iOSStepCounter.mm
  artifactKey: Guid(7d11ed63669394ec68af98a7f62afa73) Importer(2089858483,b0f066a214c2f5e87bad3c948f4d605d)
Start importing Packages/com.unity.inputsystem/InputSystem/Runtime/Plugins/iOS/iOSStepCounter.mm using Guid(7d11ed63669394ec68af98a7f62afa73) Importer(2089858483,b0f066a214c2f5e87bad3c948f4d605d) (ScriptedImporter) -> (artifact id: 'a6326d02e363ee7e69c8a8395bd6ee04') in 0.0223829 seconds
Number of updated asset objects reloaded before import = 0Number of asset objects unloaded after import = 0

========================================================================
Received Import Request.
  Time since last request: 0.000149 seconds.
  path: Packages/com.unity.inputsystem/InputSystem/Runtime/Plugins/HID/HID.cs
  artifactKey: Guid(8806f46699a44c39a6a66c5d07772871) Importer(2089858483,b0f066a214c2f5e87bad3c948f4d605d)
Start importing Packages/com.unity.inputsystem/InputSystem/Runtime/Plugins/HID/HID.cs using Guid(8806f46699a44c39a6a66c5d07772871) Importer(2089858483,b0f066a214c2f5e87bad3c948f4d605d) (ScriptedImporter) -> (artifact id: 'a399f348dda6b07729b086e5a20a5b08') in 0.026509 seconds
Number of updated asset objects reloaded before import = 0Number of asset objects unloaded after import = 0

========================================================================
Received Import Request.
  Time since last request: 0.000129 seconds.
  path: Packages/com.unity.inputsystem/InputSystem/Runtime/Plugins/UI/PointerModel.cs
  artifactKey: Guid(e04d6d4984c7d164096e271f20932849) Importer(2089858483,b0f066a214c2f5e87bad3c948f4d605d)
Start importing Packages/com.unity.inputsystem/InputSystem/Runtime/Plugins/UI/PointerModel.cs using Guid(e04d6d4984c7d164096e271f20932849) Importer(2089858483,b0f066a214c2f5e87bad3c948f4d605d) (ScriptedImporter) -> (artifact id: '10d5689195679c3fa2f97d059fdf65d4') in 0.0216062 seconds
Number of updated asset objects reloaded before import = 0Number of asset objects unloaded after import = 0

========================================================================
Received Import Request.
  Time since last request: 0.000199 seconds.
  path: Packages/com.unity.inputsystem/InputSystem/Runtime/Devices/Precompiled/FastKeyboard.cs
  artifactKey: Guid(40cf321da8ee4fc428f65b23423528d2) Importer(2089858483,b0f066a214c2f5e87bad3c948f4d605d)
Start importing Packages/com.unity.inputsystem/InputSystem/Runtime/Devices/Precompiled/FastKeyboard.cs using Guid(40cf321da8ee4fc428f65b23423528d2) Importer(2089858483,b0f066a214c2f5e87bad3c948f4d605d) (ScriptedImporter) -> (artifact id: '11f337269eb0b722cc04274c04e2c0a1') in 0.0200417 seconds
Number of updated asset objects reloaded before import = 0Number of asset objects unloaded after import = 0

========================================================================
Received Import Request.
  Time since last request: 0.000175 seconds.
  path: Packages/com.unity.inputsystem/InputSystem/Runtime/Plugins/Linux/SDLDeviceBuilder.cs
  artifactKey: Guid(2ab54adba6d259742a9022c514b04149) Importer(2089858483,b0f066a214c2f5e87bad3c948f4d605d)
Start importing Packages/com.unity.inputsystem/InputSystem/Runtime/Plugins/Linux/SDLDeviceBuilder.cs using Guid(2ab54adba6d259742a9022c514b04149) Importer(2089858483,b0f066a214c2f5e87bad3c948f4d605d) (ScriptedImporter) -> (artifact id: 'c0054ec39d6985df6ab2df7323d0a452') in 0.0197375 seconds
Number of updated asset objects reloaded before import = 0Number of asset objects unloaded after import = 0

========================================================================
Received Import Request.
  Time since last request: 0.000143 seconds.
  path: Packages/com.unity.inputsystem/InputSystem/Runtime/Plugins/Android/AndroidSensors.cs
  artifactKey: Guid(830105192d35a17469c56711468d1e8f) Importer(2089858483,b0f066a214c2f5e87bad3c948f4d605d)
Start importing Packages/com.unity.inputsystem/InputSystem/Runtime/Plugins/Android/AndroidSensors.cs using Guid(830105192d35a17469c56711468d1e8f) Importer(2089858483,b0f066a214c2f5e87bad3c948f4d605d) (ScriptedImporter) -> (artifact id: '1f8438c924476434be013239db709142') in 0.0196214 seconds
Number of updated asset objects reloaded before import = 0Number of asset objects unloaded after import = 0

========================================================================
Received Import Request.
  Time since last request: 0.000339 seconds.
  path: Packages/com.unity.inputsystem/InputSystem/Runtime/Plugins/Steam/SteamSupport.cs
  artifactKey: Guid(7bef150b341c4d0dbab3db81ccf2ea81) Importer(2089858483,b0f066a214c2f5e87bad3c948f4d605d)
Start importing Packages/com.unity.inputsystem/InputSystem/Runtime/Plugins/Steam/SteamSupport.cs using Guid(7bef150b341c4d0dbab3db81ccf2ea81) Importer(2089858483,b0f066a214c2f5e87bad3c948f4d605d) (ScriptedImporter) -> (artifact id: 'da1baebf113a5ffd757534b00adb8a90') in 0.0200264 seconds
Number of updated asset objects reloaded before import = 0Number of asset objects unloaded after import = 0

========================================================================
Received Import Request.
  Time since last request: 0.000153 seconds.
  path: Packages/com.unity.inputsystem/InputSystem/Runtime/Plugins/InputForUI/InputSystemForUI.asmdef
  artifactKey: Guid(09dcc9c0126b6b34ab2a877b8f2277f5) Importer(2089858483,b0f066a214c2f5e87bad3c948f4d605d)
Start importing Packages/com.unity.inputsystem/InputSystem/Runtime/Plugins/InputForUI/InputSystemForUI.asmdef using Guid(09dcc9c0126b6b34ab2a877b8f2277f5) Importer(2089858483,b0f066a214c2f5e87bad3c948f4d605d) (ScriptedImporter) -> (artifact id: 'e667989f665d74a0e4294344471da609') in 0.0215635 seconds
Number of updated asset objects reloaded before import = 0Number of asset objects unloaded after import = 1

========================================================================
Received Import Request.
  Time since last request: 0.000103 seconds.
  path: Packages/com.unity.inputsystem/InputSystem/Runtime/Plugins/OnScreen/OnScreenButton.cs
  artifactKey: Guid(6d54531977ecb194c95e2d3aa7a5d72a) Importer(2089858483,b0f066a214c2f5e87bad3c948f4d605d)
Start importing Packages/com.unity.inputsystem/InputSystem/Runtime/Plugins/OnScreen/OnScreenButton.cs using Guid(6d54531977ecb194c95e2d3aa7a5d72a) Importer(2089858483,b0f066a214c2f5e87bad3c948f4d605d) (ScriptedImporter) -> (artifact id: '1401da0a3d53f1b76e31c71175f6d1bb') in 0.0222698 seconds
Number of updated asset objects reloaded before import = 0Number of asset objects unloaded after import = 0

========================================================================
Received Import Request.
  Time since last request: 0.000205 seconds.
  path: Packages/com.unity.inputsystem/InputSystem/Runtime/Devices/Commands/RequestSyncCommand.cs
  artifactKey: Guid(b0c637405fa4842cc92e389df8729bc8) Importer(2089858483,b0f066a214c2f5e87bad3c948f4d605d)
Start importing Packages/com.unity.inputsystem/InputSystem/Runtime/Devices/Commands/RequestSyncCommand.cs using Guid(b0c637405fa4842cc92e389df8729bc8) Importer(2089858483,b0f066a214c2f5e87bad3c948f4d605d) (ScriptedImporter) -> (artifact id: '1c93b21601c03cbe774bcad5fa741b81') in 0.0227276 seconds
Number of updated asset objects reloaded before import = 0Number of asset objects unloaded after import = 0

========================================================================
Received Import Request.
  Time since last request: 0.000122 seconds.
  path: Packages/com.unity.inputsystem/InputSystem/Runtime/Plugins/UI/VirtualMouseInput.cs
  artifactKey: Guid(424b6720ff5999446843ba414e58a907) Importer(2089858483,b0f066a214c2f5e87bad3c948f4d605d)
Start importing Packages/com.unity.inputsystem/InputSystem/Runtime/Plugins/UI/VirtualMouseInput.cs using Guid(424b6720ff5999446843ba414e58a907) Importer(2089858483,b0f066a214c2f5e87bad3c948f4d605d) (ScriptedImporter) -> (artifact id: '40357c9ae352073be358972f26b9f5df') in 0.0219076 seconds
Number of updated asset objects reloaded before import = 0Number of asset objects unloaded after import = 0

========================================================================
Received Import Request.
  Time since last request: 0.000099 seconds.
  path: Packages/com.unity.inputsystem/InputSystem/Runtime/Plugins/DualShock/IDualShockHaptics.cs
  artifactKey: Guid(0e235e01f7e6408f87e899ac373c85d1) Importer(2089858483,b0f066a214c2f5e87bad3c948f4d605d)
Start importing Packages/com.unity.inputsystem/InputSystem/Runtime/Plugins/DualShock/IDualShockHaptics.cs using Guid(0e235e01f7e6408f87e899ac373c85d1) Importer(2089858483,b0f066a214c2f5e87bad3c948f4d605d) (ScriptedImporter) -> (artifact id: 'ebf4997b1fb4597cb14f683b8612f8ef') in 0.0200715 seconds
Number of updated asset objects reloaded before import = 0Number of asset objects unloaded after import = 0

========================================================================
Received Import Request.
  Time since last request: 0.000251 seconds.
  path: Packages/com.unity.inputsystem/InputSystem/Runtime/Plugins/Users/InputUserPairingOptions.cs
  artifactKey: Guid(33c4f889206d84e84b124cc6f7367963) Importer(2089858483,b0f066a214c2f5e87bad3c948f4d605d)
Start importing Packages/com.unity.inputsystem/InputSystem/Runtime/Plugins/Users/InputUserPairingOptions.cs using Guid(33c4f889206d84e84b124cc6f7367963) Importer(2089858483,b0f066a214c2f5e87bad3c948f4d605d) (ScriptedImporter) -> (artifact id: '160fd3edf7e0072405fcf3df878b4971') in 0.0216049 seconds
Number of updated asset objects reloaded before import = 0Number of asset objects unloaded after import = 0

========================================================================
Received Import Request.
  Time since last request: 0.000183 seconds.
  path: Packages/com.unity.inputsystem/InputSystem/Runtime/Devices/Precompiled/FastMouse.partial.cs
  artifactKey: Guid(9c425cd71d0042cbbd24386f4e4b9ec1) Importer(2089858483,b0f066a214c2f5e87bad3c948f4d605d)
Start importing Packages/com.unity.inputsystem/InputSystem/Runtime/Devices/Precompiled/FastMouse.partial.cs using Guid(9c425cd71d0042cbbd24386f4e4b9ec1) Importer(2089858483,b0f066a214c2f5e87bad3c948f4d605d) (ScriptedImporter) -> (artifact id: '78359a33ff5cd0824421ca413054a126') in 0.0219009 seconds
Number of updated asset objects reloaded before import = 0Number of asset objects unloaded after import = 0

========================================================================
Received Import Request.
  Time since last request: 0.000183 seconds.
  path: Packages/com.unity.inputsystem/InputSystem/Runtime/Plugins/PlayerInput/PlayerInputManager.cs
  artifactKey: Guid(621567455fd1c4ceb811cc8a00b6a1a5) Importer(2089858483,b0f066a214c2f5e87bad3c948f4d605d)
Start importing Packages/com.unity.inputsystem/InputSystem/Runtime/Plugins/PlayerInput/PlayerInputManager.cs using Guid(621567455fd1c4ceb811cc8a00b6a1a5) Importer(2089858483,b0f066a214c2f5e87bad3c948f4d605d) (ScriptedImporter) -> (artifact id: 'bb02f672130170a257084236b0f496de') in 0.0316561 seconds
Number of updated asset objects reloaded before import = 0Number of asset objects unloaded after import = 1

========================================================================
Received Import Request.
  Time since last request: 0.000060 seconds.
  path: Packages/com.unity.inputsystem/InputSystem/Runtime/Devices/Commands/RequestResetCommand.cs
  artifactKey: Guid(90a43988da5cf85498b40180b9040a38) Importer(2089858483,b0f066a214c2f5e87bad3c948f4d605d)
Start importing Packages/com.unity.inputsystem/InputSystem/Runtime/Devices/Commands/RequestResetCommand.cs using Guid(90a43988da5cf85498b40180b9040a38) Importer(2089858483,b0f066a214c2f5e87bad3c948f4d605d) (ScriptedImporter) -> (artifact id: '747aa83d462d85583d07da5dcb67fdb9') in 0.0259478 seconds
Number of updated asset objects reloaded before import = 0Number of asset objects unloaded after import = 0

========================================================================
Received Import Request.
  Time since last request: 0.000118 seconds.
  path: Packages/com.unity.inputsystem/InputSystem/Runtime/Plugins/Linux/LinuxSupport.cs
  artifactKey: Guid(3da49be2d645b418c8ee308bb1a011c7) Importer(2089858483,b0f066a214c2f5e87bad3c948f4d605d)
Start importing Packages/com.unity.inputsystem/InputSystem/Runtime/Plugins/Linux/LinuxSupport.cs using Guid(3da49be2d645b418c8ee308bb1a011c7) Importer(2089858483,b0f066a214c2f5e87bad3c948f4d605d) (ScriptedImporter) -> (artifact id: '12002354c85697d7eadf152dfdaa1f53') in 0.0243289 seconds
Number of updated asset objects reloaded before import = 0Number of asset objects unloaded after import = 0

========================================================================
Received Import Request.
  Time since last request: 0.000185 seconds.
  path: Packages/com.unity.inputsystem/InputSystem/Runtime/Plugins/Switch/SwitchProControllerHID.cs
  artifactKey: Guid(3c197002ad4232e46b0c55f74469fa03) Importer(2089858483,b0f066a214c2f5e87bad3c948f4d605d)
Start importing Packages/com.unity.inputsystem/InputSystem/Runtime/Plugins/Switch/SwitchProControllerHID.cs using Guid(3c197002ad4232e46b0c55f74469fa03) Importer(2089858483,b0f066a214c2f5e87bad3c948f4d605d) (ScriptedImporter) -> (artifact id: 'ad03e81df9dde22f0e8c3e2163249712') in 0.0204411 seconds
Number of updated asset objects reloaded before import = 0Number of asset objects unloaded after import = 0

========================================================================
Received Import Request.
  Time since last request: 1.503249 seconds.
  path: Packages/com.unity.test-framework/UnityEditor.TestRunner/TestRun/Tasks/Player/DetermineRuntimePlatformTask.cs
  artifactKey: Guid(006c3457e983424bbdead50009cd0e00) Importer(2089858483,b0f066a214c2f5e87bad3c948f4d605d)
Start importing Packages/com.unity.test-framework/UnityEditor.TestRunner/TestRun/Tasks/Player/DetermineRuntimePlatformTask.cs using Guid(006c3457e983424bbdead50009cd0e00) Importer(2089858483,b0f066a214c2f5e87bad3c948f4d605d) (ScriptedImporter) -> (artifact id: '658f0029b83cae17c4a8e55a2408c13c') in 0.0160991 seconds
Number of updated asset objects reloaded before import = 0Number of asset objects unloaded after import = 0

========================================================================
Received Import Request.
  Time since last request: 0.000251 seconds.
  path: Packages/com.unity.ugui/Editor/UGUI/Properties/AssemblyInfo.cs
  artifactKey: Guid(d51458b261e0ecc4a98904e53924dc1c) Importer(2089858483,b0f066a214c2f5e87bad3c948f4d605d)
Start importing Packages/com.unity.ugui/Editor/UGUI/Properties/AssemblyInfo.cs using Guid(d51458b261e0ecc4a98904e53924dc1c) Importer(2089858483,b0f066a214c2f5e87bad3c948f4d605d) (ScriptedImporter) -> (artifact id: 'd45364dc0ee2896093d0148656480d6b') in 0.0172029 seconds
Number of updated asset objects reloaded before import = 0Number of asset objects unloaded after import = 0

========================================================================
Received Import Request.
  Time since last request: 0.000206 seconds.
  path: Packages/com.unity.xr.core-utils/LICENSE.md
  artifactKey: Guid(9b5a7485d962543458963dd97c8ecc9d) Importer(2089858483,b0f066a214c2f5e87bad3c948f4d605d)
Start importing Packages/com.unity.xr.core-utils/LICENSE.md using Guid(9b5a7485d962543458963dd97c8ecc9d) Importer(2089858483,b0f066a214c2f5e87bad3c948f4d605d) (ScriptedImporter) -> (artifact id: '028c533abe4ca98011c0d550cc8c0373') in 0.0222414 seconds
Number of updated asset objects reloaded before import = 0Number of asset objects unloaded after import = 1

========================================================================
Received Import Request.
  Time since last request: 0.000039 seconds.
  path: Packages/com.unity.inputsystem/InputSystem/Editor/AssetEditor/PackageResources/pro/foldoutBackground.png
  artifactKey: Guid(c0996bc290ff74bf4834f4a8b7dc8c3e) Importer(2089858483,b0f066a214c2f5e87bad3c948f4d605d)
Start importing Packages/com.unity.inputsystem/InputSystem/Editor/AssetEditor/PackageResources/pro/foldoutBackground.png using Guid(c0996bc290ff74bf4834f4a8b7dc8c3e) Importer(2089858483,b0f066a214c2f5e87bad3c948f4d605d) (ScriptedImporter) -> (artifact id: '10c18fc42925425994ed6676fea40a0b') in 0.0227876 seconds
Number of updated asset objects reloaded before import = 0Number of asset objects unloaded after import = 1

========================================================================
Received Import Request.
  Time since last request: 0.000039 seconds.
  path: Packages/com.unity.xr.legacyinputhelpers/Runtime/TrackedPoseDriver/AssemblyInfo.cs
  artifactKey: Guid(4a77633e6daf24a45994d8aae1b52268) Importer(2089858483,b0f066a214c2f5e87bad3c948f4d605d)
Start importing Packages/com.unity.xr.legacyinputhelpers/Runtime/TrackedPoseDriver/AssemblyInfo.cs using Guid(4a77633e6daf24a45994d8aae1b52268) Importer(2089858483,b0f066a214c2f5e87bad3c948f4d605d) (ScriptedImporter) -> (artifact id: 'c7a0706a979760b65059ccc9bf0a2807') in 0.0680891 seconds
Number of updated asset objects reloaded before import = 0Number of asset objects unloaded after import = 0

========================================================================
Received Import Request.
  Time since last request: 0.000131 seconds.
  path: Packages/com.unity.xr.core-utils/README.md
  artifactKey: Guid(df83f61781a2d4393bf924c388c7b024) Importer(2089858483,b0f066a214c2f5e87bad3c948f4d605d)
Start importing Packages/com.unity.xr.core-utils/README.md using Guid(df83f61781a2d4393bf924c388c7b024) Importer(2089858483,b0f066a214c2f5e87bad3c948f4d605d) (ScriptedImporter) -> (artifact id: 'b525fbbdcff1cb280b75e8839e31ac33') in 0.021188 seconds
Number of updated asset objects reloaded before import = 0Number of asset objects unloaded after import = 1

========================================================================
Received Import Request.
  Time since last request: 0.000051 seconds.
  path: Packages/com.unity.xr.core-utils/Runtime/BoundsUtils.cs
  artifactKey: Guid(b36ce56e013f54ead8c1e0b003430c09) Importer(2089858483,b0f066a214c2f5e87bad3c948f4d605d)
Start importing Packages/com.unity.xr.core-utils/Runtime/BoundsUtils.cs using Guid(b36ce56e013f54ead8c1e0b003430c09) Importer(2089858483,b0f066a214c2f5e87bad3c948f4d605d) (ScriptedImporter) -> (artifact id: 'e450c8cfb22b41e5174f3e608da21044') in 0.0216246 seconds
Number of updated asset objects reloaded before import = 0Number of asset objects unloaded after import = 0

========================================================================
Received Import Request.
  Time since last request: 0.000187 seconds.
  path: Packages/com.unity.inputsystem/InputSystem/Runtime/Plugins/XR/Devices/GoogleVR.cs
  artifactKey: Guid(44353112a58c73347adde914844b7642) Importer(2089858483,b0f066a214c2f5e87bad3c948f4d605d)
Start importing Packages/com.unity.inputsystem/InputSystem/Runtime/Plugins/XR/Devices/GoogleVR.cs using Guid(44353112a58c73347adde914844b7642) Importer(2089858483,b0f066a214c2f5e87bad3c948f4d605d) (ScriptedImporter) -> (artifact id: '51022815fe5bb7b3cd64d12b865255ec') in 0.0195967 seconds
Number of updated asset objects reloaded before import = 0Number of asset objects unloaded after import = 0

========================================================================
Received Import Request.
  Time since last request: 0.000098 seconds.
  path: Packages/com.unity.inputsystem/InputSystem/Runtime/Plugins/XR/Devices/OpenVR.cs
  artifactKey: Guid(8a2cdc9fdde66bb49afa0763a7557ff9) Importer(2089858483,b0f066a214c2f5e87bad3c948f4d605d)
Start importing Packages/com.unity.inputsystem/InputSystem/Runtime/Plugins/XR/Devices/OpenVR.cs using Guid(8a2cdc9fdde66bb49afa0763a7557ff9) Importer(2089858483,b0f066a214c2f5e87bad3c948f4d605d) (ScriptedImporter) -> (artifact id: '8e2acefcbeb86bcf547b858740eab330') in 0.0186767 seconds
Number of updated asset objects reloaded before import = 0Number of asset objects unloaded after import = 0

========================================================================
Received Import Request.
  Time since last request: 0.000126 seconds.
  path: Packages/com.unity.inputsystem/InputSystem/Editor/AssetEditor/PackageResources/pro/actionTreeBackground.png
  artifactKey: Guid(c4b66e31395c54087a2fbc13ae7e0f3c) Importer(2089858483,b0f066a214c2f5e87bad3c948f4d605d)
Start importing Packages/com.unity.inputsystem/InputSystem/Editor/AssetEditor/PackageResources/pro/actionTreeBackground.png using Guid(c4b66e31395c54087a2fbc13ae7e0f3c) Importer(2089858483,b0f066a214c2f5e87bad3c948f4d605d) (ScriptedImporter) -> (artifact id: '0f5ecfdbd2478fdbd15967aa01801c38') in 0.0287892 seconds
Number of updated asset objects reloaded before import = 0Number of asset objects unloaded after import = 1

========================================================================
Received Import Request.
  Time since last request: 0.000048 seconds.
  path: Packages/com.unity.xr.legacyinputhelpers/Editor/LegacyInputHelpersEditor.asmdef
  artifactKey: Guid(52c867deb3832554c84dc4202bd47258) Importer(2089858483,b0f066a214c2f5e87bad3c948f4d605d)
Start importing Packages/com.unity.xr.legacyinputhelpers/Editor/LegacyInputHelpersEditor.asmdef using Guid(52c867deb3832554c84dc4202bd47258) Importer(2089858483,b0f066a214c2f5e87bad3c948f4d605d) (ScriptedImporter) -> (artifact id: '37c51a754be2b86b031cc8bd97efb300') in 0.0238782 seconds
Number of updated asset objects reloaded before import = 0Number of asset objects unloaded after import = 1

========================================================================
Received Import Request.
  Time since last request: 0.000038 seconds.
  path: Packages/com.unity.xr.legacyinputhelpers/Runtime/ArmModels/SwingArmModel.cs
  artifactKey: Guid(2950d57dafc0eed449fa54e88bc8146c) Importer(2089858483,b0f066a214c2f5e87bad3c948f4d605d)
Start importing Packages/com.unity.xr.legacyinputhelpers/Runtime/ArmModels/SwingArmModel.cs using Guid(2950d57dafc0eed449fa54e88bc8146c) Importer(2089858483,b0f066a214c2f5e87bad3c948f4d605d) (ScriptedImporter) -> (artifact id: 'c1e50a73fc248fcf9d91753ac3067f1a') in 0.0236532 seconds
Number of updated asset objects reloaded before import = 0Number of asset objects unloaded after import = 0

========================================================================
Received Import Request.
  Time since last request: 0.000505 seconds.
  path: Packages/com.unity.xr.core-utils/Editor/EditorPrefsUtils.cs
  artifactKey: Guid(4006c03e10483472685ea4284f73055f) Importer(2089858483,b0f066a214c2f5e87bad3c948f4d605d)
Start importing Packages/com.unity.xr.core-utils/Editor/EditorPrefsUtils.cs using Guid(4006c03e10483472685ea4284f73055f) Importer(2089858483,b0f066a214c2f5e87bad3c948f4d605d) (ScriptedImporter) -> (artifact id: 'b8e798713b4208926a92cda9c7b9a665') in 0.023482 seconds
Number of updated asset objects reloaded before import = 0Number of asset objects unloaded after import = 0

========================================================================
Received Import Request.
  Time since last request: 0.000209 seconds.
  path: Packages/com.unity.xr.legacyinputhelpers/Runtime/CameraOffset.cs
  artifactKey: Guid(a2483b9bd782f9449a5972b61b7d51a9) Importer(2089858483,b0f066a214c2f5e87bad3c948f4d605d)
Start importing Packages/com.unity.xr.legacyinputhelpers/Runtime/CameraOffset.cs using Guid(a2483b9bd782f9449a5972b61b7d51a9) Importer(2089858483,b0f066a214c2f5e87bad3c948f4d605d) (ScriptedImporter) -> (artifact id: '49d5c84eb9328508e63cb74c69485a95') in 0.0201653 seconds
Number of updated asset objects reloaded before import = 0Number of asset objects unloaded after import = 0

========================================================================
Received Import Request.
  Time since last request: 0.000091 seconds.
  path: Packages/com.unity.inputsystem/InputSystem/Runtime/Utilities/Observables/SelectManyObservable.cs
  artifactKey: Guid(3e12c30fe9774947a81ce7eb7054cfb7) Importer(2089858483,b0f066a214c2f5e87bad3c948f4d605d)
Start importing Packages/com.unity.inputsystem/InputSystem/Runtime/Utilities/Observables/SelectManyObservable.cs using Guid(3e12c30fe9774947a81ce7eb7054cfb7) Importer(2089858483,b0f066a214c2f5e87bad3c948f4d605d) (ScriptedImporter) -> (artifact id: 'a0abf6f2a28a3f7425040014936d830e') in 0.0254626 seconds
Number of updated asset objects reloaded before import = 0Number of asset objects unloaded after import = 0

========================================================================
Received Import Request.
  Time since last request: 0.000176 seconds.
  path: Packages/com.unity.mathematics/Unity.Mathematics/int2x2.gen.cs
  artifactKey: Guid(9ee90f66ec9324008b40d056f2a6fd46) Importer(2089858483,b0f066a214c2f5e87bad3c948f4d605d)
Start importing Packages/com.unity.mathematics/Unity.Mathematics/int2x2.gen.cs using Guid(9ee90f66ec9324008b40d056f2a6fd46) Importer(2089858483,b0f066a214c2f5e87bad3c948f4d605d) (ScriptedImporter) -> (artifact id: '05aadeac5ef1d8361195b11632b272c2') in 0.018836 seconds
Number of updated asset objects reloaded before import = 0Number of asset objects unloaded after import = 0

========================================================================
Received Import Request.
  Time since last request: 0.000161 seconds.
  path: Packages/com.unity.ugui/Editor/UGUI/UI/ButtonEditor.cs
  artifactKey: Guid(472a6f18dd2f97c41af72271d22db869) Importer(2089858483,b0f066a214c2f5e87bad3c948f4d605d)
Start importing Packages/com.unity.ugui/Editor/UGUI/UI/ButtonEditor.cs using Guid(472a6f18dd2f97c41af72271d22db869) Importer(2089858483,b0f066a214c2f5e87bad3c948f4d605d) (ScriptedImporter) -> (artifact id: '92641265844a196a971aa18461c91a9e') in 0.0194381 seconds
Number of updated asset objects reloaded before import = 0Number of asset objects unloaded after import = 0

========================================================================
Received Import Request.
  Time since last request: 0.000046 seconds.
  path: Packages/com.unity.mathematics/Unity.Mathematics/int4x3.gen.cs
  artifactKey: Guid(625f7c407b9c1474bbfcb1c17db16571) Importer(2089858483,b0f066a214c2f5e87bad3c948f4d605d)
Start importing Packages/com.unity.mathematics/Unity.Mathematics/int4x3.gen.cs using Guid(625f7c407b9c1474bbfcb1c17db16571) Importer(2089858483,b0f066a214c2f5e87bad3c948f4d605d) (ScriptedImporter) -> (artifact id: '0cf419dc2943fe4b72ae54a5dcbe3576') in 0.015973 seconds
Number of updated asset objects reloaded before import = 0Number of asset objects unloaded after import = 0

========================================================================
Received Import Request.
  Time since last request: 0.000133 seconds.
  path: Packages/com.unity.inputsystem/InputSystem/Runtime/Plugins/XR/Haptics/GetHapticCapabilitiesCommand.cs
  artifactKey: Guid(2ade21199e79d394ab34f4e6887f1c09) Importer(2089858483,b0f066a214c2f5e87bad3c948f4d605d)
Start importing Packages/com.unity.inputsystem/InputSystem/Runtime/Plugins/XR/Haptics/GetHapticCapabilitiesCommand.cs using Guid(2ade21199e79d394ab34f4e6887f1c09) Importer(2089858483,b0f066a214c2f5e87bad3c948f4d605d) (ScriptedImporter) -> (artifact id: 'd86b212898ed6a56886957f84f414c8a') in 0.0252505 seconds
Number of updated asset objects reloaded before import = 0Number of asset objects unloaded after import = 0

========================================================================
Received Import Request.
  Time since last request: 0.000220 seconds.
  path: Packages/com.unity.ide.vscode/Editor/ProjectGeneration/ProjectGeneration.cs
  artifactKey: Guid(97d6c87381e3e51488b49f5891490b70) Importer(2089858483,b0f066a214c2f5e87bad3c948f4d605d)
Start importing Packages/com.unity.ide.vscode/Editor/ProjectGeneration/ProjectGeneration.cs using Guid(97d6c87381e3e51488b49f5891490b70) Importer(2089858483,b0f066a214c2f5e87bad3c948f4d605d) (ScriptedImporter) -> (artifact id: '3c3ec54472324fdf606144aa4f58e6ae') in 0.0174588 seconds
Number of updated asset objects reloaded before import = 0Number of asset objects unloaded after import = 0

========================================================================
Received Import Request.
  Time since last request: 0.000204 seconds.
  path: Packages/com.unity.ugui/Runtime/InternalBridge/AssemblyInfo.cs
  artifactKey: Guid(f5bdc05a613799d43845f94fb8735763) Importer(2089858483,b0f066a214c2f5e87bad3c948f4d605d)
Start importing Packages/com.unity.ugui/Runtime/InternalBridge/AssemblyInfo.cs using Guid(f5bdc05a613799d43845f94fb8735763) Importer(2089858483,b0f066a214c2f5e87bad3c948f4d605d) (ScriptedImporter) -> (artifact id: '35b24896c48f051585f7f61e4c4a1fce') in 0.0174379 seconds
Number of updated asset objects reloaded before import = 0Number of asset objects unloaded after import = 0

========================================================================
Received Import Request.
  Time since last request: 0.000124 seconds.
  path: Packages/com.unity.ugui/Editor Resources/Textures/btn_AlignMidline_Light.psd
  artifactKey: Guid(bb42b2d967d6427983c901a4ffc8ecd9) Importer(2089858483,b0f066a214c2f5e87bad3c948f4d605d)
Start importing Packages/com.unity.ugui/Editor Resources/Textures/btn_AlignMidline_Light.psd using Guid(bb42b2d967d6427983c901a4ffc8ecd9) Importer(2089858483,b0f066a214c2f5e87bad3c948f4d605d) (ScriptedImporter) -> (artifact id: '690497fad877b8828de23549d2cbed10') in 0.0357756 seconds
Number of updated asset objects reloaded before import = 0Number of asset objects unloaded after import = 1

========================================================================
Received Import Request.
  Time since last request: 0.000041 seconds.
  path: Packages/com.unity.ugui/Editor/UGUI/UI/SelfControllerEditor.cs
  artifactKey: Guid(dcf00682bef4d264d84a5c92c8f5a40f) Importer(2089858483,b0f066a214c2f5e87bad3c948f4d605d)
Start importing Packages/com.unity.ugui/Editor/UGUI/UI/SelfControllerEditor.cs using Guid(dcf00682bef4d264d84a5c92c8f5a40f) Importer(2089858483,b0f066a214c2f5e87bad3c948f4d605d) (ScriptedImporter) -> (artifact id: '76d2831be13fb23ebd1c47f660008933') in 0.0238087 seconds
Number of updated asset objects reloaded before import = 0Number of asset objects unloaded after import = 0

========================================================================
Received Import Request.
  Time since last request: 0.000241 seconds.
  path: Packages/com.unity.ide.visualstudio/Editor/ProjectGeneration/GUIDProvider.cs
  artifactKey: Guid(7652904b1008e324fb7cfb952ea87656) Importer(2089858483,b0f066a214c2f5e87bad3c948f4d605d)
Start importing Packages/com.unity.ide.visualstudio/Editor/ProjectGeneration/GUIDProvider.cs using Guid(7652904b1008e324fb7cfb952ea87656) Importer(2089858483,b0f066a214c2f5e87bad3c948f4d605d) (ScriptedImporter) -> (artifact id: '7e91db2319344b2d5792c6322ab28e8d') in 0.024086 seconds
Number of updated asset objects reloaded before import = 0Number of asset objects unloaded after import = 0

========================================================================
Received Import Request.
  Time since last request: 0.000122 seconds.
  path: Packages/com.unity.inputsystem/InputSystem/Runtime/Plugins/XR/Haptics/SendHapticImpulseCommand.cs
  artifactKey: Guid(5f84d6a1bd34ea6428fa1db0e9f459cb) Importer(2089858483,b0f066a214c2f5e87bad3c948f4d605d)
Start importing Packages/com.unity.inputsystem/InputSystem/Runtime/Plugins/XR/Haptics/SendHapticImpulseCommand.cs using Guid(5f84d6a1bd34ea6428fa1db0e9f459cb) Importer(2089858483,b0f066a214c2f5e87bad3c948f4d605d) (ScriptedImporter) -> (artifact id: 'b5f0ebdec03c5e13a0f4a787070ebb5d') in 0.0219152 seconds
Number of updated asset objects reloaded before import = 0Number of asset objects unloaded after import = 0

========================================================================
Received Import Request.
  Time since last request: 0.000254 seconds.
  path: Packages/com.unity.ugui/Editor/UGUI/UI/RawImageEditor.cs
  artifactKey: Guid(e6413f4090046814d802ddbff9890878) Importer(2089858483,b0f066a214c2f5e87bad3c948f4d605d)
Start importing Packages/com.unity.ugui/Editor/UGUI/UI/RawImageEditor.cs using Guid(e6413f4090046814d802ddbff9890878) Importer(2089858483,b0f066a214c2f5e87bad3c948f4d605d) (ScriptedImporter) -> (artifact id: '9a01797f140281b91e645d5b2c120940') in 0.0212992 seconds
Number of updated asset objects reloaded before import = 0Number of asset objects unloaded after import = 0

========================================================================
Received Import Request.
  Time since last request: 0.000090 seconds.
  path: Packages/com.unity.mathematics/Unity.Mathematics/uint3x2.gen.cs
  artifactKey: Guid(7b284ac5d8ece4e8cbadac0249c18c4c) Importer(2089858483,b0f066a214c2f5e87bad3c948f4d605d)
Start importing Packages/com.unity.mathematics/Unity.Mathematics/uint3x2.gen.cs using Guid(7b284ac5d8ece4e8cbadac0249c18c4c) Importer(2089858483,b0f066a214c2f5e87bad3c948f4d605d) (ScriptedImporter) -> (artifact id: '7aebfc4fd14dc805a84f0b094b307243') in 0.0203411 seconds
Number of updated asset objects reloaded before import = 0Number of asset objects unloaded after import = 0

========================================================================
Received Import Request.
  Time since last request: 0.000282 seconds.
  path: Packages/com.unity.inputsystem/InputSystem/Runtime/Plugins/XInput/IXboxOneRumble.cs
  artifactKey: Guid(3d2dbd5e535742a18f979fdaa69e3627) Importer(2089858483,b0f066a214c2f5e87bad3c948f4d605d)
Start importing Packages/com.unity.inputsystem/InputSystem/Runtime/Plugins/XInput/IXboxOneRumble.cs using Guid(3d2dbd5e535742a18f979fdaa69e3627) Importer(2089858483,b0f066a214c2f5e87bad3c948f4d605d) (ScriptedImporter) -> (artifact id: '8e122f41e4277ce682d2542358f0899d') in 0.0262481 seconds
Number of updated asset objects reloaded before import = 0Number of asset objects unloaded after import = 0

========================================================================
Received Import Request.
  Time since last request: 0.000508 seconds.
  path: Packages/com.unity.ugui/Runtime/TMP/TMP_ScrollbarEventHandler.cs
  artifactKey: Guid(34e150112c1c42ac83170b52d898e322) Importer(2089858483,b0f066a214c2f5e87bad3c948f4d605d)
Start importing Packages/com.unity.ugui/Runtime/TMP/TMP_ScrollbarEventHandler.cs using Guid(34e150112c1c42ac83170b52d898e322) Importer(2089858483,b0f066a214c2f5e87bad3c948f4d605d) (ScriptedImporter) -> (artifact id: '7e5753ce9b1758dc956a9e3ae312e40d') in 0.0221737 seconds
Number of updated asset objects reloaded before import = 0Number of asset objects unloaded after import = 0

========================================================================
Received Import Request.
  Time since last request: 0.000316 seconds.
  path: Packages/com.unity.xr.legacyinputhelpers/Editor/TrackedPoseDriver/UnityEditor.SpatialTracking.asmdef
  artifactKey: Guid(b13a1d1dfb13f1b489a0ff5612f36f29) Importer(2089858483,b0f066a214c2f5e87bad3c948f4d605d)
Start importing Packages/com.unity.xr.legacyinputhelpers/Editor/TrackedPoseDriver/UnityEditor.SpatialTracking.asmdef using Guid(b13a1d1dfb13f1b489a0ff5612f36f29) Importer(2089858483,b0f066a214c2f5e87bad3c948f4d605d) (ScriptedImporter) -> (artifact id: 'c6567e6f33216c95c090de3c7b6fcf5f') in 0.030428 seconds
Number of updated asset objects reloaded before import = 0Number of asset objects unloaded after import = 1

========================================================================
Received Import Request.
  Time since last request: 0.000040 seconds.
  path: Packages/com.unity.xr.core-utils/Runtime/DebugDraw.cs
  artifactKey: Guid(2bfa55239903b4b579b791c9a165a7a7) Importer(2089858483,b0f066a214c2f5e87bad3c948f4d605d)
Start importing Packages/com.unity.xr.core-utils/Runtime/DebugDraw.cs using Guid(2bfa55239903b4b579b791c9a165a7a7) Importer(2089858483,b0f066a214c2f5e87bad3c948f4d605d) (ScriptedImporter) -> (artifact id: 'dd051ed88d06aae893f83b73b1a7791f') in 0.0254849 seconds
Number of updated asset objects reloaded before import = 0Number of asset objects unloaded after import = 0

========================================================================
Received Import Request.
  Time since last request: 0.000321 seconds.
  path: Packages/com.unity.inputsystem/InputSystem/Editor/AssetEditor/PackageResources/personal/actionTreeBackground.png
  artifactKey: Guid(ce5f11cd993284c4f9c54f854bdc8c9c) Importer(2089858483,b0f066a214c2f5e87bad3c948f4d605d)
Start importing Packages/com.unity.inputsystem/InputSystem/Editor/AssetEditor/PackageResources/personal/actionTreeBackground.png using Guid(ce5f11cd993284c4f9c54f854bdc8c9c) Importer(2089858483,b0f066a214c2f5e87bad3c948f4d605d) (ScriptedImporter) -> (artifact id: '2147c87f37d1a0d71333c7be9e4f03fd') in 0.0337738 seconds
Number of updated asset objects reloaded before import = 0Number of asset objects unloaded after import = 1

========================================================================
Received Import Request.
  Time since last request: 0.000071 seconds.
  path: Packages/com.unity.mathematics/Unity.Mathematics/uint4.gen.cs
  artifactKey: Guid(9fdee5e687d86ef488fb8ebda7eb849b) Importer(2089858483,b0f066a214c2f5e87bad3c948f4d605d)
Start importing Packages/com.unity.mathematics/Unity.Mathematics/uint4.gen.cs using Guid(9fdee5e687d86ef488fb8ebda7eb849b) Importer(2089858483,b0f066a214c2f5e87bad3c948f4d605d) (ScriptedImporter) -> (artifact id: '57106ae8cef946659fd9692c4d2529c0') in 0.0255303 seconds
Number of updated asset objects reloaded before import = 0Number of asset objects unloaded after import = 0

========================================================================
Received Import Request.
  Time since last request: 0.000150 seconds.
  path: Packages/com.unity.ugui/Editor/UGUI/UI/SelectableEditor.cs
  artifactKey: Guid(e9253e696cd45794d9aec6d4de366b6e) Importer(2089858483,b0f066a214c2f5e87bad3c948f4d605d)
Start importing Packages/com.unity.ugui/Editor/UGUI/UI/SelectableEditor.cs using Guid(e9253e696cd45794d9aec6d4de366b6e) Importer(2089858483,b0f066a214c2f5e87bad3c948f4d605d) (ScriptedImporter) -> (artifact id: '85c39f8dd1f292582af863a9fc10b14d') in 0.0253289 seconds
Number of updated asset objects reloaded before import = 0Number of asset objects unloaded after import = 0

========================================================================
Received Import Request.
  Time since last request: 0.000078 seconds.
  path: Packages/com.unity.modules.unityanalytics/package.json
  artifactKey: Guid(26a4f29db434fd79025c91f6126382cc) Importer(2089858483,b0f066a214c2f5e87bad3c948f4d605d)
Start importing Packages/com.unity.modules.unityanalytics/package.json using Guid(26a4f29db434fd79025c91f6126382cc) Importer(2089858483,b0f066a214c2f5e87bad3c948f4d605d) (ScriptedImporter) -> (artifact id: '3dd0b40f2827f37e253879fb0261d00e') in 0.0244226 seconds
Number of updated asset objects reloaded before import = 0Number of asset objects unloaded after import = 1

========================================================================
Received Import Request.
  Time since last request: 0.000135 seconds.
  path: Packages/com.unity.mathematics/Unity.Mathematics/int3x4.gen.cs
  artifactKey: Guid(67f00d3260d3e46778497ed1e2b93c92) Importer(2089858483,b0f066a214c2f5e87bad3c948f4d605d)
Start importing Packages/com.unity.mathematics/Unity.Mathematics/int3x4.gen.cs using Guid(67f00d3260d3e46778497ed1e2b93c92) Importer(2089858483,b0f066a214c2f5e87bad3c948f4d605d) (ScriptedImporter) -> (artifact id: 'ba9946400e5c86524bde9649adbd46f8') in 0.0220011 seconds
Number of updated asset objects reloaded before import = 0Number of asset objects unloaded after import = 0

========================================================================
Received Import Request.
  Time since last request: 0.000211 seconds.
  path: Packages/com.unity.ugui/Runtime/TMP/TMP_RichTextTagsCommon.cs
  artifactKey: Guid(b458b2c7f196bdc4581b2f9fd6a5d931) Importer(2089858483,b0f066a214c2f5e87bad3c948f4d605d)
Start importing Packages/com.unity.ugui/Runtime/TMP/TMP_RichTextTagsCommon.cs using Guid(b458b2c7f196bdc4581b2f9fd6a5d931) Importer(2089858483,b0f066a214c2f5e87bad3c948f4d605d) (ScriptedImporter) -> (artifact id: 'e93dca5b2156025aa633ca3bf7a5e20c') in 0.02062 seconds
Number of updated asset objects reloaded before import = 0Number of asset objects unloaded after import = 0

========================================================================
Received Import Request.
  Time since last request: 0.000174 seconds.
  path: Packages/com.unity.xr.legacyinputhelpers/Tests/Editor/LegacyInputHelpersEditorTests.asmdef
  artifactKey: Guid(559bcbd55c770ea4d959cfdb857c39a5) Importer(2089858483,b0f066a214c2f5e87bad3c948f4d605d)
Start importing Packages/com.unity.xr.legacyinputhelpers/Tests/Editor/LegacyInputHelpersEditorTests.asmdef using Guid(559bcbd55c770ea4d959cfdb857c39a5) Importer(2089858483,b0f066a214c2f5e87bad3c948f4d605d) (ScriptedImporter) -> (artifact id: '91112c546e31771c898e293c0a69676c') in 0.0199715 seconds
Number of updated asset objects reloaded before import = 0Number of asset objects unloaded after import = 1

========================================================================
Received Import Request.
  Time since last request: 0.000164 seconds.
  path: Packages/com.unity.xr.legacyinputhelpers/Editor/ArmModels/ArmModelEditor.cs
  artifactKey: Guid(fd661411ada16794aa7015ddf3778407) Importer(2089858483,b0f066a214c2f5e87bad3c948f4d605d)
Start importing Packages/com.unity.xr.legacyinputhelpers/Editor/ArmModels/ArmModelEditor.cs using Guid(fd661411ada16794aa7015ddf3778407) Importer(2089858483,b0f066a214c2f5e87bad3c948f4d605d) (ScriptedImporter) -> (artifact id: '71444a87235d635e2f98485195fce22f') in 0.0216989 seconds
Number of updated asset objects reloaded before import = 0Number of asset objects unloaded after import = 0

========================================================================
Received Import Request.
  Time since last request: 0.000162 seconds.
  path: Packages/com.unity.xr.legacyinputhelpers/Editor/SeedXRInputBindings/SeedXRInputBindings.cs
  artifactKey: Guid(9ebb01c3a5ac7564d80fe780a7058df0) Importer(2089858483,b0f066a214c2f5e87bad3c948f4d605d)
Start importing Packages/com.unity.xr.legacyinputhelpers/Editor/SeedXRInputBindings/SeedXRInputBindings.cs using Guid(9ebb01c3a5ac7564d80fe780a7058df0) Importer(2089858483,b0f066a214c2f5e87bad3c948f4d605d) (ScriptedImporter) -> (artifact id: '72c1719b579144a89ad424a7ed90fac3') in 0.0193947 seconds
Number of updated asset objects reloaded before import = 0Number of asset objects unloaded after import = 0

========================================================================
Received Import Request.
  Time since last request: 0.000121 seconds.
  path: Packages/com.unity.xr.core-utils/CHANGELOG.md
  artifactKey: Guid(e86550dadb60245419b14c8eb438c00a) Importer(2089858483,b0f066a214c2f5e87bad3c948f4d605d)
Start importing Packages/com.unity.xr.core-utils/CHANGELOG.md using Guid(e86550dadb60245419b14c8eb438c00a) Importer(2089858483,b0f066a214c2f5e87bad3c948f4d605d) (ScriptedImporter) -> (artifact id: '479b2981e75033e9da42c8dda2318b29') in 0.0273569 seconds
Number of updated asset objects reloaded before import = 0Number of asset objects unloaded after import = 1

========================================================================
Received Import Request.
  Time since last request: 0.000246 seconds.
  path: Packages/com.unity.xr.core-utils/Editor/Unity.XR.CoreUtils.Editor.asmdef
  artifactKey: Guid(4ddd23ea56a3a40f0aa0036d1624a53e) Importer(2089858483,b0f066a214c2f5e87bad3c948f4d605d)
Start importing Packages/com.unity.xr.core-utils/Editor/Unity.XR.CoreUtils.Editor.asmdef using Guid(4ddd23ea56a3a40f0aa0036d1624a53e) Importer(2089858483,b0f066a214c2f5e87bad3c948f4d605d) (ScriptedImporter) -> (artifact id: '61d665cb4ced5ce20abdf4ce5d8476b7') in 0.028156 seconds
Number of updated asset objects reloaded before import = 0Number of asset objects unloaded after import = 1

========================================================================
Received Import Request.
  Time since last request: 0.000229 seconds.
  path: Packages/com.unity.mathematics/Unity.Mathematics/float3x2.gen.cs
  artifactKey: Guid(d20ff0b41ab5f4071b3d6ec3442fb2f7) Importer(2089858483,b0f066a214c2f5e87bad3c948f4d605d)
Start importing Packages/com.unity.mathematics/Unity.Mathematics/float3x2.gen.cs using Guid(d20ff0b41ab5f4071b3d6ec3442fb2f7) Importer(2089858483,b0f066a214c2f5e87bad3c948f4d605d) (ScriptedImporter) -> (artifact id: '80f74869b9c0408bdb383c26de97a800') in 0.0236086 seconds
Number of updated asset objects reloaded before import = 0Number of asset objects unloaded after import = 0

========================================================================
Received Import Request.
  Time since last request: 0.000200 seconds.
  path: Packages/com.unity.inputsystem/InputSystem/Editor/AssetEditor/PackageResources/personal/propertiesBackground.png
  artifactKey: Guid(aa4c2360f910d46f497f75b4b6677358) Importer(2089858483,b0f066a214c2f5e87bad3c948f4d605d)
Start importing Packages/com.unity.inputsystem/InputSystem/Editor/AssetEditor/PackageResources/personal/propertiesBackground.png using Guid(aa4c2360f910d46f497f75b4b6677358) Importer(2089858483,b0f066a214c2f5e87bad3c948f4d605d) (ScriptedImporter) -> (artifact id: 'afb77cbe9740dd025fece42e53be9aa5') in 0.0366322 seconds
Number of updated asset objects reloaded before import = 0Number of asset objects unloaded after import = 1

========================================================================
Received Import Request.
  Time since last request: 0.444614 seconds.
  path: Packages/com.unity.xr.core-utils/Runtime/GeometryUtils.cs
  artifactKey: Guid(9c0a719dddf9b4e17a284e56d381071d) Importer(2089858483,b0f066a214c2f5e87bad3c948f4d605d)
Start importing Packages/com.unity.xr.core-utils/Runtime/GeometryUtils.cs using Guid(9c0a719dddf9b4e17a284e56d381071d) Importer(2089858483,b0f066a214c2f5e87bad3c948f4d605d) (ScriptedImporter) -> (artifact id: '0ac6834478b3e006f033653846b6015c') in 0.0261725 seconds
Number of updated asset objects reloaded before import = 0Number of asset objects unloaded after import = 0

========================================================================
Received Import Request.
  Time since last request: 0.000039 seconds.
  path: Packages/com.unity.xr.core-utils/Editor/ProjectValidation/ProjectValidationSettingsProvider.cs
  artifactKey: Guid(da06c8b7da54b44cfba8b42d206be064) Importer(2089858483,b0f066a214c2f5e87bad3c948f4d605d)
Start importing Packages/com.unity.xr.core-utils/Editor/ProjectValidation/ProjectValidationSettingsProvider.cs using Guid(da06c8b7da54b44cfba8b42d206be064) Importer(2089858483,b0f066a214c2f5e87bad3c948f4d605d) (ScriptedImporter) -> (artifact id: '50c27a8b931623ee84bc63e2a70b1131') in 0.0267528 seconds
Number of updated asset objects reloaded before import = 0Number of asset objects unloaded after import = 0

========================================================================
Received Import Request.
  Time since last request: 0.000151 seconds.
  path: Packages/com.unity.xr.core-utils/Tests/Editor/XRCoreUtilities/GameObjectExtensionsTests.cs
  artifactKey: Guid(dc4741424d47f444c80f9c5a8774dab7) Importer(2089858483,b0f066a214c2f5e87bad3c948f4d605d)
Start importing Packages/com.unity.xr.core-utils/Tests/Editor/XRCoreUtilities/GameObjectExtensionsTests.cs using Guid(dc4741424d47f444c80f9c5a8774dab7) Importer(2089858483,b0f066a214c2f5e87bad3c948f4d605d) (ScriptedImporter) -> (artifact id: 'd0f37b7204fe2c270894afa86cea779f') in 0.0231812 seconds
Number of updated asset objects reloaded before import = 0Number of asset objects unloaded after import = 0

========================================================================
Received Import Request.
  Time since last request: 0.000155 seconds.
  path: Packages/com.unity.xr.core-utils/Tests/Editor/XRCoreUtilities/GameObjectUtilsTests.cs
  artifactKey: Guid(9151ca8fd58644888a41255e61243e68) Importer(2089858483,b0f066a214c2f5e87bad3c948f4d605d)
Start importing Packages/com.unity.xr.core-utils/Tests/Editor/XRCoreUtilities/GameObjectUtilsTests.cs using Guid(9151ca8fd58644888a41255e61243e68) Importer(2089858483,b0f066a214c2f5e87bad3c948f4d605d) (ScriptedImporter) -> (artifact id: 'b3bc96630543bf839126a4ae94446b8a') in 0.0193933 seconds
Number of updated asset objects reloaded before import = 0Number of asset objects unloaded after import = 0

========================================================================
Received Import Request.
  Time since last request: 0.000220 seconds.
  path: Packages/com.unity.xr.core-utils/Runtime/Extensions/TypeExtensions.cs
  artifactKey: Guid(ea786eac680c3452ab2eb44a28b99bd6) Importer(2089858483,b0f066a214c2f5e87bad3c948f4d605d)
Start importing Packages/com.unity.xr.core-utils/Runtime/Extensions/TypeExtensions.cs using Guid(ea786eac680c3452ab2eb44a28b99bd6) Importer(2089858483,b0f066a214c2f5e87bad3c948f4d605d) (ScriptedImporter) -> (artifact id: '8122a413068a18158bbe568cb6654347') in 0.0311867 seconds
Number of updated asset objects reloaded before import = 0Number of asset objects unloaded after import = 0

========================================================================
Received Import Request.
  Time since last request: 0.000379 seconds.
  path: Packages/com.unity.xr.core-utils/Runtime/Extensions/GameObjectExtensions.cs
  artifactKey: Guid(e9fe38c4546984d20972b92aae24104c) Importer(2089858483,b0f066a214c2f5e87bad3c948f4d605d)
Start importing Packages/com.unity.xr.core-utils/Runtime/Extensions/GameObjectExtensions.cs using Guid(e9fe38c4546984d20972b92aae24104c) Importer(2089858483,b0f066a214c2f5e87bad3c948f4d605d) (ScriptedImporter) -> (artifact id: 'ded67e7c375c379da7825b4282019e53') in 0.0287504 seconds
Number of updated asset objects reloaded before import = 0Number of asset objects unloaded after import = 0

========================================================================
Received Import Request.
  Time since last request: 0.000241 seconds.
  path: Packages/com.unity.xr.core-utils/Tests/Runtime/Scenes/CustomApproximatelyPerformanceTest.unity
  artifactKey: Guid(a401cbed40abb430895eec5ceb8b5353) Importer(2089858483,b0f066a214c2f5e87bad3c948f4d605d)
Start importing Packages/com.unity.xr.core-utils/Tests/Runtime/Scenes/CustomApproximatelyPerformanceTest.unity using Guid(a401cbed40abb430895eec5ceb8b5353) Importer(2089858483,b0f066a214c2f5e87bad3c948f4d605d) (ScriptedImporter) -> (artifact id: '66e8e7b1a3d489bfa3448f24423588b1') in 0.0413975 seconds
Number of updated asset objects reloaded before import = 0Number of asset objects unloaded after import = 1

========================================================================
Received Import Request.
  Time since last request: 0.000152 seconds.
  path: Packages/com.unity.xr.core-utils/Runtime/Bindings/Variables/BindableVariableBase.cs
  artifactKey: Guid(69702e9e8a6e4a5780a3fc575847e88e) Importer(2089858483,b0f066a214c2f5e87bad3c948f4d605d)
Start importing Packages/com.unity.xr.core-utils/Runtime/Bindings/Variables/BindableVariableBase.cs using Guid(69702e9e8a6e4a5780a3fc575847e88e) Importer(2089858483,b0f066a214c2f5e87bad3c948f4d605d) (ScriptedImporter) -> (artifact id: '1e5a834a0397a87dc693246bbbfc531b') in 0.0230986 seconds
Number of updated asset objects reloaded before import = 0Number of asset objects unloaded after import = 0

========================================================================
Received Import Request.
  Time since last request: 0.000174 seconds.
  path: Packages/com.unity.xr.core-utils/Editor/Datums/StringDatumPropertyDrawer.cs
  artifactKey: Guid(6a6688728f64a5d498cc40767d3c8ff2) Importer(2089858483,b0f066a214c2f5e87bad3c948f4d605d)
Start importing Packages/com.unity.xr.core-utils/Editor/Datums/StringDatumPropertyDrawer.cs using Guid(6a6688728f64a5d498cc40767d3c8ff2) Importer(2089858483,b0f066a214c2f5e87bad3c948f4d605d) (ScriptedImporter) -> (artifact id: 'bba602531fd54cb8d081e18d24472450') in 0.0201683 seconds
Number of updated asset objects reloaded before import = 0Number of asset objects unloaded after import = 0

========================================================================
Received Import Request.
  Time since last request: 0.000078 seconds.
  path: Packages/com.unity.xr.core-utils/Runtime/ObjectPool.cs
  artifactKey: Guid(841253094c20d4bdb8e614eb9dee50eb) Importer(2089858483,b0f066a214c2f5e87bad3c948f4d605d)
Start importing Packages/com.unity.xr.core-utils/Runtime/ObjectPool.cs using Guid(841253094c20d4bdb8e614eb9dee50eb) Importer(2089858483,b0f066a214c2f5e87bad3c948f4d605d) (ScriptedImporter) -> (artifact id: '372a2b884fd6d0a698d829ab205bc9b5') in 0.018525 seconds
Number of updated asset objects reloaded before import = 0Number of asset objects unloaded after import = 0

========================================================================
Received Import Request.
  Time since last request: 0.000300 seconds.
  path: Packages/com.unity.xr.core-utils/Runtime/Attributes/ReadOnlyAttribute.cs
  artifactKey: Guid(c82dfa8da12c2485bbc2188e8ba88887) Importer(2089858483,b0f066a214c2f5e87bad3c948f4d605d)
Start importing Packages/com.unity.xr.core-utils/Runtime/Attributes/ReadOnlyAttribute.cs using Guid(c82dfa8da12c2485bbc2188e8ba88887) Importer(2089858483,b0f066a214c2f5e87bad3c948f4d605d) (ScriptedImporter) -> (artifact id: '290e369ce743a9075927752d5a03328d') in 0.0212202 seconds
Number of updated asset objects reloaded before import = 0Number of asset objects unloaded after import = 0

========================================================================
Received Import Request.
  Time since last request: 0.000111 seconds.
  path: Packages/com.unity.xr.core-utils/Runtime/Bindings/Variables/BindableVariable.cs
  artifactKey: Guid(1a5dbf4215504e2aa854bc3fbd443536) Importer(2089858483,b0f066a214c2f5e87bad3c948f4d605d)
Start importing Packages/com.unity.xr.core-utils/Runtime/Bindings/Variables/BindableVariable.cs using Guid(1a5dbf4215504e2aa854bc3fbd443536) Importer(2089858483,b0f066a214c2f5e87bad3c948f4d605d) (ScriptedImporter) -> (artifact id: '8413f01a95ad676380b1cdc44e81bf1c') in 0.0203261 seconds
Number of updated asset objects reloaded before import = 0Number of asset objects unloaded after import = 0

========================================================================
Received Import Request.
  Time since last request: 0.000481 seconds.
  path: Packages/com.unity.xr.core-utils/Editor/BuildingBlocks/BuildingBlockOverlay.uss
  artifactKey: Guid(45e5e12ffcaf7fe4181677c973b8e373) Importer(2089858483,b0f066a214c2f5e87bad3c948f4d605d)
Start importing Packages/com.unity.xr.core-utils/Editor/BuildingBlocks/BuildingBlockOverlay.uss using Guid(45e5e12ffcaf7fe4181677c973b8e373) Importer(2089858483,b0f066a214c2f5e87bad3c948f4d605d) (ScriptedImporter) -> (artifact id: '9a7248f5120daa1f58b50cd51df47a8c') in 0.0251546 seconds
Number of updated asset objects reloaded before import = 0Number of asset objects unloaded after import = 1

========================================================================
Received Import Request.
  Time since last request: 0.000045 seconds.
  path: Packages/com.unity.xr.core-utils/Tests/Runtime/BindableVariablesTests.cs
  artifactKey: Guid(a672fde8855a47ed910e013b2e514e7f) Importer(2089858483,b0f066a214c2f5e87bad3c948f4d605d)
Start importing Packages/com.unity.xr.core-utils/Tests/Runtime/BindableVariablesTests.cs using Guid(a672fde8855a47ed910e013b2e514e7f) Importer(2089858483,b0f066a214c2f5e87bad3c948f4d605d) (ScriptedImporter) -> (artifact id: '8b33e4888a2c7fa464eaafb4399d6abf') in 0.0184056 seconds
Number of updated asset objects reloaded before import = 0Number of asset objects unloaded after import = 0

========================================================================
Received Import Request.
  Time since last request: 0.000160 seconds.
  path: Packages/com.unity.xr.core-utils/Tests/Editor/XRCoreUtilities/PoseExtensionsTests.cs
  artifactKey: Guid(d8780bc1cfd044fd58ba8e8c776e1db7) Importer(2089858483,b0f066a214c2f5e87bad3c948f4d605d)
Start importing Packages/com.unity.xr.core-utils/Tests/Editor/XRCoreUtilities/PoseExtensionsTests.cs using Guid(d8780bc1cfd044fd58ba8e8c776e1db7) Importer(2089858483,b0f066a214c2f5e87bad3c948f4d605d) (ScriptedImporter) -> (artifact id: 'e947133b6bf44408f9bdaca9ae2b0cae') in 0.0255502 seconds
Number of updated asset objects reloaded before import = 0Number of asset objects unloaded after import = 0

========================================================================
Received Import Request.
  Time since last request: 0.001260 seconds.
  path: Packages/com.unity.xr.core-utils/Editor/Analytics/CoreUtilsAnalytics/ProjectValidationUsageEvent.cs
  artifactKey: Guid(61d17e67f4e2b47498af48d245ce19e9) Importer(2089858483,b0f066a214c2f5e87bad3c948f4d605d)
Start importing Packages/com.unity.xr.core-utils/Editor/Analytics/CoreUtilsAnalytics/ProjectValidationUsageEvent.cs using Guid(61d17e67f4e2b47498af48d245ce19e9) Importer(2089858483,b0f066a214c2f5e87bad3c948f4d605d) (ScriptedImporter) -> (artifact id: '59dfc494132bce045c07d96122b4cc63') in 0.0270477 seconds
Number of updated asset objects reloaded before import = 0Number of asset objects unloaded after import = 0

========================================================================
Received Import Request.
  Time since last request: 0.000054 seconds.
  path: Packages/com.unity.xr.core-utils/Editor/CapabilityProfile/Dictionary/CapabilityKeysDefinition.cs
  artifactKey: Guid(8c1cd2953a621294593c8424a464d578) Importer(2089858483,b0f066a214c2f5e87bad3c948f4d605d)
Start importing Packages/com.unity.xr.core-utils/Editor/CapabilityProfile/Dictionary/CapabilityKeysDefinition.cs using Guid(8c1cd2953a621294593c8424a464d578) Importer(2089858483,b0f066a214c2f5e87bad3c948f4d605d) (ScriptedImporter) -> (artifact id: 'd3013f85d23bd028f0ae973a58701755') in 0.0338896 seconds
Number of updated asset objects reloaded before import = 0Number of asset objects unloaded after import = 0

========================================================================
Received Import Request.
  Time since last request: 0.000400 seconds.
  path: Packages/com.unity.xr.core-utils/Runtime/Extensions/CollectionExtensions.cs
  artifactKey: Guid(5b22507be13dc4c168717c2a2e46ac6e) Importer(2089858483,b0f066a214c2f5e87bad3c948f4d605d)
Start importing Packages/com.unity.xr.core-utils/Runtime/Extensions/CollectionExtensions.cs using Guid(5b22507be13dc4c168717c2a2e46ac6e) Importer(2089858483,b0f066a214c2f5e87bad3c948f4d605d) (ScriptedImporter) -> (artifact id: 'ac27506f35ff6109a40ced649345abbf') in 0.0315001 seconds
Number of updated asset objects reloaded before import = 0Number of asset objects unloaded after import = 0

========================================================================
Received Import Request.
  Time since last request: 0.000441 seconds.
  path: Packages/com.unity.xr.core-utils/Tests/Editor/XRCoreUtilities/MathUtilityTests.cs
  artifactKey: Guid(eaa9e7576528a487897f3b21f331719e) Importer(2089858483,b0f066a214c2f5e87bad3c948f4d605d)
Start importing Packages/com.unity.xr.core-utils/Tests/Editor/XRCoreUtilities/MathUtilityTests.cs using Guid(eaa9e7576528a487897f3b21f331719e) Importer(2089858483,b0f066a214c2f5e87bad3c948f4d605d) (ScriptedImporter) -> (artifact id: 'f109b0b494105cf3a2eb87cf4ac7e514') in 0.0232862 seconds
Number of updated asset objects reloaded before import = 0Number of asset objects unloaded after import = 0

========================================================================
Received Import Request.
  Time since last request: 0.000211 seconds.
  path: Packages/com.unity.xr.core-utils/Editor/Analytics/CoreUtilsAnalytics/CoreUtilsEditorAnalyticsEvent.cs
  artifactKey: Guid(11b7ddcb82a4003458b0b49ba21f3289) Importer(2089858483,b0f066a214c2f5e87bad3c948f4d605d)
Start importing Packages/com.unity.xr.core-utils/Editor/Analytics/CoreUtilsAnalytics/CoreUtilsEditorAnalyticsEvent.cs using Guid(11b7ddcb82a4003458b0b49ba21f3289) Importer(2089858483,b0f066a214c2f5e87bad3c948f4d605d) (ScriptedImporter) -> (artifact id: '5975cbbdf5c27911ccbf605794b4ef1c') in 0.0226948 seconds
Number of updated asset objects reloaded before import = 0Number of asset objects unloaded after import = 0

========================================================================
Received Import Request.
  Time since last request: 0.000152 seconds.
  path: Packages/com.unity.xr.core-utils/Runtime/UnityObjectUtils.cs
  artifactKey: Guid(c125d437138f54ca1b9697c827120aad) Importer(2089858483,b0f066a214c2f5e87bad3c948f4d605d)
Start importing Packages/com.unity.xr.core-utils/Runtime/UnityObjectUtils.cs using Guid(c125d437138f54ca1b9697c827120aad) Importer(2089858483,b0f066a214c2f5e87bad3c948f4d605d) (ScriptedImporter) -> (artifact id: 'adbaf35d7ee9c778f77ff665927a77db') in 0.0262824 seconds
Number of updated asset objects reloaded before import = 0Number of asset objects unloaded after import = 0

========================================================================
Received Import Request.
  Time since last request: 0.000056 seconds.
  path: Packages/com.unity.xr.core-utils/Tests/Editor/XRCoreUtilities/Vector2ExtensionsTests.cs
  artifactKey: Guid(098853f3489c04278bef1a06822fe5fa) Importer(2089858483,b0f066a214c2f5e87bad3c948f4d605d)
Start importing Packages/com.unity.xr.core-utils/Tests/Editor/XRCoreUtilities/Vector2ExtensionsTests.cs using Guid(098853f3489c04278bef1a06822fe5fa) Importer(2089858483,b0f066a214c2f5e87bad3c948f4d605d) (ScriptedImporter) -> (artifact id: 'b15ef2cbc7626f4957cddde6e3ec33f8') in 0.0228153 seconds
Number of updated asset objects reloaded before import = 0Number of asset objects unloaded after import = 0

========================================================================
Received Import Request.
  Time since last request: 0.000440 seconds.
  path: Packages/com.unity.xr.core-utils/Runtime/Extensions/DictionaryExtensions.cs
  artifactKey: Guid(51ae3ecff34f5444c9a3c6ba55b9354d) Importer(2089858483,b0f066a214c2f5e87bad3c948f4d605d)
Start importing Packages/com.unity.xr.core-utils/Runtime/Extensions/DictionaryExtensions.cs using Guid(51ae3ecff34f5444c9a3c6ba55b9354d) Importer(2089858483,b0f066a214c2f5e87bad3c948f4d605d) (ScriptedImporter) -> (artifact id: '47c3e9de4b18736ace8d7f1c227f47c1') in 0.023366 seconds
Number of updated asset objects reloaded before import = 0Number of asset objects unloaded after import = 0

========================================================================
Received Import Request.
  Time since last request: 0.000178 seconds.
  path: Packages/com.unity.xr.core-utils/Tests/Editor/XRCoreUtilities/UnityObjectUtilsTests.cs
  artifactKey: Guid(321da6f97f3044995bd9c8d4f55e847a) Importer(2089858483,b0f066a214c2f5e87bad3c948f4d605d)
Start importing Packages/com.unity.xr.core-utils/Tests/Editor/XRCoreUtilities/UnityObjectUtilsTests.cs using Guid(321da6f97f3044995bd9c8d4f55e847a) Importer(2089858483,b0f066a214c2f5e87bad3c948f4d605d) (ScriptedImporter) -> (artifact id: '9f4ea659c1d82b4d363908f30b247a8d') in 0.0246147 seconds
Number of updated asset objects reloaded before import = 0Number of asset objects unloaded after import = 0

========================================================================
Received Import Request.
  Time since last request: 0.000729 seconds.
  path: Packages/com.unity.xr.core-utils/Tests/Editor/XRCoreUtilities/BoundsUtilsTests.cs
  artifactKey: Guid(b7946b77bfe414414b6b0db94b03943f) Importer(2089858483,b0f066a214c2f5e87bad3c948f4d605d)
Start importing Packages/com.unity.xr.core-utils/Tests/Editor/XRCoreUtilities/BoundsUtilsTests.cs using Guid(b7946b77bfe414414b6b0db94b03943f) Importer(2089858483,b0f066a214c2f5e87bad3c948f4d605d) (ScriptedImporter) -> (artifact id: '32a42f33b5c7d98ca95f398a7b585047') in 0.0335904 seconds
Number of updated asset objects reloaded before import = 0Number of asset objects unloaded after import = 0

========================================================================
Received Import Request.
  Time since last request: 0.000561 seconds.
  path: Packages/com.unity.xr.core-utils/Runtime/Extensions/Vector2Extensions.cs
  artifactKey: Guid(f4df83f3347dd498681ec72e93b47e9a) Importer(2089858483,b0f066a214c2f5e87bad3c948f4d605d)
Start importing Packages/com.unity.xr.core-utils/Runtime/Extensions/Vector2Extensions.cs using Guid(f4df83f3347dd498681ec72e93b47e9a) Importer(2089858483,b0f066a214c2f5e87bad3c948f4d605d) (ScriptedImporter) -> (artifact id: 'ca28be587c137ef15d97f79279fdf579') in 0.0233876 seconds
Number of updated asset objects reloaded before import = 0Number of asset objects unloaded after import = 0

========================================================================
Received Import Request.
  Time since last request: 0.000233 seconds.
  path: Packages/com.unity.xr.core-utils/Runtime/ScriptableSettings.cs
  artifactKey: Guid(e29fc012294464dad877219a81ae9883) Importer(2089858483,b0f066a214c2f5e87bad3c948f4d605d)
Start importing Packages/com.unity.xr.core-utils/Runtime/ScriptableSettings.cs using Guid(e29fc012294464dad877219a81ae9883) Importer(2089858483,b0f066a214c2f5e87bad3c948f4d605d) (ScriptedImporter) -> (artifact id: 'cb143fe109d94b11bc79636645e56c44') in 0.0264393 seconds
Number of updated asset objects reloaded before import = 0Number of asset objects unloaded after import = 0

========================================================================
Received Import Request.
  Time since last request: 0.000127 seconds.
  path: Packages/com.unity.xr.core-utils/Runtime/ScriptableSettingsBase.cs
  artifactKey: Guid(f5db190cfda014bd292cbb0202470485) Importer(2089858483,b0f066a214c2f5e87bad3c948f4d605d)
Start importing Packages/com.unity.xr.core-utils/Runtime/ScriptableSettingsBase.cs using Guid(f5db190cfda014bd292cbb0202470485) Importer(2089858483,b0f066a214c2f5e87bad3c948f4d605d) (ScriptedImporter) -> (artifact id: 'e7cceb435e37acfd79716208d04a9186') in 0.0235045 seconds
Number of updated asset objects reloaded before import = 0Number of asset objects unloaded after import = 0

========================================================================
Received Import Request.
  Time since last request: 0.000192 seconds.
  path: Packages/com.unity.xr.core-utils/Tests/Editor/CodeSamples/Unity.XR.CoreUtils.CodeSamples.Tests.asmdef
  artifactKey: Guid(3d53ee15b96134ef5aa193409bc3d4c0) Importer(2089858483,b0f066a214c2f5e87bad3c948f4d605d)
Start importing Packages/com.unity.xr.core-utils/Tests/Editor/CodeSamples/Unity.XR.CoreUtils.CodeSamples.Tests.asmdef using Guid(3d53ee15b96134ef5aa193409bc3d4c0) Importer(2089858483,b0f066a214c2f5e87bad3c948f4d605d) (ScriptedImporter) -> (artifact id: 'a1535faa20ae27bac8cedc62375f9175') in 0.0222982 seconds
Number of updated asset objects reloaded before import = 0Number of asset objects unloaded after import = 1

========================================================================
Received Import Request.
  Time since last request: 0.000108 seconds.
  path: Packages/com.unity.xr.core-utils/Runtime/Datums/IntDatumProperty.cs
  artifactKey: Guid(002ffe0877a03b443a74a3358a79b7c3) Importer(2089858483,b0f066a214c2f5e87bad3c948f4d605d)
Start importing Packages/com.unity.xr.core-utils/Runtime/Datums/IntDatumProperty.cs using Guid(002ffe0877a03b443a74a3358a79b7c3) Importer(2089858483,b0f066a214c2f5e87bad3c948f4d605d) (ScriptedImporter) -> (artifact id: '505f4db8c7e854d5bb5da5d082fc9a64') in 0.0230567 seconds
Number of updated asset objects reloaded before import = 0Number of asset objects unloaded after import = 0

========================================================================
Received Import Request.
  Time since last request: 0.000221 seconds.
  path: Packages/com.unity.xr.core-utils/Runtime/Collections/ReadOnlyListSpan.cs
  artifactKey: Guid(44a4662640bd4279bc9e22498cf2b65e) Importer(2089858483,b0f066a214c2f5e87bad3c948f4d605d)
Start importing Packages/com.unity.xr.core-utils/Runtime/Collections/ReadOnlyListSpan.cs using Guid(44a4662640bd4279bc9e22498cf2b65e) Importer(2089858483,b0f066a214c2f5e87bad3c948f4d605d) (ScriptedImporter) -> (artifact id: '87a7633bafa5a0056317247222e1754e') in 0.023807 seconds
Number of updated asset objects reloaded before import = 0Number of asset objects unloaded after import = 0

========================================================================
Received Import Request.
  Time since last request: 0.000123 seconds.
  path: Packages/com.unity.xr.core-utils/Editor/Analytics/CoreUtilsAnalytics/BuildingBlocksUsageEvent.cs
  artifactKey: Guid(007be4edd5e343b43ada0c16355e5543) Importer(2089858483,b0f066a214c2f5e87bad3c948f4d605d)
Start importing Packages/com.unity.xr.core-utils/Editor/Analytics/CoreUtilsAnalytics/BuildingBlocksUsageEvent.cs using Guid(007be4edd5e343b43ada0c16355e5543) Importer(2089858483,b0f066a214c2f5e87bad3c948f4d605d) (ScriptedImporter) -> (artifact id: 'ce775620462e65cf3b02a8a3ec98e0a1') in 0.0206768 seconds
Number of updated asset objects reloaded before import = 0Number of asset objects unloaded after import = 0

========================================================================
Received Import Request.
  Time since last request: 0.000078 seconds.
  path: Packages/com.unity.xr.core-utils/Editor/GUI/EnumDisplayPropertyDrawer.cs
  artifactKey: Guid(cba647f3d99e54240836f357799fd1ad) Importer(2089858483,b0f066a214c2f5e87bad3c948f4d605d)
Start importing Packages/com.unity.xr.core-utils/Editor/GUI/EnumDisplayPropertyDrawer.cs using Guid(cba647f3d99e54240836f357799fd1ad) Importer(2089858483,b0f066a214c2f5e87bad3c948f4d605d) (ScriptedImporter) -> (artifact id: '966c247d0a4fc674d6a08307300c4f2f') in 0.0293445 seconds
Number of updated asset objects reloaded before import = 0Number of asset objects unloaded after import = 0

========================================================================
Received Import Request.
  Time since last request: 0.000061 seconds.
  path: Packages/com.unity.xr.core-utils/Runtime/Bindings/Variables/IReadOnlyBindableVariable.cs
  artifactKey: Guid(7e06b1f10d7442fbbaacbcc6721da784) Importer(2089858483,b0f066a214c2f5e87bad3c948f4d605d)
Start importing Packages/com.unity.xr.core-utils/Runtime/Bindings/Variables/IReadOnlyBindableVariable.cs using Guid(7e06b1f10d7442fbbaacbcc6721da784) Importer(2089858483,b0f066a214c2f5e87bad3c948f4d605d) (ScriptedImporter) -> (artifact id: 'f2cb9e8e0805a7c597ccc416ddc6880c') in 0.0340257 seconds
Number of updated asset objects reloaded before import = 0Number of asset objects unloaded after import = 0

========================================================================
Received Import Request.
  Time since last request: 0.000217 seconds.
  path: Packages/com.unity.xr.core-utils/Runtime/NativeArrayUtils.cs
  artifactKey: Guid(3002446ae56064926a8c6ffbf0eeb963) Importer(2089858483,b0f066a214c2f5e87bad3c948f4d605d)
Start importing Packages/com.unity.xr.core-utils/Runtime/NativeArrayUtils.cs using Guid(3002446ae56064926a8c6ffbf0eeb963) Importer(2089858483,b0f066a214c2f5e87bad3c948f4d605d) (ScriptedImporter) -> (artifact id: '33cfe1a8d2347110a0821babb2681b2a') in 0.0366847 seconds
Number of updated asset objects reloaded before import = 0Number of asset objects unloaded after import = 0

========================================================================
Received Import Request.
  Time since last request: 0.000097 seconds.
  path: Packages/com.unity.xr.core-utils/Tests/Editor/XRCoreUtilities/TransformExtensionsTests.cs
  artifactKey: Guid(f0305cc2e0f5149e3827573007028c6a) Importer(2089858483,b0f066a214c2f5e87bad3c948f4d605d)
Start importing Packages/com.unity.xr.core-utils/Tests/Editor/XRCoreUtilities/TransformExtensionsTests.cs using Guid(f0305cc2e0f5149e3827573007028c6a) Importer(2089858483,b0f066a214c2f5e87bad3c948f4d605d) (ScriptedImporter) -> (artifact id: 'dbd663b649d58f716dfc8e53c6b566c1') in 0.0364787 seconds
Number of updated asset objects reloaded before import = 0Number of asset objects unloaded after import = 0

========================================================================
Received Import Request.
  Time since last request: 0.000652 seconds.
  path: Packages/com.unity.xr.core-utils/Runtime/CapabilityProfile/Dictionary/StandardCapabilityKeys.cs
  artifactKey: Guid(d6f437f0fc6615149b6deb8b3f522046) Importer(2089858483,b0f066a214c2f5e87bad3c948f4d605d)
Start importing Packages/com.unity.xr.core-utils/Runtime/CapabilityProfile/Dictionary/StandardCapabilityKeys.cs using Guid(d6f437f0fc6615149b6deb8b3f522046) Importer(2089858483,b0f066a214c2f5e87bad3c948f4d605d) (ScriptedImporter) -> (artifact id: 'f22bbe9295fcabf2ceed32a9cd1040c1') in 0.0332016 seconds
Number of updated asset objects reloaded before import = 0Number of asset objects unloaded after import = 0

========================================================================
Received Import Request.
  Time since last request: 0.000780 seconds.
  path: Packages/com.unity.xr.core-utils/Runtime/Bindings/Variables/BindableEnum.cs
  artifactKey: Guid(3702d8640881467da6b46badf6de7469) Importer(2089858483,b0f066a214c2f5e87bad3c948f4d605d)
Start importing Packages/com.unity.xr.core-utils/Runtime/Bindings/Variables/BindableEnum.cs using Guid(3702d8640881467da6b46badf6de7469) Importer(2089858483,b0f066a214c2f5e87bad3c948f4d605d) (ScriptedImporter) -> (artifact id: '7b6e849ab09e8de0a5818dc5b599818b') in 0.0458938 seconds
Number of updated asset objects reloaded before import = 0Number of asset objects unloaded after import = 0

========================================================================
Received Import Request.
  Time since last request: 0.000691 seconds.
  path: Packages/com.unity.xr.core-utils/Tests/Runtime/Unity.XR.CoreUtils.Tests.asmdef
  artifactKey: Guid(d9619e68605d1439eb49319b2d076662) Importer(2089858483,b0f066a214c2f5e87bad3c948f4d605d)
Start importing Packages/com.unity.xr.core-utils/Tests/Runtime/Unity.XR.CoreUtils.Tests.asmdef using Guid(d9619e68605d1439eb49319b2d076662) Importer(2089858483,b0f066a214c2f5e87bad3c948f4d605d) (ScriptedImporter) -> (artifact id: 'e49f486e00b52be8592665b9b32288c8') in 0.023416 seconds
Number of updated asset objects reloaded before import = 0Number of asset objects unloaded after import = 1

========================================================================
Received Import Request.
  Time since last request: 0.000056 seconds.
  path: Packages/com.unity.xr.core-utils/Editor/Datums/FloatDatumPropertyDrawer.cs
  artifactKey: Guid(b944e5884aa75f549a87606d9950c438) Importer(2089858483,b0f066a214c2f5e87bad3c948f4d605d)
Start importing Packages/com.unity.xr.core-utils/Editor/Datums/FloatDatumPropertyDrawer.cs using Guid(b944e5884aa75f549a87606d9950c438) Importer(2089858483,b0f066a214c2f5e87bad3c948f4d605d) (ScriptedImporter) -> (artifact id: '11a08b0629b0c16b9d0d649bbb467050') in 0.0242867 seconds
Number of updated asset objects reloaded before import = 0Number of asset objects unloaded after import = 0

========================================================================
Received Import Request.
  Time since last request: 0.000449 seconds.
  path: Packages/com.unity.xr.core-utils/Tests/Editor/XRCoreUtilities/AwaitableUtilsTests.cs
  artifactKey: Guid(df87b8ca952c4237a56616db9c1b221e) Importer(2089858483,b0f066a214c2f5e87bad3c948f4d605d)
Start importing Packages/com.unity.xr.core-utils/Tests/Editor/XRCoreUtilities/AwaitableUtilsTests.cs using Guid(df87b8ca952c4237a56616db9c1b221e) Importer(2089858483,b0f066a214c2f5e87bad3c948f4d605d) (ScriptedImporter) -> (artifact id: '9ebe453e5ba4c8241e9bd410d30de964') in 0.0243203 seconds
Number of updated asset objects reloaded before import = 0Number of asset objects unloaded after import = 0

========================================================================
Received Import Request.
  Time since last request: 0.000235 seconds.
  path: Packages/com.unity.xr.core-utils/Runtime/Collections/SerializableDictionary.cs
  artifactKey: Guid(5156a74693edbf246b786f0ebfc54f7c) Importer(2089858483,b0f066a214c2f5e87bad3c948f4d605d)
Start importing Packages/com.unity.xr.core-utils/Runtime/Collections/SerializableDictionary.cs using Guid(5156a74693edbf246b786f0ebfc54f7c) Importer(2089858483,b0f066a214c2f5e87bad3c948f4d605d) (ScriptedImporter) -> (artifact id: '86ef66a71f688d58697b85c6afd7c424') in 0.0350918 seconds
Number of updated asset objects reloaded before import = 0Number of asset objects unloaded after import = 0

========================================================================
Received Import Request.
  Time since last request: 0.002508 seconds.
  path: Packages/com.unity.xr.core-utils/Runtime/Extensions/GuidExtensions.cs
  artifactKey: Guid(49bf9b7d6604b4cbdb67024401d5f989) Importer(2089858483,b0f066a214c2f5e87bad3c948f4d605d)
Start importing Packages/com.unity.xr.core-utils/Runtime/Extensions/GuidExtensions.cs using Guid(49bf9b7d6604b4cbdb67024401d5f989) Importer(2089858483,b0f066a214c2f5e87bad3c948f4d605d) (ScriptedImporter) -> (artifact id: 'f0d64070e9ed6b946fd8ba3dbaba8957') in 0.0272659 seconds
Number of updated asset objects reloaded before import = 0Number of asset objects unloaded after import = 0

========================================================================
Received Import Request.
  Time since last request: 0.000334 seconds.
  path: Packages/com.unity.xr.core-utils/Editor/ProjectValidation/BuildValidator.cs
  artifactKey: Guid(6e14fd328a15a4657bcbc6d62e1adc53) Importer(2089858483,b0f066a214c2f5e87bad3c948f4d605d)
Start importing Packages/com.unity.xr.core-utils/Editor/ProjectValidation/BuildValidator.cs using Guid(6e14fd328a15a4657bcbc6d62e1adc53) Importer(2089858483,b0f066a214c2f5e87bad3c948f4d605d) (ScriptedImporter) -> (artifact id: '68fb285f5535a04d22c2ea0e44ce72a9') in 0.0244788 seconds
Number of updated asset objects reloaded before import = 0Number of asset objects unloaded after import = 0

========================================================================
Received Import Request.
  Time since last request: 0.000595 seconds.
  path: Packages/com.unity.xr.core-utils/Tests/Editor/XRCoreUtilities/Unity.XR.CoreUtils.Editor.Tests.asmdef
  artifactKey: Guid(7870a2ee9789f42f180ed4aff3154d02) Importer(2089858483,b0f066a214c2f5e87bad3c948f4d605d)
Start importing Packages/com.unity.xr.core-utils/Tests/Editor/XRCoreUtilities/Unity.XR.CoreUtils.Editor.Tests.asmdef using Guid(7870a2ee9789f42f180ed4aff3154d02) Importer(2089858483,b0f066a214c2f5e87bad3c948f4d605d) (ScriptedImporter) -> (artifact id: 'ca515fafcb538fa2e8fd831af78d3560') in 0.0244778 seconds
Number of updated asset objects reloaded before import = 0Number of asset objects unloaded after import = 1

========================================================================
Received Import Request.
  Time since last request: 0.000049 seconds.
  path: Packages/com.unity.xr.core-utils/Runtime/Extensions/PoseExtensions.cs
  artifactKey: Guid(9c5cb477607df401e941044d364eb49d) Importer(2089858483,b0f066a214c2f5e87bad3c948f4d605d)
Start importing Packages/com.unity.xr.core-utils/Runtime/Extensions/PoseExtensions.cs using Guid(9c5cb477607df401e941044d364eb49d) Importer(2089858483,b0f066a214c2f5e87bad3c948f4d605d) (ScriptedImporter) -> (artifact id: '8b8bfce98f1d4003fbd7c995a256fe88') in 0.0280244 seconds
Number of updated asset objects reloaded before import = 0Number of asset objects unloaded after import = 0

========================================================================
Received Import Request.
  Time since last request: 0.096385 seconds.
  path: Packages/com.unity.mathematics/Tests/Tests/TestMath2.cs
  artifactKey: Guid(b0783b280ba38504faba05db473c408b) Importer(2089858483,b0f066a214c2f5e87bad3c948f4d605d)
Start importing Packages/com.unity.mathematics/Tests/Tests/TestMath2.cs using Guid(b0783b280ba38504faba05db473c408b) Importer(2089858483,b0f066a214c2f5e87bad3c948f4d605d) (ScriptedImporter) -> (artifact id: '937a21ae68220eaa7d86d9dbcb9c7554') in 0.0166187 seconds
Number of updated asset objects reloaded before import = 0Number of asset objects unloaded after import = 0

========================================================================
Received Import Request.
  Time since last request: 0.000176 seconds.
  path: Packages/com.unity.mathematics/Tests/Tests/Shared/TestBool2x2.gen.cs
  artifactKey: Guid(8ffa916172073c14499f3e88e1ddaccc) Importer(2089858483,b0f066a214c2f5e87bad3c948f4d605d)
Start importing Packages/com.unity.mathematics/Tests/Tests/Shared/TestBool2x2.gen.cs using Guid(8ffa916172073c14499f3e88e1ddaccc) Importer(2089858483,b0f066a214c2f5e87bad3c948f4d605d) (ScriptedImporter) -> (artifact id: 'c8fc7ef1d6784702e496044db55e1769') in 0.0188938 seconds
Number of updated asset objects reloaded before import = 0Number of asset objects unloaded after import = 0

========================================================================
Received Import Request.
  Time since last request: 0.000043 seconds.
  path: Packages/com.unity.inputsystem/Tests/TestFixture/ScopedDisposable.cs
  artifactKey: Guid(5cd4530e3c9047dea0f1cc17dccbf6ec) Importer(2089858483,b0f066a214c2f5e87bad3c948f4d605d)
Start importing Packages/com.unity.inputsystem/Tests/TestFixture/ScopedDisposable.cs using Guid(5cd4530e3c9047dea0f1cc17dccbf6ec) Importer(2089858483,b0f066a214c2f5e87bad3c948f4d605d) (ScriptedImporter) -> (artifact id: '41ff392b0a506f670447e26461db23c6') in 0.0193091 seconds
Number of updated asset objects reloaded before import = 0Number of asset objects unloaded after import = 0

========================================================================
Received Import Request.
  Time since last request: 0.000092 seconds.
  path: Packages/com.unity.inputsystem/InputSystem/Editor/AssetEditor/ParameterListView.cs
  artifactKey: Guid(fb0e54f1ead384cd191254077544faf0) Importer(2089858483,b0f066a214c2f5e87bad3c948f4d605d)
Start importing Packages/com.unity.inputsystem/InputSystem/Editor/AssetEditor/ParameterListView.cs using Guid(fb0e54f1ead384cd191254077544faf0) Importer(2089858483,b0f066a214c2f5e87bad3c948f4d605d) (ScriptedImporter) -> (artifact id: '0e0d2e06c7e001a3f1cc5a1bd666b02c') in 0.0189682 seconds
Number of updated asset objects reloaded before import = 0Number of asset objects unloaded after import = 0

========================================================================
Received Import Request.
  Time since last request: 0.000137 seconds.
  path: Packages/com.unity.inputsystem/InputSystem/Editor/Icons/d_Mouse@2x.png
  artifactKey: Guid(daa9ba527d8a34b218224b8287ce11d3) Importer(2089858483,b0f066a214c2f5e87bad3c948f4d605d)
Start importing Packages/com.unity.inputsystem/InputSystem/Editor/Icons/d_Mouse@2x.png using Guid(daa9ba527d8a34b218224b8287ce11d3) Importer(2089858483,b0f066a214c2f5e87bad3c948f4d605d) (ScriptedImporter) -> (artifact id: 'c6d1dd47d730582445159b87f360aa7a') in 0.0261418 seconds
Number of updated asset objects reloaded before import = 0Number of asset objects unloaded after import = 1

========================================================================
Received Import Request.
  Time since last request: 0.000097 seconds.
  path: Packages/com.unity.xr.core-utils/Editor/CapabilityProfile/Dictionary/Drawers/CapabilityDictionaryDrawer.cs
  artifactKey: Guid(af901acbad676d84db5d87585f0dbf1e) Importer(2089858483,b0f066a214c2f5e87bad3c948f4d605d)
Start importing Packages/com.unity.xr.core-utils/Editor/CapabilityProfile/Dictionary/Drawers/CapabilityDictionaryDrawer.cs using Guid(af901acbad676d84db5d87585f0dbf1e) Importer(2089858483,b0f066a214c2f5e87bad3c948f4d605d) (ScriptedImporter) -> (artifact id: '9b3a8f3b1e44dcd049e0885f32c4ca3c') in 0.0203099 seconds
Number of updated asset objects reloaded before import = 0Number of asset objects unloaded after import = 0

========================================================================
Received Import Request.
  Time since last request: 0.000112 seconds.
  path: Packages/com.unity.xr.management/Editor/XRGeneralSettingsUpgrade.cs
  artifactKey: Guid(f2052235d412b9845bcb42de2b6ec306) Importer(2089858483,b0f066a214c2f5e87bad3c948f4d605d)
Start importing Packages/com.unity.xr.management/Editor/XRGeneralSettingsUpgrade.cs using Guid(f2052235d412b9845bcb42de2b6ec306) Importer(2089858483,b0f066a214c2f5e87bad3c948f4d605d) (ScriptedImporter) -> (artifact id: 'c7e4b8b5ffdfd8d8821840d84b8d9281') in 0.0228601 seconds
Number of updated asset objects reloaded before import = 0Number of asset objects unloaded after import = 0

========================================================================
Received Import Request.
  Time since last request: 0.000172 seconds.
  path: Packages/com.unity.inputsystem/DocCodeSamples.Tests/DocCodeSamples.asmdef
  artifactKey: Guid(41b01d3964f844d8b43923c18b3a9a6f) Importer(2089858483,b0f066a214c2f5e87bad3c948f4d605d)
Start importing Packages/com.unity.inputsystem/DocCodeSamples.Tests/DocCodeSamples.asmdef using Guid(41b01d3964f844d8b43923c18b3a9a6f) Importer(2089858483,b0f066a214c2f5e87bad3c948f4d605d) (ScriptedImporter) -> (artifact id: '6f63aaea5953dd187ed90db09f8239cf') in 0.0199309 seconds
Number of updated asset objects reloaded before import = 0Number of asset objects unloaded after import = 1

========================================================================
Received Import Request.
  Time since last request: 0.001598 seconds.
  path: Packages/com.unity.xr.management/Editor/XRCustomLoaderUI.cs
  artifactKey: Guid(81b4aa850da6b0e47be8180dfdbca4f6) Importer(2089858483,b0f066a214c2f5e87bad3c948f4d605d)
Start importing Packages/com.unity.xr.management/Editor/XRCustomLoaderUI.cs using Guid(81b4aa850da6b0e47be8180dfdbca4f6) Importer(2089858483,b0f066a214c2f5e87bad3c948f4d605d) (ScriptedImporter) -> (artifact id: '9acadafcd7b89a5cf454ff2af9938080') in 0.0229295 seconds
Number of updated asset objects reloaded before import = 0Number of asset objects unloaded after import = 0

========================================================================
Received Import Request.
  Time since last request: 0.000165 seconds.
  path: Packages/com.unity.inputsystem/InputSystem/Editor/Icons/d_Touch.png
  artifactKey: Guid(94fa2e214a138425e8afbbe1329e0b55) Importer(2089858483,b0f066a214c2f5e87bad3c948f4d605d)
Start importing Packages/com.unity.inputsystem/InputSystem/Editor/Icons/d_Touch.png using Guid(94fa2e214a138425e8afbbe1329e0b55) Importer(2089858483,b0f066a214c2f5e87bad3c948f4d605d) (ScriptedImporter) -> (artifact id: '222eb41351e4f5b165d512da93bf49aa') in 0.0281007 seconds
Number of updated asset objects reloaded before import = 0Number of asset objects unloaded after import = 1

========================================================================
Received Import Request.
  Time since last request: 0.000038 seconds.
  path: Packages/com.unity.inputsystem/InputSystem/Runtime/InputSystem.cs
  artifactKey: Guid(e1523c5607084617abb64b2ad9cb1f66) Importer(2089858483,b0f066a214c2f5e87bad3c948f4d605d)
Start importing Packages/com.unity.inputsystem/InputSystem/Runtime/InputSystem.cs using Guid(e1523c5607084617abb64b2ad9cb1f66) Importer(2089858483,b0f066a214c2f5e87bad3c948f4d605d) (ScriptedImporter) -> (artifact id: '1f225e6f2b6bf8444ea746cb1cb32615') in 0.0246814 seconds
Number of updated asset objects reloaded before import = 0Number of asset objects unloaded after import = 0

========================================================================
Received Import Request.
  Time since last request: 0.000140 seconds.
  path: Packages/com.unity.modules.ai/package.json
  artifactKey: Guid(f0f13f2ab3d6d13cfc6e4656824bfca8) Importer(2089858483,b0f066a214c2f5e87bad3c948f4d605d)
Start importing Packages/com.unity.modules.ai/package.json using Guid(f0f13f2ab3d6d13cfc6e4656824bfca8) Importer(2089858483,b0f066a214c2f5e87bad3c948f4d605d) (ScriptedImporter) -> (artifact id: '6d10ae2a6f53e941d1ce4b330d85dd2e') in 0.0201654 seconds
Number of updated asset objects reloaded before import = 0Number of asset objects unloaded after import = 1

========================================================================
Received Import Request.
  Time since last request: 0.000545 seconds.
  path: Packages/com.unity.xr.core-utils/Tests/Runtime/Scripts/CustomApproximatePerformanceTest.cs
  artifactKey: Guid(c3ca8b668738d4c438b8005d898233a8) Importer(2089858483,b0f066a214c2f5e87bad3c948f4d605d)
Start importing Packages/com.unity.xr.core-utils/Tests/Runtime/Scripts/CustomApproximatePerformanceTest.cs using Guid(c3ca8b668738d4c438b8005d898233a8) Importer(2089858483,b0f066a214c2f5e87bad3c948f4d605d) (ScriptedImporter) -> (artifact id: 'f4edf2c4050598c072f5fdea4def4948') in 0.0258639 seconds
Number of updated asset objects reloaded before import = 0Number of asset objects unloaded after import = 0

========================================================================
Received Import Request.
  Time since last request: 0.000218 seconds.
  path: Packages/com.unity.xr.arcore/Editor/ARCoreSettings.cs
  artifactKey: Guid(9dae4501572e1418791be3e3bf1f7faa) Importer(2089858483,b0f066a214c2f5e87bad3c948f4d605d)
Start importing Packages/com.unity.xr.arcore/Editor/ARCoreSettings.cs using Guid(9dae4501572e1418791be3e3bf1f7faa) Importer(2089858483,b0f066a214c2f5e87bad3c948f4d605d) (ScriptedImporter) -> (artifact id: '06beaa93e3e8e9f90daa27e571b61955') in 0.0189163 seconds
Number of updated asset objects reloaded before import = 0Number of asset objects unloaded after import = 0

========================================================================
Received Import Request.
  Time since last request: 0.000195 seconds.
  path: Packages/com.unity.xr.arcore/Runtime/PointCloud/ARCoreXRDepthSubsystem.deprecated.cs
  artifactKey: Guid(816b779e44b9e4310a536049fbb6c5e2) Importer(2089858483,b0f066a214c2f5e87bad3c948f4d605d)
Start importing Packages/com.unity.xr.arcore/Runtime/PointCloud/ARCoreXRDepthSubsystem.deprecated.cs using Guid(816b779e44b9e4310a536049fbb6c5e2) Importer(2089858483,b0f066a214c2f5e87bad3c948f4d605d) (ScriptedImporter) -> (artifact id: 'd62feed72d0a575f61fccabb9a6e3a72') in 0.0192001 seconds
Number of updated asset objects reloaded before import = 0Number of asset objects unloaded after import = 0

========================================================================
Received Import Request.
  Time since last request: 0.000097 seconds.
  path: Packages/com.unity.xr.arcore/Tests/Runtime/ARCoreTests.cs
  artifactKey: Guid(7f31090d5f7804531b2e17e2b1a1e043) Importer(2089858483,b0f066a214c2f5e87bad3c948f4d605d)
Start importing Packages/com.unity.xr.arcore/Tests/Runtime/ARCoreTests.cs using Guid(7f31090d5f7804531b2e17e2b1a1e043) Importer(2089858483,b0f066a214c2f5e87bad3c948f4d605d) (ScriptedImporter) -> (artifact id: 'fe11a8adccb0956118612740af50031a') in 0.0175418 seconds
Number of updated asset objects reloaded before import = 0Number of asset objects unloaded after import = 0

========================================================================
Received Import Request.
  Time since last request: 0.000081 seconds.
  path: Packages/com.unity.inputsystem/InputSystem/Editor/Icons/d_Keyboard@2x.png
  artifactKey: Guid(f14e3a4027f834f16b235498ac15bb3f) Importer(2089858483,b0f066a214c2f5e87bad3c948f4d605d)
Start importing Packages/com.unity.inputsystem/InputSystem/Editor/Icons/d_Keyboard@2x.png using Guid(f14e3a4027f834f16b235498ac15bb3f) Importer(2089858483,b0f066a214c2f5e87bad3c948f4d605d) (ScriptedImporter) -> (artifact id: 'a97b35f504a06a2c38f455475bcbd3cc') in 0.0237208 seconds
Number of updated asset objects reloaded before import = 0Number of asset objects unloaded after import = 1

========================================================================
Received Import Request.
  Time since last request: 0.000054 seconds.
  path: Packages/com.unity.xr.management/Editor/XREditorWorkQueue.cs
  artifactKey: Guid(9a8e42857af398b43bb150f17aea738b) Importer(2089858483,b0f066a214c2f5e87bad3c948f4d605d)
Start importing Packages/com.unity.xr.management/Editor/XREditorWorkQueue.cs using Guid(9a8e42857af398b43bb150f17aea738b) Importer(2089858483,b0f066a214c2f5e87bad3c948f4d605d) (ScriptedImporter) -> (artifact id: 'c3a73e30023c1055effb9beb17435ae4') in 0.0187843 seconds
Number of updated asset objects reloaded before import = 0Number of asset objects unloaded after import = 0

========================================================================
Received Import Request.
  Time since last request: 0.000174 seconds.
  path: Packages/com.unity.inputsystem/Tests/IntegrationTests/Unity.InputSystem.IntegrationTests.asmdef
  artifactKey: Guid(3ae5734e49d646442ad24f37762ebdd2) Importer(2089858483,b0f066a214c2f5e87bad3c948f4d605d)
Start importing Packages/com.unity.inputsystem/Tests/IntegrationTests/Unity.InputSystem.IntegrationTests.asmdef using Guid(3ae5734e49d646442ad24f37762ebdd2) Importer(2089858483,b0f066a214c2f5e87bad3c948f4d605d) (ScriptedImporter) -> (artifact id: '9b0b85402193852bdf5832008d3788e1') in 0.0183408 seconds
Number of updated asset objects reloaded before import = 0Number of asset objects unloaded after import = 1

========================================================================
Received Import Request.
  Time since last request: 0.000040 seconds.
  path: Packages/com.unity.xr.arcore/Editor/AssemblyInfo.cs
  artifactKey: Guid(b850c910468a84bdfb8934ee1d277a50) Importer(2089858483,b0f066a214c2f5e87bad3c948f4d605d)
Start importing Packages/com.unity.xr.arcore/Editor/AssemblyInfo.cs using Guid(b850c910468a84bdfb8934ee1d277a50) Importer(2089858483,b0f066a214c2f5e87bad3c948f4d605d) (ScriptedImporter) -> (artifact id: 'cd3c629a5dcd5a16ba15412adf451f0e') in 0.018786 seconds
Number of updated asset objects reloaded before import = 0Number of asset objects unloaded after import = 0

========================================================================
Received Import Request.
  Time since last request: 0.000070 seconds.
  path: Packages/com.unity.xr.arcore/Tests/Runtime/CodeSamples/ARCoreAnchorSubsystemTests.cs
  artifactKey: Guid(b416910eca0d148a38a79f0135b453c1) Importer(2089858483,b0f066a214c2f5e87bad3c948f4d605d)
Start importing Packages/com.unity.xr.arcore/Tests/Runtime/CodeSamples/ARCoreAnchorSubsystemTests.cs using Guid(b416910eca0d148a38a79f0135b453c1) Importer(2089858483,b0f066a214c2f5e87bad3c948f4d605d) (ScriptedImporter) -> (artifact id: '2718f51d3d9b7e7683469b1c2bf3038d') in 0.0165159 seconds
Number of updated asset objects reloaded before import = 0Number of asset objects unloaded after import = 0

========================================================================
Received Import Request.
  Time since last request: 0.000120 seconds.
  path: Packages/com.unity.mathematics/Tests/Tests/Shared/TestUint2x4.gen.cs
  artifactKey: Guid(27ff3548fed6aa741b4d1d7cb7a291e2) Importer(2089858483,b0f066a214c2f5e87bad3c948f4d605d)
Start importing Packages/com.unity.mathematics/Tests/Tests/Shared/TestUint2x4.gen.cs using Guid(27ff3548fed6aa741b4d1d7cb7a291e2) Importer(2089858483,b0f066a214c2f5e87bad3c948f4d605d) (ScriptedImporter) -> (artifact id: 'fd12a28ff1fcb8975c2afc9223e2e319') in 0.0190566 seconds
Number of updated asset objects reloaded before import = 0Number of asset objects unloaded after import = 0

========================================================================
Received Import Request.
  Time since last request: 0.000162 seconds.
  path: Packages/com.unity.inputsystem/InputSystem/Editor/Icons/d_Orientation@4x.png
  artifactKey: Guid(de98baf415a2c4d7dbe0de74cb6e171c) Importer(2089858483,b0f066a214c2f5e87bad3c948f4d605d)
Start importing Packages/com.unity.inputsystem/InputSystem/Editor/Icons/d_Orientation@4x.png using Guid(de98baf415a2c4d7dbe0de74cb6e171c) Importer(2089858483,b0f066a214c2f5e87bad3c948f4d605d) (ScriptedImporter) -> (artifact id: 'c13d890526c55b939551994efaa3318c') in 0.0262341 seconds
Number of updated asset objects reloaded before import = 0Number of asset objects unloaded after import = 1

========================================================================
Received Import Request.
  Time since last request: 0.000056 seconds.
  path: Packages/com.unity.inputsystem/InputSystem/Editor/InputParameterEditor.cs
  artifactKey: Guid(4f7d29e15c49c49499875a6a2378f2a4) Importer(2089858483,b0f066a214c2f5e87bad3c948f4d605d)
Start importing Packages/com.unity.inputsystem/InputSystem/Editor/InputParameterEditor.cs using Guid(4f7d29e15c49c49499875a6a2378f2a4) Importer(2089858483,b0f066a214c2f5e87bad3c948f4d605d) (ScriptedImporter) -> (artifact id: '6d46dabd10b836f737606757e9feebc4') in 0.0259442 seconds
Number of updated asset objects reloaded before import = 0Number of asset objects unloaded after import = 0

========================================================================
Received Import Request.
  Time since last request: 0.000250 seconds.
  path: Packages/com.unity.inputsystem/InputSystem/Editor/Icons/d_ChevronUp@2x.png
  artifactKey: Guid(a89bfcdeffde84e7ebf930d44b695435) Importer(2089858483,b0f066a214c2f5e87bad3c948f4d605d)
Start importing Packages/com.unity.inputsystem/InputSystem/Editor/Icons/d_ChevronUp@2x.png using Guid(a89bfcdeffde84e7ebf930d44b695435) Importer(2089858483,b0f066a214c2f5e87bad3c948f4d605d) (ScriptedImporter) -> (artifact id: 'd30299d25437106a71248b2261da3f67') in 0.0278203 seconds
Number of updated asset objects reloaded before import = 0Number of asset objects unloaded after import = 1

========================================================================
Received Import Request.
  Time since last request: 0.000052 seconds.
  path: Packages/com.unity.inputsystem/InputSystem/Runtime/NativeInputRuntime.cs
  artifactKey: Guid(595b51cc3a67d49dd9168092dc0f6eec) Importer(2089858483,b0f066a214c2f5e87bad3c948f4d605d)
Start importing Packages/com.unity.inputsystem/InputSystem/Runtime/NativeInputRuntime.cs using Guid(595b51cc3a67d49dd9168092dc0f6eec) Importer(2089858483,b0f066a214c2f5e87bad3c948f4d605d) (ScriptedImporter) -> (artifact id: '533d6d4bf0ee1fce4e1ae319c4e4c561') in 0.021613 seconds
Number of updated asset objects reloaded before import = 0Number of asset objects unloaded after import = 0

========================================================================
Received Import Request.
  Time since last request: 0.000158 seconds.
  path: Packages/com.unity.xr.core-utils/Editor/CapabilityProfile/Dictionary/Drawers/CapabilityDictionaryItemDrawer.cs
  artifactKey: Guid(5aa2f9fc26d0dfd4fbb8b05af12e8bd2) Importer(2089858483,b0f066a214c2f5e87bad3c948f4d605d)
Start importing Packages/com.unity.xr.core-utils/Editor/CapabilityProfile/Dictionary/Drawers/CapabilityDictionaryItemDrawer.cs using Guid(5aa2f9fc26d0dfd4fbb8b05af12e8bd2) Importer(2089858483,b0f066a214c2f5e87bad3c948f4d605d) (ScriptedImporter) -> (artifact id: 'c94c243abb30b520ecdcfbf160952834') in 0.0221884 seconds
Number of updated asset objects reloaded before import = 0Number of asset objects unloaded after import = 0

========================================================================
Received Import Request.
  Time since last request: 0.000127 seconds.
  path: Packages/com.unity.xr.arcore/Runtime/ArCameraConfig.cs
  artifactKey: Guid(e6b46f89dba04c0985d256119d55ac5a) Importer(2089858483,b0f066a214c2f5e87bad3c948f4d605d)
Start importing Packages/com.unity.xr.arcore/Runtime/ArCameraConfig.cs using Guid(e6b46f89dba04c0985d256119d55ac5a) Importer(2089858483,b0f066a214c2f5e87bad3c948f4d605d) (ScriptedImporter) -> (artifact id: '20ce5ef35c6e7eeed65776d3708a7b4a') in 0.0184037 seconds
Number of updated asset objects reloaded before import = 0Number of asset objects unloaded after import = 0

========================================================================
Received Import Request.
  Time since last request: 0.000251 seconds.
  path: Packages/com.unity.xr.arcore/Runtime/ArSession.cs
  artifactKey: Guid(ee6dda3c6c8d40ff8aff71e0df052deb) Importer(2089858483,b0f066a214c2f5e87bad3c948f4d605d)
Start importing Packages/com.unity.xr.arcore/Runtime/ArSession.cs using Guid(ee6dda3c6c8d40ff8aff71e0df052deb) Importer(2089858483,b0f066a214c2f5e87bad3c948f4d605d) (ScriptedImporter) -> (artifact id: '72771a08afef4abd323f72e86a3ba342') in 0.0183471 seconds
Number of updated asset objects reloaded before import = 0Number of asset objects unloaded after import = 0

========================================================================
Received Import Request.
  Time since last request: 0.000085 seconds.
  path: Packages/com.unity.xr.management/Editor/TypeLoaderExtensions.cs
  artifactKey: Guid(28c8363a46afc475bb1a7901a0dd2ad2) Importer(2089858483,b0f066a214c2f5e87bad3c948f4d605d)
Start importing Packages/com.unity.xr.management/Editor/TypeLoaderExtensions.cs using Guid(28c8363a46afc475bb1a7901a0dd2ad2) Importer(2089858483,b0f066a214c2f5e87bad3c948f4d605d) (ScriptedImporter) -> (artifact id: '2ddbf030b32f28cd1e22f2228a0256ec') in 0.0260014 seconds
Number of updated asset objects reloaded before import = 0Number of asset objects unloaded after import = 0

========================================================================
Received Import Request.
  Time since last request: 0.000048 seconds.
  path: Packages/com.unity.xr.arcore/Runtime/ARCoreLoaderSettings.cs
  artifactKey: Guid(00cb13c61b2744fd786f9f969ce96149) Importer(2089858483,b0f066a214c2f5e87bad3c948f4d605d)
Start importing Packages/com.unity.xr.arcore/Runtime/ARCoreLoaderSettings.cs using Guid(00cb13c61b2744fd786f9f969ce96149) Importer(2089858483,b0f066a214c2f5e87bad3c948f4d605d) (ScriptedImporter) -> (artifact id: 'a8eedbefa733fd39edb1ed6b8b43c85e') in 0.0220973 seconds
Number of updated asset objects reloaded before import = 0Number of asset objects unloaded after import = 0

========================================================================
Received Prepare
WARNING: Shader Unsupported: 'Hidden/Simulation/URP/Synthetic' - All subshaders removed
WARNING: Shader Did you use #pragma only_renderers and omit this platform?
WARNING: Shader If subshaders removal was intentional, you may have forgotten turning Fallback off?
WARNING: Shader Unsupported: 'Hidden/Simulation/URP/Synthetic' - All subshaders removed
WARNING: Shader Did you use #pragma only_renderers and omit this platform?
WARNING: Shader If subshaders removal was intentional, you may have forgotten turning Fallback off?
WARNING: Shader Unsupported: 'Hidden/Simulation/Synthetic Lit' - All subshaders removed
WARNING: Shader Did you use #pragma only_renderers and omit this platform?
WARNING: Shader If subshaders removal was intentional, you may have forgotten turning Fallback off?
WARNING: Shader Unsupported: 'Hidden/Simulation/Synthetic Lit' - All subshaders removed
WARNING: Shader Did you use #pragma only_renderers and omit this platform?
WARNING: Shader If subshaders removal was intentional, you may have forgotten turning Fallback off?
WARNING: Shader Unsupported: 'Simulation/URP/Room X-Ray' - All subshaders removed
WARNING: Shader Did you use #pragma only_renderers and omit this platform?
WARNING: Shader If subshaders removal was intentional, you may have forgotten turning Fallback off?
WARNING: Shader Unsupported: 'Simulation/URP/Room X-Ray' - All subshaders removed
WARNING: Shader Did you use #pragma only_renderers and omit this platform?
WARNING: Shader If subshaders removal was intentional, you may have forgotten turning Fallback off?
WARNING: Shader Unsupported: 'Simulation/URP/Lit' - All subshaders removed
WARNING: Shader Did you use #pragma only_renderers and omit this platform?
WARNING: Shader If subshaders removal was intentional, you may have forgotten turning Fallback off?
WARNING: Shader Unsupported: 'Simulation/URP/Lit' - All subshaders removed
WARNING: Shader Did you use #pragma only_renderers and omit this platform?
WARNING: Shader If subshaders removal was intentional, you may have forgotten turning Fallback off?
WARNING: Shader Unsupported: 'Simulation/Standard Lit' - All subshaders removed
WARNING: Shader Did you use #pragma only_renderers and omit this platform?
WARNING: Shader If subshaders removal was intentional, you may have forgotten turning Fallback off?
WARNING: Shader Unsupported: 'Simulation/Standard Lit' - All subshaders removed
WARNING: Shader Did you use #pragma only_renderers and omit this platform?
WARNING: Shader If subshaders removal was intentional, you may have forgotten turning Fallback off?
WARNING: Shader Unsupported: 'Simulation/Room X-Ray' - All subshaders removed
WARNING: Shader Did you use #pragma only_renderers and omit this platform?
WARNING: Shader If subshaders removal was intentional, you may have forgotten turning Fallback off?
WARNING: Shader Unsupported: 'Simulation/Room X-Ray' - All subshaders removed
WARNING: Shader Did you use #pragma only_renderers and omit this platform?
WARNING: Shader If subshaders removal was intentional, you may have forgotten turning Fallback off?
Refreshing native plugins compatible for Editor in 5.33 ms, found 3 plugins.
Preloading 0 native plugins for Editor in 0.00 ms.
Unloading 8 Unused Serialized files (Serialized files now loaded: 0)
Unloading 586 unused Assets / (0.8 MB). Loaded Objects now: 3223.
Memory consumption went from 96.4 MB to 95.6 MB.
Total: 15.267800 ms (FindLiveObjects: 0.386800 ms CreateObjectMapping: 0.120700 ms MarkObjects: 13.327000 ms  DeleteObjects: 1.430900 ms)

Prepare: number of updated asset objects reloaded= 0
========================================================================
Received Prepare
WARNING: Shader Unsupported: 'Hidden/Simulation/URP/Synthetic' - All subshaders removed
WARNING: Shader Did you use #pragma only_renderers and omit this platform?
WARNING: Shader If subshaders removal was intentional, you may have forgotten turning Fallback off?
WARNING: Shader Unsupported: 'Hidden/Simulation/URP/Synthetic' - All subshaders removed
WARNING: Shader Did you use #pragma only_renderers and omit this platform?
WARNING: Shader If subshaders removal was intentional, you may have forgotten turning Fallback off?
WARNING: Shader Unsupported: 'Hidden/Simulation/Synthetic Lit' - All subshaders removed
WARNING: Shader Did you use #pragma only_renderers and omit this platform?
WARNING: Shader If subshaders removal was intentional, you may have forgotten turning Fallback off?
WARNING: Shader Unsupported: 'Hidden/Simulation/Synthetic Lit' - All subshaders removed
WARNING: Shader Did you use #pragma only_renderers and omit this platform?
WARNING: Shader If subshaders removal was intentional, you may have forgotten turning Fallback off?
WARNING: Shader Unsupported: 'Simulation/URP/Room X-Ray' - All subshaders removed
WARNING: Shader Did you use #pragma only_renderers and omit this platform?
WARNING: Shader If subshaders removal was intentional, you may have forgotten turning Fallback off?
WARNING: Shader Unsupported: 'Simulation/URP/Room X-Ray' - All subshaders removed
WARNING: Shader Did you use #pragma only_renderers and omit this platform?
WARNING: Shader If subshaders removal was intentional, you may have forgotten turning Fallback off?
WARNING: Shader Unsupported: 'Simulation/URP/Lit' - All subshaders removed
WARNING: Shader Did you use #pragma only_renderers and omit this platform?
WARNING: Shader If subshaders removal was intentional, you may have forgotten turning Fallback off?
WARNING: Shader Unsupported: 'Simulation/URP/Lit' - All subshaders removed
WARNING: Shader Did you use #pragma only_renderers and omit this platform?
WARNING: Shader If subshaders removal was intentional, you may have forgotten turning Fallback off?
WARNING: Shader Unsupported: 'Simulation/Standard Lit' - All subshaders removed
WARNING: Shader Did you use #pragma only_renderers and omit this platform?
WARNING: Shader If subshaders removal was intentional, you may have forgotten turning Fallback off?
WARNING: Shader Unsupported: 'Simulation/Standard Lit' - All subshaders removed
WARNING: Shader Did you use #pragma only_renderers and omit this platform?
WARNING: Shader If subshaders removal was intentional, you may have forgotten turning Fallback off?
WARNING: Shader Unsupported: 'Simulation/Room X-Ray' - All subshaders removed
WARNING: Shader Did you use #pragma only_renderers and omit this platform?
WARNING: Shader If subshaders removal was intentional, you may have forgotten turning Fallback off?
WARNING: Shader Unsupported: 'Simulation/Room X-Ray' - All subshaders removed
WARNING: Shader Did you use #pragma only_renderers and omit this platform?
WARNING: Shader If subshaders removal was intentional, you may have forgotten turning Fallback off?
Refreshing native plugins compatible for Editor in 4.61 ms, found 3 plugins.
Preloading 0 native plugins for Editor in 0.00 ms.
Unloading 8 Unused Serialized files (Serialized files now loaded: 0)
Unloading 8 unused Assets / (492.4 KB). Loaded Objects now: 3223.
Memory consumption went from 95.8 MB to 95.3 MB.
Total: 15.785700 ms (FindLiveObjects: 0.486400 ms CreateObjectMapping: 0.185800 ms MarkObjects: 13.956300 ms  DeleteObjects: 1.152900 ms)

Prepare: number of updated asset objects reloaded= 0
========================================================================
Received Import Request.
  Time since last request: 5.039474 seconds.
  path: Packages/com.unity.inputsystem/InputSystem/Editor/Icons/InputControl@2x.png
  artifactKey: Guid(62ce957ca99fe4fcba573a5b141eb113) Importer(2089858483,b0f066a214c2f5e87bad3c948f4d605d)
Start importing Packages/com.unity.inputsystem/InputSystem/Editor/Icons/InputControl@2x.png using Guid(62ce957ca99fe4fcba573a5b141eb113) Importer(2089858483,b0f066a214c2f5e87bad3c948f4d605d) (ScriptedImporter) -> (artifact id: 'ca59bbd8522adc92bf3035f4978109a1') in 0.0277246 seconds
Number of updated asset objects reloaded before import = 0Number of asset objects unloaded after import = 1

========================================================================
Received Import Request.
  Time since last request: 0.000050 seconds.
  path: Packages/com.unity.inputsystem/InputSystem/Editor/PropertyDrawers/InputActionReferenceSearchProviders.cs
  artifactKey: Guid(baaf1bd005134bc6825c06f3510c6643) Importer(2089858483,b0f066a214c2f5e87bad3c948f4d605d)
Start importing Packages/com.unity.inputsystem/InputSystem/Editor/PropertyDrawers/InputActionReferenceSearchProviders.cs using Guid(baaf1bd005134bc6825c06f3510c6643) Importer(2089858483,b0f066a214c2f5e87bad3c948f4d605d) (ScriptedImporter) -> (artifact id: '6328b7a6d04cdb883b7e67f7b0890a94') in 0.0208328 seconds
Number of updated asset objects reloaded before import = 0Number of asset objects unloaded after import = 0

========================================================================
Received Import Request.
  Time since last request: 0.000129 seconds.
  path: Packages/com.unity.inputsystem/InputSystem/Runtime/Utilities/TypeTable.cs
  artifactKey: Guid(3ec5135f9c8612d42a83f87500580afa) Importer(2089858483,b0f066a214c2f5e87bad3c948f4d605d)
Start importing Packages/com.unity.inputsystem/InputSystem/Runtime/Utilities/TypeTable.cs using Guid(3ec5135f9c8612d42a83f87500580afa) Importer(2089858483,b0f066a214c2f5e87bad3c948f4d605d) (ScriptedImporter) -> (artifact id: 'ec1b11e7b11c651e2183160abf0548d4') in 0.022579 seconds
Number of updated asset objects reloaded before import = 0Number of asset objects unloaded after import = 0

========================================================================
Received Import Request.
  Time since last request: 0.000153 seconds.
  path: Packages/com.unity.xr.management/Editor/AndroidManifest/AndroidManifestBuildEventReceiver.cs
  artifactKey: Guid(d19006cf3476fe8418e1018605a8ef99) Importer(2089858483,b0f066a214c2f5e87bad3c948f4d605d)
Start importing Packages/com.unity.xr.management/Editor/AndroidManifest/AndroidManifestBuildEventReceiver.cs using Guid(d19006cf3476fe8418e1018605a8ef99) Importer(2089858483,b0f066a214c2f5e87bad3c948f4d605d) (ScriptedImporter) -> (artifact id: '4431818b63d55c50d873f9ed78559e29') in 0.0457743 seconds
Number of updated asset objects reloaded before import = 0Number of asset objects unloaded after import = 0

========================================================================
Received Import Request.
  Time since last request: 0.000097 seconds.
  path: Packages/com.unity.ide.rider/CONTRIBUTING.md
  artifactKey: Guid(5e83f8baac96eaa47bdd9ca781cd2002) Importer(2089858483,b0f066a214c2f5e87bad3c948f4d605d)
Start importing Packages/com.unity.ide.rider/CONTRIBUTING.md using Guid(5e83f8baac96eaa47bdd9ca781cd2002) Importer(2089858483,b0f066a214c2f5e87bad3c948f4d605d) (ScriptedImporter) -> (artifact id: '57d9f9e162d887f5de9a5248e8f1625d') in 0.0270118 seconds
Number of updated asset objects reloaded before import = 0Number of asset objects unloaded after import = 1

========================================================================
Received Import Request.
  Time since last request: 0.000088 seconds.
  path: Packages/com.unity.xr.management/Runtime/Unity.XR.Management.asmdef
  artifactKey: Guid(e40ba710768534012815d3193fa296cb) Importer(2089858483,b0f066a214c2f5e87bad3c948f4d605d)
Start importing Packages/com.unity.xr.management/Runtime/Unity.XR.Management.asmdef using Guid(e40ba710768534012815d3193fa296cb) Importer(2089858483,b0f066a214c2f5e87bad3c948f4d605d) (ScriptedImporter) -> (artifact id: '63fa2acab796a5510eeccabf78793b8c') in 0.0265516 seconds
Number of updated asset objects reloaded before import = 0Number of asset objects unloaded after import = 1

========================================================================
Received Import Request.
  Time since last request: 0.000307 seconds.
  path: Packages/com.unity.xr.management/Tests/Runtime/RuntimeTests.cs
  artifactKey: Guid(4125b72fb8d964ddd9e2d704725a7cbc) Importer(2089858483,b0f066a214c2f5e87bad3c948f4d605d)
Start importing Packages/com.unity.xr.management/Tests/Runtime/RuntimeTests.cs using Guid(4125b72fb8d964ddd9e2d704725a7cbc) Importer(2089858483,b0f066a214c2f5e87bad3c948f4d605d) (ScriptedImporter) -> (artifact id: 'df04dbaae675acf1c04febeb1c36af66') in 0.0220253 seconds
Number of updated asset objects reloaded before import = 0Number of asset objects unloaded after import = 0

========================================================================
Received Import Request.
  Time since last request: 0.000069 seconds.
  path: Packages/com.unity.ide.rider/Rider/Editor/RiderScriptEditorDataPersisted.cs
  artifactKey: Guid(bc3a27147f944790916176e2172ad506) Importer(2089858483,b0f066a214c2f5e87bad3c948f4d605d)
Start importing Packages/com.unity.ide.rider/Rider/Editor/RiderScriptEditorDataPersisted.cs using Guid(bc3a27147f944790916176e2172ad506) Importer(2089858483,b0f066a214c2f5e87bad3c948f4d605d) (ScriptedImporter) -> (artifact id: '888c65ea2a504c733e9f08e7b5b6f604') in 0.0249216 seconds
Number of updated asset objects reloaded before import = 0Number of asset objects unloaded after import = 0

========================================================================
Received Import Request.
  Time since last request: 0.000049 seconds.
  path: Packages/com.unity.ide.rider/Rider/Editor/ProjectGeneration/GUIDProvider.cs
  artifactKey: Guid(8cfde1a59fb35574189691a9de1df93b) Importer(2089858483,b0f066a214c2f5e87bad3c948f4d605d)
Start importing Packages/com.unity.ide.rider/Rider/Editor/ProjectGeneration/GUIDProvider.cs using Guid(8cfde1a59fb35574189691a9de1df93b) Importer(2089858483,b0f066a214c2f5e87bad3c948f4d605d) (ScriptedImporter) -> (artifact id: 'e40737fae11b3a16d693997db1bb3d4a') in 0.026767 seconds
Number of updated asset objects reloaded before import = 0Number of asset objects unloaded after import = 0

========================================================================
Received Import Request.
  Time since last request: 0.000112 seconds.
  path: Packages/com.unity.ide.rider/Rider/Editor/PostProcessors/RiderAssetPostprocessor.cs
  artifactKey: Guid(45471ad7b8c1f964da5e3c07d57fbf4f) Importer(2089858483,b0f066a214c2f5e87bad3c948f4d605d)
Start importing Packages/com.unity.ide.rider/Rider/Editor/PostProcessors/RiderAssetPostprocessor.cs using Guid(45471ad7b8c1f964da5e3c07d57fbf4f) Importer(2089858483,b0f066a214c2f5e87bad3c948f4d605d) (ScriptedImporter) -> (artifact id: '8d8de794fec8d92d27b82102b7a59a89') in 0.0337645 seconds
Number of updated asset objects reloaded before import = 0Number of asset objects unloaded after import = 0

========================================================================
Received Import Request.
  Time since last request: 0.000156 seconds.
  path: Packages/com.unity.modules.particlesystem/package.ModuleCompilationTrigger
  artifactKey: Guid(17f093324b67f5bd57e55b546736750e) Importer(2089858483,b0f066a214c2f5e87bad3c948f4d605d)
Start importing Packages/com.unity.modules.particlesystem/package.ModuleCompilationTrigger using Guid(17f093324b67f5bd57e55b546736750e) Importer(2089858483,b0f066a214c2f5e87bad3c948f4d605d) (ScriptedImporter) -> (artifact id: 'cafd560c582b3ac2ca47c4c85067f30f') in 0.0296916 seconds
Number of updated asset objects reloaded before import = 0Number of asset objects unloaded after import = 1

========================================================================
Received Import Request.
  Time since last request: 0.000049 seconds.
  path: Packages/com.unity.xr.management/Runtime/IXRLoaderPreInit.cs
  artifactKey: Guid(fdb1d409e9083354e829d5669fe6f6ad) Importer(2089858483,b0f066a214c2f5e87bad3c948f4d605d)
Start importing Packages/com.unity.xr.management/Runtime/IXRLoaderPreInit.cs using Guid(fdb1d409e9083354e829d5669fe6f6ad) Importer(2089858483,b0f066a214c2f5e87bad3c948f4d605d) (ScriptedImporter) -> (artifact id: '257d8a5562c8117bd849b84c2c1226a2') in 0.039047 seconds
Number of updated asset objects reloaded before import = 0Number of asset objects unloaded after import = 0

========================================================================
Received Import Request.
  Time since last request: 0.000314 seconds.
  path: Packages/com.unity.ide.rider/Rider/Editor/ProjectGeneration/IFileIO.cs
  artifactKey: Guid(1bdab5b8331b4506bf4eae379235c053) Importer(2089858483,b0f066a214c2f5e87bad3c948f4d605d)
Start importing Packages/com.unity.ide.rider/Rider/Editor/ProjectGeneration/IFileIO.cs using Guid(1bdab5b8331b4506bf4eae379235c053) Importer(2089858483,b0f066a214c2f5e87bad3c948f4d605d) (ScriptedImporter) -> (artifact id: '0c39148c8201ac9fd1d5549bece73206') in 0.0403512 seconds
Number of updated asset objects reloaded before import = 0Number of asset objects unloaded after import = 0

========================================================================
Received Import Request.
  Time since last request: 0.000205 seconds.
  path: Packages/com.unity.inputsystem/InputSystem/Runtime/Actions/IInputActionCollection.cs
  artifactKey: Guid(0e297b4219a224ba5bcb4f9293e26ea9) Importer(2089858483,b0f066a214c2f5e87bad3c948f4d605d)
Start importing Packages/com.unity.inputsystem/InputSystem/Runtime/Actions/IInputActionCollection.cs using Guid(0e297b4219a224ba5bcb4f9293e26ea9) Importer(2089858483,b0f066a214c2f5e87bad3c948f4d605d) (ScriptedImporter) -> (artifact id: 'a2522491c2e47787ecf7fd491302c816') in 0.0380248 seconds
Number of updated asset objects reloaded before import = 0Number of asset objects unloaded after import = 0

========================================================================
Received Import Request.
  Time since last request: 0.000077 seconds.
  path: Packages/com.unity.inputsystem/InputSystem/Runtime/Actions/InputActionChange.cs
  artifactKey: Guid(c77cd15ef9ca14d3e928d192049c276d) Importer(2089858483,b0f066a214c2f5e87bad3c948f4d605d)
Start importing Packages/com.unity.inputsystem/InputSystem/Runtime/Actions/InputActionChange.cs using Guid(c77cd15ef9ca14d3e928d192049c276d) Importer(2089858483,b0f066a214c2f5e87bad3c948f4d605d) (ScriptedImporter) -> (artifact id: '7e3b7ee508959602923bd33aadeea618') in 0.0271813 seconds
Number of updated asset objects reloaded before import = 0Number of asset objects unloaded after import = 0

========================================================================
Received Import Request.
  Time since last request: 0.000185 seconds.
  path: Packages/com.unity.inputsystem/InputSystem/Runtime/State/IInputStateTypeInfo.cs
  artifactKey: Guid(bdf4b325f88d407f9013b427a6b33c58) Importer(2089858483,b0f066a214c2f5e87bad3c948f4d605d)
Start importing Packages/com.unity.inputsystem/InputSystem/Runtime/State/IInputStateTypeInfo.cs using Guid(bdf4b325f88d407f9013b427a6b33c58) Importer(2089858483,b0f066a214c2f5e87bad3c948f4d605d) (ScriptedImporter) -> (artifact id: '3a6e5ae76c360d8974419459ff15c113') in 0.0272479 seconds
Number of updated asset objects reloaded before import = 0Number of asset objects unloaded after import = 0

========================================================================
Received Import Request.
  Time since last request: 0.001483 seconds.
  path: Packages/com.unity.inputsystem/InputSystem/Runtime/Devices/Mouse.cs
  artifactKey: Guid(d472007a1b9243feb0043606b73288cd) Importer(2089858483,b0f066a214c2f5e87bad3c948f4d605d)
Start importing Packages/com.unity.inputsystem/InputSystem/Runtime/Devices/Mouse.cs using Guid(d472007a1b9243feb0043606b73288cd) Importer(2089858483,b0f066a214c2f5e87bad3c948f4d605d) (ScriptedImporter) -> (artifact id: '2513b3bd0fb12e0c5d3e3746d9bd7ffe') in 0.030618 seconds
Number of updated asset objects reloaded before import = 0Number of asset objects unloaded after import = 0

========================================================================
Received Import Request.
  Time since last request: 0.000476 seconds.
  path: Packages/com.unity.inputsystem/InputSystem/Runtime/Events/InputEventBuffer.cs
  artifactKey: Guid(fa7997ba71d7b476799fab3d063b7e6c) Importer(2089858483,b0f066a214c2f5e87bad3c948f4d605d)
Start importing Packages/com.unity.inputsystem/InputSystem/Runtime/Events/InputEventBuffer.cs using Guid(fa7997ba71d7b476799fab3d063b7e6c) Importer(2089858483,b0f066a214c2f5e87bad3c948f4d605d) (ScriptedImporter) -> (artifact id: 'ec529eaaeda28310eb870563d26b5427') in 0.0252881 seconds
Number of updated asset objects reloaded before import = 0Number of asset objects unloaded after import = 0

========================================================================
Received Import Request.
  Time since last request: 0.000307 seconds.
  path: Packages/com.unity.inputsystem/InputSystem/Runtime/Controls/InputProcessor.cs
  artifactKey: Guid(c79fd316c31a2402692c908865404608) Importer(2089858483,b0f066a214c2f5e87bad3c948f4d605d)
Start importing Packages/com.unity.inputsystem/InputSystem/Runtime/Controls/InputProcessor.cs using Guid(c79fd316c31a2402692c908865404608) Importer(2089858483,b0f066a214c2f5e87bad3c948f4d605d) (ScriptedImporter) -> (artifact id: 'ef8004ca826568f50d0563e789e294dc') in 0.0254402 seconds
Number of updated asset objects reloaded before import = 0Number of asset objects unloaded after import = 0

========================================================================
Received Import Request.
  Time since last request: 0.000210 seconds.
  path: Packages/com.unity.ide.rider/Rider/Editor/LoggingLevel.cs
  artifactKey: Guid(71bb46b59a9a7a346bbab1e185c723df) Importer(2089858483,b0f066a214c2f5e87bad3c948f4d605d)
Start importing Packages/com.unity.ide.rider/Rider/Editor/LoggingLevel.cs using Guid(71bb46b59a9a7a346bbab1e185c723df) Importer(2089858483,b0f066a214c2f5e87bad3c948f4d605d) (ScriptedImporter) -> (artifact id: 'b6f5831cc4a1403a85229c6fa03ddde8') in 0.0281475 seconds
Number of updated asset objects reloaded before import = 0Number of asset objects unloaded after import = 0

========================================================================
Received Import Request.
  Time since last request: 0.000058 seconds.
  path: Packages/com.unity.ide.rider/Rider/Editor/Properties/AssemblyInfo.cs
  artifactKey: Guid(8472c6472e6d4301873871a9e8fcf952) Importer(2089858483,b0f066a214c2f5e87bad3c948f4d605d)
Start importing Packages/com.unity.ide.rider/Rider/Editor/Properties/AssemblyInfo.cs using Guid(8472c6472e6d4301873871a9e8fcf952) Importer(2089858483,b0f066a214c2f5e87bad3c948f4d605d) (ScriptedImporter) -> (artifact id: '3dc1321da52f0be19a8546fa45179cd6') in 0.0233661 seconds
Number of updated asset objects reloaded before import = 0Number of asset objects unloaded after import = 0

========================================================================
Received Import Request.
  Time since last request: 0.000312 seconds.
  path: Packages/com.unity.xr.management/Tests/StandaloneSubsystem/StandaloneSubsystem.cs
  artifactKey: Guid(24f65cd604fa73e4e9dbaa12d1b335e9) Importer(2089858483,b0f066a214c2f5e87bad3c948f4d605d)
Start importing Packages/com.unity.xr.management/Tests/StandaloneSubsystem/StandaloneSubsystem.cs using Guid(24f65cd604fa73e4e9dbaa12d1b335e9) Importer(2089858483,b0f066a214c2f5e87bad3c948f4d605d) (ScriptedImporter) -> (artifact id: '8cb8acdbda29c96f4b3e9b89c356925f') in 0.0246559 seconds
Number of updated asset objects reloaded before import = 0Number of asset objects unloaded after import = 0

========================================================================
Received Import Request.
  Time since last request: 0.000060 seconds.
  path: Packages/com.unity.inputsystem/InputSystem/Runtime/Actions/InputActionProperty.cs
  artifactKey: Guid(0c43a6876f1eb4fdf8b9dc2fee926776) Importer(2089858483,b0f066a214c2f5e87bad3c948f4d605d)
Start importing Packages/com.unity.inputsystem/InputSystem/Runtime/Actions/InputActionProperty.cs using Guid(0c43a6876f1eb4fdf8b9dc2fee926776) Importer(2089858483,b0f066a214c2f5e87bad3c948f4d605d) (ScriptedImporter) -> (artifact id: 'c3be3b05f082762ad65a186296068478') in 0.0266059 seconds
Number of updated asset objects reloaded before import = 0Number of asset objects unloaded after import = 0

========================================================================
Received Import Request.
  Time since last request: 0.000241 seconds.
  path: Packages/com.unity.ide.rider/Rider/Editor/ProjectGeneration/AssemblyNameProvider.cs
  artifactKey: Guid(56c8c6e437b14f8e9a91e9832c11bc1a) Importer(2089858483,b0f066a214c2f5e87bad3c948f4d605d)
Start importing Packages/com.unity.ide.rider/Rider/Editor/ProjectGeneration/AssemblyNameProvider.cs using Guid(56c8c6e437b14f8e9a91e9832c11bc1a) Importer(2089858483,b0f066a214c2f5e87bad3c948f4d605d) (ScriptedImporter) -> (artifact id: '0371d761854eb6ebaf4fafc5439c9817') in 0.0282962 seconds
Number of updated asset objects reloaded before import = 0Number of asset objects unloaded after import = 0

========================================================================
Received Import Request.
  Time since last request: 0.000470 seconds.
  path: Packages/com.unity.inputsystem/InputSystem/Editor/Icons/Stick@3x.png
  artifactKey: Guid(a4deca3e01bf64bfc9136f4cb3b41c9f) Importer(2089858483,b0f066a214c2f5e87bad3c948f4d605d)
Start importing Packages/com.unity.inputsystem/InputSystem/Editor/Icons/Stick@3x.png using Guid(a4deca3e01bf64bfc9136f4cb3b41c9f) Importer(2089858483,b0f066a214c2f5e87bad3c948f4d605d) (ScriptedImporter) -> (artifact id: 'd2adbbf689621f288129038602d631b8') in 0.0407324 seconds
Number of updated asset objects reloaded before import = 0Number of asset objects unloaded after import = 1

========================================================================
Received Import Request.
  Time since last request: 0.000243 seconds.
  path: Packages/com.unity.inputsystem/InputSystem/Runtime/Controls/DoubleControl.cs
  artifactKey: Guid(72251f49d44478b4c93462938d7ce4cf) Importer(2089858483,b0f066a214c2f5e87bad3c948f4d605d)
Start importing Packages/com.unity.inputsystem/InputSystem/Runtime/Controls/DoubleControl.cs using Guid(72251f49d44478b4c93462938d7ce4cf) Importer(2089858483,b0f066a214c2f5e87bad3c948f4d605d) (ScriptedImporter) -> (artifact id: 'bd960111f5a605ac50a840cd455363cd') in 0.0264446 seconds
Number of updated asset objects reloaded before import = 0Number of asset objects unloaded after import = 0

========================================================================
Received Import Request.
  Time since last request: 0.000346 seconds.
  path: Packages/com.unity.inputsystem/InputSystem/Runtime/Utilities/PrimitiveValue.cs
  artifactKey: Guid(455d9bc907fb62d44a2195e53ff7c0b7) Importer(2089858483,b0f066a214c2f5e87bad3c948f4d605d)
Start importing Packages/com.unity.inputsystem/InputSystem/Runtime/Utilities/PrimitiveValue.cs using Guid(455d9bc907fb62d44a2195e53ff7c0b7) Importer(2089858483,b0f066a214c2f5e87bad3c948f4d605d) (ScriptedImporter) -> (artifact id: '234a2a8acfa9bb17021c57b1eb130512') in 0.0269863 seconds
Number of updated asset objects reloaded before import = 0Number of asset objects unloaded after import = 0

========================================================================
Received Import Request.
  Time since last request: 0.000313 seconds.
  path: Packages/com.unity.ide.rider/Rider/Editor/ProjectGeneration/ProjectPart.cs
  artifactKey: Guid(0691c2fe40564a64b3a9b7372c5eca2a) Importer(2089858483,b0f066a214c2f5e87bad3c948f4d605d)
Start importing Packages/com.unity.ide.rider/Rider/Editor/ProjectGeneration/ProjectPart.cs using Guid(0691c2fe40564a64b3a9b7372c5eca2a) Importer(2089858483,b0f066a214c2f5e87bad3c948f4d605d) (ScriptedImporter) -> (artifact id: '98975eb6f5a319f255d00a6d0ac874e6') in 0.0290732 seconds
Number of updated asset objects reloaded before import = 0Number of asset objects unloaded after import = 0

========================================================================
Received Import Request.
  Time since last request: 0.000164 seconds.
  path: Packages/com.unity.inputsystem/InputSystem/Editor/AssetEditor/PackageResources/yellow.png
  artifactKey: Guid(47cf506b4219343519083fe1c0b8fc9c) Importer(2089858483,b0f066a214c2f5e87bad3c948f4d605d)
Start importing Packages/com.unity.inputsystem/InputSystem/Editor/AssetEditor/PackageResources/yellow.png using Guid(47cf506b4219343519083fe1c0b8fc9c) Importer(2089858483,b0f066a214c2f5e87bad3c948f4d605d) (ScriptedImporter) -> (artifact id: '5f6529f247d347cf9815ce5af39f4638') in 0.0361519 seconds
Number of updated asset objects reloaded before import = 0Number of asset objects unloaded after import = 1

========================================================================
Received Import Request.
  Time since last request: 0.000194 seconds.
  path: Packages/com.unity.inputsystem/InputSystem/Editor/Icons/Touch@2x.png
  artifactKey: Guid(82073a8bfd6b8488a89b8796d500d12d) Importer(2089858483,b0f066a214c2f5e87bad3c948f4d605d)
Start importing Packages/com.unity.inputsystem/InputSystem/Editor/Icons/Touch@2x.png using Guid(82073a8bfd6b8488a89b8796d500d12d) Importer(2089858483,b0f066a214c2f5e87bad3c948f4d605d) (ScriptedImporter) -> (artifact id: 'c475189bb590508f50d504e32160115d') in 0.0300374 seconds
Number of updated asset objects reloaded before import = 0Number of asset objects unloaded after import = 1

========================================================================
Received Import Request.
  Time since last request: 0.000037 seconds.
  path: Packages/com.unity.xr.management/Editor/XRSupportedBuildTargetAttribute.cs
  artifactKey: Guid(573bb802f55a06c4fb7f19db9a003f62) Importer(2089858483,b0f066a214c2f5e87bad3c948f4d605d)
Start importing Packages/com.unity.xr.management/Editor/XRSupportedBuildTargetAttribute.cs using Guid(573bb802f55a06c4fb7f19db9a003f62) Importer(2089858483,b0f066a214c2f5e87bad3c948f4d605d) (ScriptedImporter) -> (artifact id: '8caa563bbafd14290fe4c35ea28c6f7f') in 0.0225011 seconds
Number of updated asset objects reloaded before import = 0Number of asset objects unloaded after import = 0

========================================================================
Received Import Request.
  Time since last request: 0.000209 seconds.
  path: Packages/com.unity.inputsystem/InputSystem/Editor/UITKAssetEditor/InputActionsEditorSettingsProvider.cs
  artifactKey: Guid(18d3e83390dcd6349b3086b9f70391b9) Importer(2089858483,b0f066a214c2f5e87bad3c948f4d605d)
Start importing Packages/com.unity.inputsystem/InputSystem/Editor/UITKAssetEditor/InputActionsEditorSettingsProvider.cs using Guid(18d3e83390dcd6349b3086b9f70391b9) Importer(2089858483,b0f066a214c2f5e87bad3c948f4d605d) (ScriptedImporter) -> (artifact id: '432b0849af4135b32f08b6657e39a35b') in 0.02182 seconds
Number of updated asset objects reloaded before import = 0Number of asset objects unloaded after import = 0

========================================================================
Received Import Request.
  Time since last request: 0.000201 seconds.
  path: Packages/com.unity.inputsystem/InputSystem/Editor/AssetEditor/PackageResources/blue.png
  artifactKey: Guid(33f32142c2c2d4662be5f5274db27158) Importer(2089858483,b0f066a214c2f5e87bad3c948f4d605d)
Start importing Packages/com.unity.inputsystem/InputSystem/Editor/AssetEditor/PackageResources/blue.png using Guid(33f32142c2c2d4662be5f5274db27158) Importer(2089858483,b0f066a214c2f5e87bad3c948f4d605d) (ScriptedImporter) -> (artifact id: 'fc1531bc5da25348827d83a0d67fb810') in 0.0311529 seconds
Number of updated asset objects reloaded before import = 0Number of asset objects unloaded after import = 1

========================================================================
Received Import Request.
  Time since last request: 0.000046 seconds.
  path: Packages/com.unity.xr.management/Editor/AndroidManifest/AndroidManifestProcessor.cs
  artifactKey: Guid(a1797bfd7905e844ab00f68dca3ed050) Importer(2089858483,b0f066a214c2f5e87bad3c948f4d605d)
Start importing Packages/com.unity.xr.management/Editor/AndroidManifest/AndroidManifestProcessor.cs using Guid(a1797bfd7905e844ab00f68dca3ed050) Importer(2089858483,b0f066a214c2f5e87bad3c948f4d605d) (ScriptedImporter) -> (artifact id: '802f822b08db582eb85ce6f12dc38967') in 0.0407129 seconds
Number of updated asset objects reloaded before import = 0Number of asset objects unloaded after import = 0

========================================================================
Received Import Request.
  Time since last request: 0.001266 seconds.
  path: Packages/com.unity.inputsystem/InputSystem/Runtime/Devices/Touchscreen.cs
  artifactKey: Guid(ade00164ed474391ba591b362f77149f) Importer(2089858483,b0f066a214c2f5e87bad3c948f4d605d)
Start importing Packages/com.unity.inputsystem/InputSystem/Runtime/Devices/Touchscreen.cs using Guid(ade00164ed474391ba591b362f77149f) Importer(2089858483,b0f066a214c2f5e87bad3c948f4d605d) (ScriptedImporter) -> (artifact id: '44e7803a479475397384622661c346f1') in 0.0303238 seconds
Number of updated asset objects reloaded before import = 0Number of asset objects unloaded after import = 0

========================================================================
Received Import Request.
  Time since last request: 0.000164 seconds.
  path: Packages/com.unity.ide.rider/LICENSE.md
  artifactKey: Guid(5598b14661b5f4c43bed757f34b6d172) Importer(2089858483,b0f066a214c2f5e87bad3c948f4d605d)
Start importing Packages/com.unity.ide.rider/LICENSE.md using Guid(5598b14661b5f4c43bed757f34b6d172) Importer(2089858483,b0f066a214c2f5e87bad3c948f4d605d) (ScriptedImporter) -> (artifact id: 'a16ed8f73092bc7f364b93a545755d33') in 0.0277862 seconds
Number of updated asset objects reloaded before import = 0Number of asset objects unloaded after import = 1

========================================================================
Received Import Request.
  Time since last request: 0.000085 seconds.
  path: Packages/com.unity.xr.management/Editor/XRSettingsManager.cs
  artifactKey: Guid(b7d676d740a0644c0870d6d689136546) Importer(2089858483,b0f066a214c2f5e87bad3c948f4d605d)
Start importing Packages/com.unity.xr.management/Editor/XRSettingsManager.cs using Guid(b7d676d740a0644c0870d6d689136546) Importer(2089858483,b0f066a214c2f5e87bad3c948f4d605d) (ScriptedImporter) -> (artifact id: '2ed4abd879aa28d779807a858bb93bc1') in 0.0327148 seconds
Number of updated asset objects reloaded before import = 0Number of asset objects unloaded after import = 0

========================================================================
Received Import Request.
  Time since last request: 0.001142 seconds.
  path: Packages/com.unity.inputsystem/InputSystem/Editor/Internal/SerializedPropertyLinqExtensions.cs
  artifactKey: Guid(c018e4b76d0cd35459e780d36eb69c45) Importer(2089858483,b0f066a214c2f5e87bad3c948f4d605d)
Start importing Packages/com.unity.inputsystem/InputSystem/Editor/Internal/SerializedPropertyLinqExtensions.cs using Guid(c018e4b76d0cd35459e780d36eb69c45) Importer(2089858483,b0f066a214c2f5e87bad3c948f4d605d) (ScriptedImporter) -> (artifact id: '227ec19cdfcc8b43c835f84fd8ae843a') in 0.0278885 seconds
Number of updated asset objects reloaded before import = 0Number of asset objects unloaded after import = 0

========================================================================
Received Import Request.
  Time since last request: 0.000071 seconds.
  path: Packages/com.unity.inputsystem/InputSystem/Runtime/Devices/IEventPreProcessor.cs
  artifactKey: Guid(0be28dce931f40f8a48953c52e03d5d7) Importer(2089858483,b0f066a214c2f5e87bad3c948f4d605d)
Start importing Packages/com.unity.inputsystem/InputSystem/Runtime/Devices/IEventPreProcessor.cs using Guid(0be28dce931f40f8a48953c52e03d5d7) Importer(2089858483,b0f066a214c2f5e87bad3c948f4d605d) (ScriptedImporter) -> (artifact id: 'a1cf157f70760475cde2526ef0ae4160') in 0.0260889 seconds
Number of updated asset objects reloaded before import = 0Number of asset objects unloaded after import = 0

========================================================================
Received Import Request.
  Time since last request: 0.000279 seconds.
  path: Packages/com.unity.inputsystem/InputSystem/Editor/Icons/Mouse@3x.png
  artifactKey: Guid(05bbafd21bf3c4cca93cb8ddfbbd4070) Importer(2089858483,b0f066a214c2f5e87bad3c948f4d605d)
Start importing Packages/com.unity.inputsystem/InputSystem/Editor/Icons/Mouse@3x.png using Guid(05bbafd21bf3c4cca93cb8ddfbbd4070) Importer(2089858483,b0f066a214c2f5e87bad3c948f4d605d) (ScriptedImporter) -> (artifact id: 'dd09479e3ce451745f99ea36eed080f7') in 0.0512393 seconds
Number of updated asset objects reloaded before import = 0Number of asset objects unloaded after import = 1

========================================================================
Received Import Request.
  Time since last request: 0.000050 seconds.
  path: Packages/com.unity.inputsystem/InputSystem/Runtime/Utilities/JsonParser.cs
  artifactKey: Guid(9e082355c53c54d19a09c1d4f7629360) Importer(2089858483,b0f066a214c2f5e87bad3c948f4d605d)
Start importing Packages/com.unity.inputsystem/InputSystem/Runtime/Utilities/JsonParser.cs using Guid(9e082355c53c54d19a09c1d4f7629360) Importer(2089858483,b0f066a214c2f5e87bad3c948f4d605d) (ScriptedImporter) -> (artifact id: 'c52d7212fce1636d6c4c2b18a6d83bc7') in 0.0324411 seconds
Number of updated asset objects reloaded before import = 0Number of asset objects unloaded after import = 0

========================================================================
Received Import Request.
  Time since last request: 0.001258 seconds.
  path: Packages/com.unity.xr.management/Tests/TestTooling/Unity.XR.TestSupport.asmdef
  artifactKey: Guid(174dd372073128d46a2d10d2daaf414f) Importer(2089858483,b0f066a214c2f5e87bad3c948f4d605d)
Start importing Packages/com.unity.xr.management/Tests/TestTooling/Unity.XR.TestSupport.asmdef using Guid(174dd372073128d46a2d10d2daaf414f) Importer(2089858483,b0f066a214c2f5e87bad3c948f4d605d) (ScriptedImporter) -> (artifact id: '34cade64999e6dfc4b6eaf5879195f37') in 0.0306537 seconds
Number of updated asset objects reloaded before import = 0Number of asset objects unloaded after import = 1

========================================================================
Received Import Request.
  Time since last request: 0.000704 seconds.
  path: Packages/com.unity.inputsystem/InputSystem/Editor/Icons/Interactive Binding@3x.png
  artifactKey: Guid(cac8742b1b72b44699fd1663287ca47d) Importer(2089858483,b0f066a214c2f5e87bad3c948f4d605d)
Start importing Packages/com.unity.inputsystem/InputSystem/Editor/Icons/Interactive Binding@3x.png using Guid(cac8742b1b72b44699fd1663287ca47d) Importer(2089858483,b0f066a214c2f5e87bad3c948f4d605d) (ScriptedImporter) -> (artifact id: '1ba5c0b794152af2e96c2155ad3f4663') in 0.0349741 seconds
Number of updated asset objects reloaded before import = 0Number of asset objects unloaded after import = 1

========================================================================
Received Import Request.
  Time since last request: 0.001512 seconds.
  path: Packages/com.unity.xr.management/Runtime/XRManagementAnalytics.cs
  artifactKey: Guid(a65c6d9b4fa97644c896e9382fe5226f) Importer(2089858483,b0f066a214c2f5e87bad3c948f4d605d)
Start importing Packages/com.unity.xr.management/Runtime/XRManagementAnalytics.cs using Guid(a65c6d9b4fa97644c896e9382fe5226f) Importer(2089858483,b0f066a214c2f5e87bad3c948f4d605d) (ScriptedImporter) -> (artifact id: '10b647de36d19f5b1bc39e2003111575') in 0.0274015 seconds
Number of updated asset objects reloaded before import = 0Number of asset objects unloaded after import = 0

========================================================================
Received Import Request.
  Time since last request: 0.000078 seconds.
  path: Packages/com.unity.ide.rider/Rider/Editor/ProjectGeneration/FileIOProvider.cs
  artifactKey: Guid(a6ba838b1348d5e46a7eaacd1646c1d3) Importer(2089858483,b0f066a214c2f5e87bad3c948f4d605d)
Start importing Packages/com.unity.ide.rider/Rider/Editor/ProjectGeneration/FileIOProvider.cs using Guid(a6ba838b1348d5e46a7eaacd1646c1d3) Importer(2089858483,b0f066a214c2f5e87bad3c948f4d605d) (ScriptedImporter) -> (artifact id: '178d910985c73924440330a3c7ead493') in 0.0263346 seconds
Number of updated asset objects reloaded before import = 0Number of asset objects unloaded after import = 0

========================================================================
Received Import Request.
  Time since last request: 0.000146 seconds.
  path: Packages/com.unity.xr.management/Tests/TestTooling/ManagementTestSetup.cs
  artifactKey: Guid(a500e1fea16b2fa43b644ddf59175b68) Importer(2089858483,b0f066a214c2f5e87bad3c948f4d605d)
Start importing Packages/com.unity.xr.management/Tests/TestTooling/ManagementTestSetup.cs using Guid(a500e1fea16b2fa43b644ddf59175b68) Importer(2089858483,b0f066a214c2f5e87bad3c948f4d605d) (ScriptedImporter) -> (artifact id: '8d525da9ebb3e3723d993cd2c46e3e5d') in 0.4767536 seconds
Number of updated asset objects reloaded before import = 0Number of asset objects unloaded after import = 0

========================================================================
Received Import Request.
  Time since last request: 0.000159 seconds.
  path: Packages/com.unity.ide.rider/Rider/Editor/Util/StringBuilderExtensions.cs
  artifactKey: Guid(302b1bdfb7a645db994491799832912b) Importer(2089858483,b0f066a214c2f5e87bad3c948f4d605d)
Start importing Packages/com.unity.ide.rider/Rider/Editor/Util/StringBuilderExtensions.cs using Guid(302b1bdfb7a645db994491799832912b) Importer(2089858483,b0f066a214c2f5e87bad3c948f4d605d) (ScriptedImporter) -> (artifact id: 'b88739de93a3a34a906e898c302ed9fe') in 0.1308431 seconds
Number of updated asset objects reloaded before import = 0Number of asset objects unloaded after import = 0

========================================================================
Received Import Request.
  Time since last request: 0.008448 seconds.
  path: Packages/com.unity.xr.arfoundation/Assets/Prefabs/AnchorTransform.prefab
  artifactKey: Guid(779f5eab1277241d6b58ee2c44909b20) Importer(2089858483,b0f066a214c2f5e87bad3c948f4d605d)
Start importing Packages/com.unity.xr.arfoundation/Assets/Prefabs/AnchorTransform.prefab using Guid(779f5eab1277241d6b58ee2c44909b20) Importer(2089858483,b0f066a214c2f5e87bad3c948f4d605d) (ScriptedImporter) -> (artifact id: '74804a8a7aca429e8c706730e0ab2093') in 0.3949269 seconds
Number of updated asset objects reloaded before import = 0Number of asset objects unloaded after import = 23

========================================================================
Received Import Request.
  Time since last request: 0.000082 seconds.
  path: Packages/com.unity.xr.arfoundation/Editor/Icons/NoViewEnvironment.png
  artifactKey: Guid(e35cc332c6211ec449f15ac0cb835f78) Importer(2089858483,b0f066a214c2f5e87bad3c948f4d605d)
Start importing Packages/com.unity.xr.arfoundation/Editor/Icons/NoViewEnvironment.png using Guid(e35cc332c6211ec449f15ac0cb835f78) Importer(2089858483,b0f066a214c2f5e87bad3c948f4d605d) (ScriptedImporter) -> (artifact id: '549fbbab508e30138fd3cfcf9f6c5664') in 0.1150387 seconds
Number of updated asset objects reloaded before import = 0Number of asset objects unloaded after import = 1

========================================================================
Received Import Request.
  Time since last request: 0.000504 seconds.
  path: Packages/com.unity.xr.arfoundation/Assets/Prefabs/DefaultSimulationEnvironment.prefab
  artifactKey: Guid(c7b92c392902f4043a03a64032c02fe1) Importer(2089858483,b0f066a214c2f5e87bad3c948f4d605d)
Start importing Packages/com.unity.xr.arfoundation/Assets/Prefabs/DefaultSimulationEnvironment.prefab using Guid(c7b92c392902f4043a03a64032c02fe1) Importer(2089858483,b0f066a214c2f5e87bad3c948f4d605d) (ScriptedImporter) -> (artifact id: '9ffd7eee2a0dadc0b18b2f83ad1a76cf') in 0.3842168 seconds
Number of updated asset objects reloaded before import = 0Number of asset objects unloaded after import = 61

========================================================================
Received Import Request.
  Time since last request: 0.000091 seconds.
  path: Packages/com.unity.xr.arfoundation/Editor/Simulation/XRSimulationRuntimeSettingsEditor.cs
  artifactKey: Guid(8631b0a8157c4cc8a3bbbff29ee21640) Importer(2089858483,b0f066a214c2f5e87bad3c948f4d605d)
Start importing Packages/com.unity.xr.arfoundation/Editor/Simulation/XRSimulationRuntimeSettingsEditor.cs using Guid(8631b0a8157c4cc8a3bbbff29ee21640) Importer(2089858483,b0f066a214c2f5e87bad3c948f4d605d) (ScriptedImporter) -> (artifact id: '876b770f24ef2329eaab28cfc3c32f12') in 0.0946258 seconds
Number of updated asset objects reloaded before import = 0Number of asset objects unloaded after import = 0

========================================================================
Received Import Request.
  Time since last request: 0.002246 seconds.
  path: Packages/com.unity.xr.arfoundation/Editor/Simulation/XREnvironmentViewManager.cs
  artifactKey: Guid(075a0517e04d494da58fb60f37730271) Importer(2089858483,b0f066a214c2f5e87bad3c948f4d605d)
Start importing Packages/com.unity.xr.arfoundation/Editor/Simulation/XREnvironmentViewManager.cs using Guid(075a0517e04d494da58fb60f37730271) Importer(2089858483,b0f066a214c2f5e87bad3c948f4d605d) (ScriptedImporter) -> (artifact id: '90b713e944a472e7233645b2d75bb263') in 0.0630982 seconds
Number of updated asset objects reloaded before import = 0Number of asset objects unloaded after import = 0

========================================================================
Received Import Request.
  Time since last request: 0.000701 seconds.
  path: Packages/com.unity.xr.arfoundation/Editor/Icons/ArrowCaretRight.png
  artifactKey: Guid(cd1deff5bdbeb89408b7b67befb680f2) Importer(2089858483,b0f066a214c2f5e87bad3c948f4d605d)
Start importing Packages/com.unity.xr.arfoundation/Editor/Icons/ArrowCaretRight.png using Guid(cd1deff5bdbeb89408b7b67befb680f2) Importer(2089858483,b0f066a214c2f5e87bad3c948f4d605d) (ScriptedImporter) -> (artifact id: 'a29f6ec574d4fc2768dcb186a5a91516') in 0.0894077 seconds
Number of updated asset objects reloaded before import = 0Number of asset objects unloaded after import = 1

========================================================================
Received Import Request.
  Time since last request: 0.000059 seconds.
  path: Packages/com.unity.xr.arfoundation/Editor/Simulation/SimulationSettingsBuildProcessor.cs
  artifactKey: Guid(8b3ef0ec71af45c284088eaf86370673) Importer(2089858483,b0f066a214c2f5e87bad3c948f4d605d)
Start importing Packages/com.unity.xr.arfoundation/Editor/Simulation/SimulationSettingsBuildProcessor.cs using Guid(8b3ef0ec71af45c284088eaf86370673) Importer(2089858483,b0f066a214c2f5e87bad3c948f4d605d) (ScriptedImporter) -> (artifact id: '5186caf879c0c80fbf69d9902954e77f') in 0.0883098 seconds
Number of updated asset objects reloaded before import = 0Number of asset objects unloaded after import = 0

========================================================================
Received Import Request.
  Time since last request: 0.000071 seconds.
  path: Packages/com.unity.xr.arfoundation/Editor/VisualScripting/ARAnchorsChangedEventUnitDescriptor.cs
  artifactKey: Guid(7c037247edee440fa4a95ae4c9f9543f) Importer(2089858483,b0f066a214c2f5e87bad3c948f4d605d)
Start importing Packages/com.unity.xr.arfoundation/Editor/VisualScripting/ARAnchorsChangedEventUnitDescriptor.cs using Guid(7c037247edee440fa4a95ae4c9f9543f) Importer(2089858483,b0f066a214c2f5e87bad3c948f4d605d) (ScriptedImporter) -> (artifact id: 'f7f79f4c84273492446a37c1fdeaa756') in 0.109927 seconds
Number of updated asset objects reloaded before import = 0Number of asset objects unloaded after import = 0

========================================================================
Received Import Request.
  Time since last request: 0.000153 seconds.
  path: Packages/com.unity.xr.arfoundation/Assets/Materials/UnlitBlack.mat
  artifactKey: Guid(1d1fab4015cac46c08cbc1fe0a1eb0c2) Importer(2089858483,b0f066a214c2f5e87bad3c948f4d605d)
Start importing Packages/com.unity.xr.arfoundation/Assets/Materials/UnlitBlack.mat using Guid(1d1fab4015cac46c08cbc1fe0a1eb0c2) Importer(2089858483,b0f066a214c2f5e87bad3c948f4d605d) (ScriptedImporter) -> (artifact id: 'bbea3c0cca8271645caa1b2e00141a62') in 0.1087357 seconds
Number of updated asset objects reloaded before import = 0Number of asset objects unloaded after import = 1

========================================================================
Received Import Request.
  Time since last request: 0.002277 seconds.
  path: Packages/com.unity.xr.arfoundation/Editor/ARSubsystems/XRReferenceImageLibraryBuildProcessor.cs
  artifactKey: Guid(fadc5806439634fd383369d0f7d6b545) Importer(2089858483,b0f066a214c2f5e87bad3c948f4d605d)
Start importing Packages/com.unity.xr.arfoundation/Editor/ARSubsystems/XRReferenceImageLibraryBuildProcessor.cs using Guid(fadc5806439634fd383369d0f7d6b545) Importer(2089858483,b0f066a214c2f5e87bad3c948f4d605d) (ScriptedImporter) -> (artifact id: '67534c3d44575aac43874466195e0b13') in 0.03888 seconds
Number of updated asset objects reloaded before import = 0Number of asset objects unloaded after import = 0

========================================================================
Received Import Request.
  Time since last request: 0.003948 seconds.
  path: Packages/com.unity.xr.arfoundation/Editor/ARSubsystems/XRReferenceImageLibraryEditor.cs
  artifactKey: Guid(89183701efb84489da4667b464ae9ce2) Importer(2089858483,b0f066a214c2f5e87bad3c948f4d605d)
Start importing Packages/com.unity.xr.arfoundation/Editor/ARSubsystems/XRReferenceImageLibraryEditor.cs using Guid(89183701efb84489da4667b464ae9ce2) Importer(2089858483,b0f066a214c2f5e87bad3c948f4d605d) (ScriptedImporter) -> (artifact id: '826d8fa7efee0a43c3270d917fd46a1c') in 0.0499047 seconds
Number of updated asset objects reloaded before import = 0Number of asset objects unloaded after import = 0

========================================================================
Received Import Request.
  Time since last request: 0.000879 seconds.
  path: Packages/com.unity.xr.arfoundation/Editor/Simulation/SimulationBuildProcessor.cs
  artifactKey: Guid(984c9592a7b12ff4d83c8f0faf9ff6ac) Importer(2089858483,b0f066a214c2f5e87bad3c948f4d605d)
Start importing Packages/com.unity.xr.arfoundation/Editor/Simulation/SimulationBuildProcessor.cs using Guid(984c9592a7b12ff4d83c8f0faf9ff6ac) Importer(2089858483,b0f066a214c2f5e87bad3c948f4d605d) (ScriptedImporter) -> (artifact id: '5aa7bbbab6bdff1783e8a7ccf6ac6825') in 0.0401819 seconds
Number of updated asset objects reloaded before import = 0Number of asset objects unloaded after import = 0

========================================================================
Received Import Request.
  Time since last request: 0.000959 seconds.
  path: Packages/com.unity.xr.arfoundation/Editor/Icons/d_ViewEnvironment.png
  artifactKey: Guid(b30afb642173c7f469ddab60c0c5561a) Importer(2089858483,b0f066a214c2f5e87bad3c948f4d605d)
Start importing Packages/com.unity.xr.arfoundation/Editor/Icons/d_ViewEnvironment.png using Guid(b30afb642173c7f469ddab60c0c5561a) Importer(2089858483,b0f066a214c2f5e87bad3c948f4d605d) (ScriptedImporter) -> (artifact id: '961f7226cc5bab0ee42b96dd470529ef') in 0.0511087 seconds
Number of updated asset objects reloaded before import = 0Number of asset objects unloaded after import = 1

========================================================================
Received Import Request.
  Time since last request: 0.000819 seconds.
  path: Packages/com.unity.xr.arfoundation/Editor/Icons/ArrowCaretLeft.png
  artifactKey: Guid(6be7b41b0e976514cad47f3eb7b2b6a1) Importer(2089858483,b0f066a214c2f5e87bad3c948f4d605d)
Start importing Packages/com.unity.xr.arfoundation/Editor/Icons/ArrowCaretLeft.png using Guid(6be7b41b0e976514cad47f3eb7b2b6a1) Importer(2089858483,b0f066a214c2f5e87bad3c948f4d605d) (ScriptedImporter) -> (artifact id: 'fd5f0d76d546f71e6ab16b0cab247768') in 0.0628034 seconds
Number of updated asset objects reloaded before import = 0Number of asset objects unloaded after import = 1

========================================================================
Received Import Request.
  Time since last request: 0.000048 seconds.
  path: Packages/com.unity.xr.arfoundation/Assets/Shaders/SimulationLegacyRoomXRay.shader
  artifactKey: Guid(c65f22c214e3b9c44af106cbf91e5afd) Importer(2089858483,b0f066a214c2f5e87bad3c948f4d605d)
Start importing Packages/com.unity.xr.arfoundation/Assets/Shaders/SimulationLegacyRoomXRay.shader using Guid(c65f22c214e3b9c44af106cbf91e5afd) Importer(2089858483,b0f066a214c2f5e87bad3c948f4d605d) (ScriptedImporter) -> (artifact id: '30879c1530c6b89e9acc092144006641') in 0.0528726 seconds
Number of updated asset objects reloaded before import = 0Number of asset objects unloaded after import = 1

========================================================================
Received Import Request.
  Time since last request: 0.000126 seconds.
  path: Packages/com.unity.xr.arfoundation/Editor/ARFoundation/ARSessionEditor.cs
  artifactKey: Guid(be645242e1e374143a3eba18802f6ec7) Importer(2089858483,b0f066a214c2f5e87bad3c948f4d605d)
Start importing Packages/com.unity.xr.arfoundation/Editor/ARFoundation/ARSessionEditor.cs using Guid(be645242e1e374143a3eba18802f6ec7) Importer(2089858483,b0f066a214c2f5e87bad3c948f4d605d) (ScriptedImporter) -> (artifact id: '3beb97ccfaef0e7d930d9e8aa92ad6fb') in 0.0779834 seconds
Number of updated asset objects reloaded before import = 0Number of asset objects unloaded after import = 0

========================================================================
Received Import Request.
  Time since last request: 0.007942 seconds.
  path: Packages/com.unity.xr.arfoundation/Editor/VisualScripting/ARTrackedImagesChangedEventUnitDescriptor.cs
  artifactKey: Guid(f4cc3e6141404a9bbabdd569192115c9) Importer(2089858483,b0f066a214c2f5e87bad3c948f4d605d)
Start importing Packages/com.unity.xr.arfoundation/Editor/VisualScripting/ARTrackedImagesChangedEventUnitDescriptor.cs using Guid(f4cc3e6141404a9bbabdd569192115c9) Importer(2089858483,b0f066a214c2f5e87bad3c948f4d605d) (ScriptedImporter) -> (artifact id: '94def3b87c4bd07493f75349f83b72aa') in 0.3560166 seconds
Number of updated asset objects reloaded before import = 0Number of asset objects unloaded after import = 0

========================================================================
Received Import Request.
  Time since last request: 0.001247 seconds.
  path: Packages/com.unity.xr.arfoundation/Editor/Simulation/XRSimulationPreferencesEditor.cs
  artifactKey: Guid(50f5eb196c68410598a39e96b75d59b9) Importer(2089858483,b0f066a214c2f5e87bad3c948f4d605d)
Start importing Packages/com.unity.xr.arfoundation/Editor/Simulation/XRSimulationPreferencesEditor.cs using Guid(50f5eb196c68410598a39e96b75d59b9) Importer(2089858483,b0f066a214c2f5e87bad3c948f4d605d) (ScriptedImporter) -> (artifact id: '30343c0fa080db42d186be95228fa978') in 0.0491004 seconds
Number of updated asset objects reloaded before import = 0Number of asset objects unloaded after import = 0

========================================================================
Received Import Request.
  Time since last request: 0.000242 seconds.
  path: Packages/com.unity.xr.arfoundation/Editor/ARAnalytics/Unity.XR.ARAnalytics.Editor.asmdef
  artifactKey: Guid(3e157be2a77444a3d923ef4ab98b10b0) Importer(2089858483,b0f066a214c2f5e87bad3c948f4d605d)
Start importing Packages/com.unity.xr.arfoundation/Editor/ARAnalytics/Unity.XR.ARAnalytics.Editor.asmdef using Guid(3e157be2a77444a3d923ef4ab98b10b0) Importer(2089858483,b0f066a214c2f5e87bad3c948f4d605d) (ScriptedImporter) -> (artifact id: '450c6677b6204b6284a9019a4485f5eb') in 0.0345497 seconds
Number of updated asset objects reloaded before import = 0Number of asset objects unloaded after import = 1

========================================================================
Received Import Request.
  Time since last request: 0.000425 seconds.
  path: Packages/com.unity.xr.arfoundation/Editor/Icons/XREnvironment@2x.png
  artifactKey: Guid(061c539269d9b0146a75b5ea86f94dd5) Importer(2089858483,b0f066a214c2f5e87bad3c948f4d605d)
Start importing Packages/com.unity.xr.arfoundation/Editor/Icons/XREnvironment@2x.png using Guid(061c539269d9b0146a75b5ea86f94dd5) Importer(2089858483,b0f066a214c2f5e87bad3c948f4d605d) (ScriptedImporter) -> (artifact id: 'a3295b7419513e10c5dce59b2635c9d1') in 0.045436 seconds
Number of updated asset objects reloaded before import = 0Number of asset objects unloaded after import = 1

========================================================================
Received Import Request.
  Time since last request: 0.001136 seconds.
  path: Packages/com.unity.xr.arfoundation/Assets/Materials/SimulationPlaneMaterial.mat
  artifactKey: Guid(b701fb6055e5bf44b84cbe041121eb4a) Importer(2089858483,b0f066a214c2f5e87bad3c948f4d605d)
Start importing Packages/com.unity.xr.arfoundation/Assets/Materials/SimulationPlaneMaterial.mat using Guid(b701fb6055e5bf44b84cbe041121eb4a) Importer(2089858483,b0f066a214c2f5e87bad3c948f4d605d) (ScriptedImporter) -> (artifact id: 'fae76c18a331bdaf1a02e17f65336b27') in 0.2089405 seconds
Number of updated asset objects reloaded before import = 0Number of asset objects unloaded after import = 3

========================================================================
Received Import Request.
  Time since last request: 0.000081 seconds.
  path: Packages/com.unity.xr.arfoundation/Editor/ARFoundation/CreateUtils.cs
  artifactKey: Guid(e2556e1b59ff64940b296fd0840b2668) Importer(2089858483,b0f066a214c2f5e87bad3c948f4d605d)
Start importing Packages/com.unity.xr.arfoundation/Editor/ARFoundation/CreateUtils.cs using Guid(e2556e1b59ff64940b296fd0840b2668) Importer(2089858483,b0f066a214c2f5e87bad3c948f4d605d) (ScriptedImporter) -> (artifact id: '573fc83c73fe44836a3a2c565c4efb41') in 0.0605728 seconds
Number of updated asset objects reloaded before import = 0Number of asset objects unloaded after import = 0

========================================================================
Received Import Request.
  Time since last request: 0.000330 seconds.
  path: Packages/com.unity.xr.arfoundation/Editor/Simulation/EnvironmentScanParamsPropertyDrawer.cs
  artifactKey: Guid(35a1b1a73a50b4666bf22f25c9d03ec4) Importer(2089858483,b0f066a214c2f5e87bad3c948f4d605d)
Start importing Packages/com.unity.xr.arfoundation/Editor/Simulation/EnvironmentScanParamsPropertyDrawer.cs using Guid(35a1b1a73a50b4666bf22f25c9d03ec4) Importer(2089858483,b0f066a214c2f5e87bad3c948f4d605d) (ScriptedImporter) -> (artifact id: '5d43125a0874c19af0a7420b483a5dd2') in 0.0423237 seconds
Number of updated asset objects reloaded before import = 0Number of asset objects unloaded after import = 0

========================================================================
Received Import Request.
  Time since last request: 0.000387 seconds.
  path: Packages/com.unity.xr.arfoundation/Editor/Icons/XREnvironment.png
  artifactKey: Guid(4fe0501fb16949c4cac977008dbed6e6) Importer(2089858483,b0f066a214c2f5e87bad3c948f4d605d)
Start importing Packages/com.unity.xr.arfoundation/Editor/Icons/XREnvironment.png using Guid(4fe0501fb16949c4cac977008dbed6e6) Importer(2089858483,b0f066a214c2f5e87bad3c948f4d605d) (ScriptedImporter) -> (artifact id: '8861468514ba68dbb9dbbdc1e70ac7a2') in 0.050885 seconds
Number of updated asset objects reloaded before import = 0Number of asset objects unloaded after import = 1

========================================================================
Received Import Request.
  Time since last request: 0.002432 seconds.
  path: Packages/com.unity.xr.arfoundation/Assets/Materials/SimulationLitGray.mat
  artifactKey: Guid(950042044eb8b45cfb957653439b0be7) Importer(2089858483,b0f066a214c2f5e87bad3c948f4d605d)
Start importing Packages/com.unity.xr.arfoundation/Assets/Materials/SimulationLitGray.mat using Guid(950042044eb8b45cfb957653439b0be7) Importer(2089858483,b0f066a214c2f5e87bad3c948f4d605d) (ScriptedImporter) -> (artifact id: 'fd97c4bfddf4d9305d93ece90207dcff') in 0.0942695 seconds
Number of updated asset objects reloaded before import = 0Number of asset objects unloaded after import = 2

========================================================================
Received Import Request.
  Time since last request: 0.000058 seconds.
  path: Packages/com.unity.xr.arcore/Runtime/ArRecordingConfig.cs
  artifactKey: Guid(8118191f24f9b4929b2213691f2cfa11) Importer(2089858483,b0f066a214c2f5e87bad3c948f4d605d)
Start importing Packages/com.unity.xr.arcore/Runtime/ArRecordingConfig.cs using Guid(8118191f24f9b4929b2213691f2cfa11) Importer(2089858483,b0f066a214c2f5e87bad3c948f4d605d) (ScriptedImporter) -> (artifact id: 'f76bd6821a6d9e2ad09d6cf64acf85d6') in 0.0228479 seconds
Number of updated asset objects reloaded before import = 0Number of asset objects unloaded after import = 0

========================================================================
Received Import Request.
  Time since last request: 0.000910 seconds.
  path: Packages/com.unity.xr.arfoundation/Runtime/ARFoundation/ARMeshManager.cs
  artifactKey: Guid(968053edfd89749c48f4ea5d444abf64) Importer(2089858483,b0f066a214c2f5e87bad3c948f4d605d)
Start importing Packages/com.unity.xr.arfoundation/Runtime/ARFoundation/ARMeshManager.cs using Guid(968053edfd89749c48f4ea5d444abf64) Importer(2089858483,b0f066a214c2f5e87bad3c948f4d605d) (ScriptedImporter) -> (artifact id: 'a829739aa27a9261c0f32cd369510032') in 0.035046 seconds
Number of updated asset objects reloaded before import = 0Number of asset objects unloaded after import = 1

========================================================================
Received Import Request.
  Time since last request: 0.000098 seconds.
  path: Packages/com.unity.xr.arfoundation/Runtime/ARFoundation/ARFaceUpdatedEventArgs.cs
  artifactKey: Guid(aff1c77f64aea4b7cbdbef34941e3c9a) Importer(2089858483,b0f066a214c2f5e87bad3c948f4d605d)
Start importing Packages/com.unity.xr.arfoundation/Runtime/ARFoundation/ARFaceUpdatedEventArgs.cs using Guid(aff1c77f64aea4b7cbdbef34941e3c9a) Importer(2089858483,b0f066a214c2f5e87bad3c948f4d605d) (ScriptedImporter) -> (artifact id: '4fd9639cd7496ee527669b78abccdc81') in 0.0615234 seconds
Number of updated asset objects reloaded before import = 0Number of asset objects unloaded after import = 1

========================================================================
Received Import Request.
  Time since last request: 0.003894 seconds.
  path: Packages/com.unity.xr.arcore/Tests/Editor/ManagementTests.cs
  artifactKey: Guid(aea6eb80e74d44aa3befb13c5dcc1310) Importer(2089858483,b0f066a214c2f5e87bad3c948f4d605d)
Start importing Packages/com.unity.xr.arcore/Tests/Editor/ManagementTests.cs using Guid(aea6eb80e74d44aa3befb13c5dcc1310) Importer(2089858483,b0f066a214c2f5e87bad3c948f4d605d) (ScriptedImporter) -> (artifact id: 'e9ee607c98ea5347fdf9ad4424c62754') in 0.1205425 seconds
Number of updated asset objects reloaded before import = 0Number of asset objects unloaded after import = 0

========================================================================
Received Import Request.
  Time since last request: 0.001034 seconds.
  path: Packages/com.unity.inputsystem/InputSystem/Editor/Analytics/VirtualMouseInputEditorAnalytic.cs
  artifactKey: Guid(183f7887e5104e1593ce980b9d0159e3) Importer(2089858483,b0f066a214c2f5e87bad3c948f4d605d)
Start importing Packages/com.unity.inputsystem/InputSystem/Editor/Analytics/VirtualMouseInputEditorAnalytic.cs using Guid(183f7887e5104e1593ce980b9d0159e3) Importer(2089858483,b0f066a214c2f5e87bad3c948f4d605d) (ScriptedImporter) -> (artifact id: '4981355f54e8d1a14c2337d5a4da6c10') in 0.1321208 seconds
Number of updated asset objects reloaded before import = 0Number of asset objects unloaded after import = 0

========================================================================
Received Import Request.
  Time since last request: 0.001140 seconds.
  path: Packages/com.unity.inputsystem/InputSystem/Editor/ControlPicker/InputControlDropdownItem.cs
  artifactKey: Guid(83070f7befc0b4deeb2cfde76b5a9002) Importer(2089858483,b0f066a214c2f5e87bad3c948f4d605d)
Start importing Packages/com.unity.inputsystem/InputSystem/Editor/ControlPicker/InputControlDropdownItem.cs using Guid(83070f7befc0b4deeb2cfde76b5a9002) Importer(2089858483,b0f066a214c2f5e87bad3c948f4d605d) (ScriptedImporter) -> (artifact id: '58352477c7ad2c398c28aee81ae32897') in 0.1082767 seconds
Number of updated asset objects reloaded before import = 0Number of asset objects unloaded after import = 0

========================================================================
Received Import Request.
  Time since last request: 0.002547 seconds.
  path: Packages/com.unity.xr.arcore/Tests/Editor/Unity.XR.ARCore.Editor.Tests.asmdef
  artifactKey: Guid(3ea00208b93ac42ddb026a263bd9ef58) Importer(2089858483,b0f066a214c2f5e87bad3c948f4d605d)
Start importing Packages/com.unity.xr.arcore/Tests/Editor/Unity.XR.ARCore.Editor.Tests.asmdef using Guid(3ea00208b93ac42ddb026a263bd9ef58) Importer(2089858483,b0f066a214c2f5e87bad3c948f4d605d) (ScriptedImporter) -> (artifact id: '94cb5e8e9777ec5aad3389306d23253a') in 0.0563818 seconds
Number of updated asset objects reloaded before import = 0Number of asset objects unloaded after import = 1

========================================================================
Received Import Request.
  Time since last request: 0.004169 seconds.
  path: Packages/com.unity.xr.arfoundation/Editor/VisualScripting/GetAnchorsUnitDescriptor.cs
  artifactKey: Guid(86f81df8796c64f7a91c3e4a0f7c9336) Importer(2089858483,b0f066a214c2f5e87bad3c948f4d605d)
Start importing Packages/com.unity.xr.arfoundation/Editor/VisualScripting/GetAnchorsUnitDescriptor.cs using Guid(86f81df8796c64f7a91c3e4a0f7c9336) Importer(2089858483,b0f066a214c2f5e87bad3c948f4d605d) (ScriptedImporter) -> (artifact id: '0d50373f6c1f99267dae88ea21788ead') in 0.058789 seconds
Number of updated asset objects reloaded before import = 0Number of asset objects unloaded after import = 0

========================================================================
Received Import Request.
  Time since last request: 0.000586 seconds.
  path: Packages/com.unity.xr.arfoundation/Editor/ARFoundation/XROriginCreateUtil.cs
  artifactKey: Guid(b9f94d88e2bb54777a26387a0cbdb4f4) Importer(2089858483,b0f066a214c2f5e87bad3c948f4d605d)
Start importing Packages/com.unity.xr.arfoundation/Editor/ARFoundation/XROriginCreateUtil.cs using Guid(b9f94d88e2bb54777a26387a0cbdb4f4) Importer(2089858483,b0f066a214c2f5e87bad3c948f4d605d) (ScriptedImporter) -> (artifact id: 'f7c7cf7b4b135101e72c710df373c089') in 0.0792138 seconds
Number of updated asset objects reloaded before import = 0Number of asset objects unloaded after import = 0

========================================================================
Received Import Request.
  Time since last request: 0.000298 seconds.
  path: Packages/com.unity.mathematics/Unity.Mathematics/Noise/classicnoise4D.cs
  artifactKey: Guid(283464e0e530a4cdfbf4fae82efed3e3) Importer(2089858483,b0f066a214c2f5e87bad3c948f4d605d)
Start importing Packages/com.unity.mathematics/Unity.Mathematics/Noise/classicnoise4D.cs using Guid(283464e0e530a4cdfbf4fae82efed3e3) Importer(2089858483,b0f066a214c2f5e87bad3c948f4d605d) (ScriptedImporter) -> (artifact id: '9e84a94ee30b632aacd8ade45b28d2c5') in 0.0492031 seconds
Number of updated asset objects reloaded before import = 0Number of asset objects unloaded after import = 0

========================================================================
Received Import Request.
  Time since last request: 0.000089 seconds.
  path: Packages/com.unity.inputsystem/InputSystem/Editor/Icons/ChevronDown@2x.png
  artifactKey: Guid(153c8e15f7f6c452ca50f6795813ed39) Importer(2089858483,b0f066a214c2f5e87bad3c948f4d605d)
Start importing Packages/com.unity.inputsystem/InputSystem/Editor/Icons/ChevronDown@2x.png using Guid(153c8e15f7f6c452ca50f6795813ed39) Importer(2089858483,b0f066a214c2f5e87bad3c948f4d605d) (ScriptedImporter) -> (artifact id: '0d15f7e4a59c3510baa72d4993b6b5a8') in 0.0664278 seconds
Number of updated asset objects reloaded before import = 0Number of asset objects unloaded after import = 1

========================================================================
Received Import Request.
  Time since last request: 0.000527 seconds.
  path: Packages/com.unity.inputsystem/InputSystem/Runtime/InputSystemState.cs
  artifactKey: Guid(00b04ec43341419cbd45ae16e3b6f38e) Importer(2089858483,b0f066a214c2f5e87bad3c948f4d605d)
Start importing Packages/com.unity.inputsystem/InputSystem/Runtime/InputSystemState.cs using Guid(00b04ec43341419cbd45ae16e3b6f38e) Importer(2089858483,b0f066a214c2f5e87bad3c948f4d605d) (ScriptedImporter) -> (artifact id: '3ed2bedf0bfb430adaaeb95a4dd3e71f') in 0.0350319 seconds
Number of updated asset objects reloaded before import = 0Number of asset objects unloaded after import = 0

========================================================================
Received Import Request.
  Time since last request: 0.000195 seconds.
  path: Packages/com.unity.xr.arfoundation/Runtime/ARFoundation/ARTrackedObject.cs
  artifactKey: Guid(ca7a743d8ad68490a8a022b9cc7a183f) Importer(2089858483,b0f066a214c2f5e87bad3c948f4d605d)
Start importing Packages/com.unity.xr.arfoundation/Runtime/ARFoundation/ARTrackedObject.cs using Guid(ca7a743d8ad68490a8a022b9cc7a183f) Importer(2089858483,b0f066a214c2f5e87bad3c948f4d605d) (ScriptedImporter) -> (artifact id: 'e408d27f063d721aa79c91bbb889efcb') in 0.0382728 seconds
Number of updated asset objects reloaded before import = 0Number of asset objects unloaded after import = 1

========================================================================
Received Import Request.
  Time since last request: 0.000064 seconds.
  path: Packages/com.unity.xr.arfoundation/Runtime/ARFoundation/ARSessionOrigin.cs
  artifactKey: Guid(520bb47c46cf8624fafb307b7d1b862a) Importer(2089858483,b0f066a214c2f5e87bad3c948f4d605d)
Start importing Packages/com.unity.xr.arfoundation/Runtime/ARFoundation/ARSessionOrigin.cs using Guid(520bb47c46cf8624fafb307b7d1b862a) Importer(2089858483,b0f066a214c2f5e87bad3c948f4d605d) (ScriptedImporter) -> (artifact id: '53b6c8da50cf4e53ae27b5f1c8122b84') in 0.0392394 seconds
Number of updated asset objects reloaded before import = 0Number of asset objects unloaded after import = 1

========================================================================
Received Import Request.
  Time since last request: 0.000076 seconds.
  path: Packages/com.unity.xr.arfoundation/Runtime/ARFoundation/HashCodeUtil.cs
  artifactKey: Guid(642a99e67592f490e922643484fae756) Importer(2089858483,b0f066a214c2f5e87bad3c948f4d605d)
Start importing Packages/com.unity.xr.arfoundation/Runtime/ARFoundation/HashCodeUtil.cs using Guid(642a99e67592f490e922643484fae756) Importer(2089858483,b0f066a214c2f5e87bad3c948f4d605d) (ScriptedImporter) -> (artifact id: '44b0e964e2984ade09b887b6b46b4893') in 0.0308049 seconds
Number of updated asset objects reloaded before import = 0Number of asset objects unloaded after import = 0

========================================================================
Received Import Request.
  Time since last request: 0.000525 seconds.
  path: Packages/com.unity.xr.core-utils/Tests/Runtime/Scripts/PointInPolygonPerformanceTest.cs
  artifactKey: Guid(76cdf9ab732c34a4dabcb0135fccbd6e) Importer(2089858483,b0f066a214c2f5e87bad3c948f4d605d)
Start importing Packages/com.unity.xr.core-utils/Tests/Runtime/Scripts/PointInPolygonPerformanceTest.cs using Guid(76cdf9ab732c34a4dabcb0135fccbd6e) Importer(2089858483,b0f066a214c2f5e87bad3c948f4d605d) (ScriptedImporter) -> (artifact id: '4ff60460530e51adeda88f5d4c7be934') in 0.0295618 seconds
Number of updated asset objects reloaded before import = 0Number of asset objects unloaded after import = 0

========================================================================
Received Import Request.
  Time since last request: 0.000718 seconds.
  path: Packages/com.unity.xr.arfoundation/Assets/Textures/IconBackgroundCircleFill@4x.png
  artifactKey: Guid(2f1ae8c1b83d94419b59c0b63890aceb) Importer(2089858483,b0f066a214c2f5e87bad3c948f4d605d)
Start importing Packages/com.unity.xr.arfoundation/Assets/Textures/IconBackgroundCircleFill@4x.png using Guid(2f1ae8c1b83d94419b59c0b63890aceb) Importer(2089858483,b0f066a214c2f5e87bad3c948f4d605d) (ScriptedImporter) -> (artifact id: 'e5e2a335e389669cd496882f187ebcca') in 0.068785 seconds
Number of updated asset objects reloaded before import = 0Number of asset objects unloaded after import = 3

========================================================================
Received Import Request.
  Time since last request: 0.000041 seconds.
  path: Packages/com.unity.xr.arfoundation/Editor/Simulation/EditorSimulationSceneManager.cs
  artifactKey: Guid(838e693ad2574643b3d427db5835b4d4) Importer(2089858483,b0f066a214c2f5e87bad3c948f4d605d)
Start importing Packages/com.unity.xr.arfoundation/Editor/Simulation/EditorSimulationSceneManager.cs using Guid(838e693ad2574643b3d427db5835b4d4) Importer(2089858483,b0f066a214c2f5e87bad3c948f4d605d) (ScriptedImporter) -> (artifact id: 'cfbf9ae46f8c6fd5ebdffe529ca213b9') in 0.0298655 seconds
Number of updated asset objects reloaded before import = 0Number of asset objects unloaded after import = 0

========================================================================
Received Import Request.
  Time since last request: 0.000105 seconds.
  path: Packages/com.unity.xr.arcore/Runtime/ARCoreSessionSubsystem.cs
  artifactKey: Guid(dea4ed432b471704386e106cbd444b98) Importer(2089858483,b0f066a214c2f5e87bad3c948f4d605d)
Start importing Packages/com.unity.xr.arcore/Runtime/ARCoreSessionSubsystem.cs using Guid(dea4ed432b471704386e106cbd444b98) Importer(2089858483,b0f066a214c2f5e87bad3c948f4d605d) (ScriptedImporter) -> (artifact id: '26520a55eb1a7d6dbc29d048c45a0ff3') in 0.054896 seconds
Number of updated asset objects reloaded before import = 0Number of asset objects unloaded after import = 0

========================================================================
Received Import Request.
  Time since last request: 0.000667 seconds.
  path: Packages/com.unity.xr.arfoundation/Runtime/ARFoundation/ARRaycastHit.cs
  artifactKey: Guid(d933471f829ecae49a9e46d639ad5f54) Importer(2089858483,b0f066a214c2f5e87bad3c948f4d605d)
Start importing Packages/com.unity.xr.arfoundation/Runtime/ARFoundation/ARRaycastHit.cs using Guid(d933471f829ecae49a9e46d639ad5f54) Importer(2089858483,b0f066a214c2f5e87bad3c948f4d605d) (ScriptedImporter) -> (artifact id: 'a0841259499a7afab8c4a47bef902206') in 0.0351266 seconds
Number of updated asset objects reloaded before import = 0Number of asset objects unloaded after import = 1

========================================================================
Received Import Request.
  Time since last request: 0.000229 seconds.
  path: Packages/com.unity.xr.arfoundation/Runtime/ARFoundation/ARParticipant.cs
  artifactKey: Guid(8b3c5906db6eb40fd9293c7de3a86c2f) Importer(2089858483,b0f066a214c2f5e87bad3c948f4d605d)
Start importing Packages/com.unity.xr.arfoundation/Runtime/ARFoundation/ARParticipant.cs using Guid(8b3c5906db6eb40fd9293c7de3a86c2f) Importer(2089858483,b0f066a214c2f5e87bad3c948f4d605d) (ScriptedImporter) -> (artifact id: 'ca1b9d045b980125195b0df58094c86f') in 0.040693 seconds
Number of updated asset objects reloaded before import = 0Number of asset objects unloaded after import = 1

========================================================================
Received Import Request.
  Time since last request: 0.000051 seconds.
  path: Packages/com.unity.inputsystem/InputSystem/Editor/Analytics/InputEditorAnalytics.cs
  artifactKey: Guid(af8ecd25eda841f98ce3f6555888e43b) Importer(2089858483,b0f066a214c2f5e87bad3c948f4d605d)
Start importing Packages/com.unity.inputsystem/InputSystem/Editor/Analytics/InputEditorAnalytics.cs using Guid(af8ecd25eda841f98ce3f6555888e43b) Importer(2089858483,b0f066a214c2f5e87bad3c948f4d605d) (ScriptedImporter) -> (artifact id: '556cb3189a6e38ee3314f7e91df45cdb') in 0.0317081 seconds
Number of updated asset objects reloaded before import = 0Number of asset objects unloaded after import = 0

========================================================================
Received Import Request.
  Time since last request: 0.000072 seconds.
  path: Packages/com.unity.mathematics/Tests/Tests/Shared/TestFloat2x4.gen.cs
  artifactKey: Guid(b3517a3babe572246a5b80234b2f8a4b) Importer(2089858483,b0f066a214c2f5e87bad3c948f4d605d)
Start importing Packages/com.unity.mathematics/Tests/Tests/Shared/TestFloat2x4.gen.cs using Guid(b3517a3babe572246a5b80234b2f8a4b) Importer(2089858483,b0f066a214c2f5e87bad3c948f4d605d) (ScriptedImporter) -> (artifact id: '81a71bbc473995606454c89655308797') in 0.024866 seconds
Number of updated asset objects reloaded before import = 0Number of asset objects unloaded after import = 0

========================================================================
Received Import Request.
  Time since last request: 0.000106 seconds.
  path: Packages/com.unity.mathematics/Tests/Tests/Shared/TestBool2.gen.cs
  artifactKey: Guid(fc335ab357eef1346a23bc792570d94e) Importer(2089858483,b0f066a214c2f5e87bad3c948f4d605d)
Start importing Packages/com.unity.mathematics/Tests/Tests/Shared/TestBool2.gen.cs using Guid(fc335ab357eef1346a23bc792570d94e) Importer(2089858483,b0f066a214c2f5e87bad3c948f4d605d) (ScriptedImporter) -> (artifact id: '399010eb4e1bac0b18645fa3b7febade') in 0.0398332 seconds
Number of updated asset objects reloaded before import = 0Number of asset objects unloaded after import = 0

========================================================================
Received Import Request.
  Time since last request: 0.001493 seconds.
  path: Packages/com.unity.inputsystem/InputSystem/Editor/Icons/d_Touch@4x.png
  artifactKey: Guid(6db042035460c4167a6ab8d1ac3c2681) Importer(2089858483,b0f066a214c2f5e87bad3c948f4d605d)
Start importing Packages/com.unity.inputsystem/InputSystem/Editor/Icons/d_Touch@4x.png using Guid(6db042035460c4167a6ab8d1ac3c2681) Importer(2089858483,b0f066a214c2f5e87bad3c948f4d605d) (ScriptedImporter) -> (artifact id: '614b8de9c44936ee34264e2d45bb4314') in 0.0461386 seconds
Number of updated asset objects reloaded before import = 0Number of asset objects unloaded after import = 1

========================================================================
Received Import Request.
  Time since last request: 0.000113 seconds.
  path: Packages/com.unity.inputsystem/InputSystem/Editor/Icons/ChevronUp@3x.png
  artifactKey: Guid(006305b616daf47409935f3dc8a172e2) Importer(2089858483,b0f066a214c2f5e87bad3c948f4d605d)
Start importing Packages/com.unity.inputsystem/InputSystem/Editor/Icons/ChevronUp@3x.png using Guid(006305b616daf47409935f3dc8a172e2) Importer(2089858483,b0f066a214c2f5e87bad3c948f4d605d) (ScriptedImporter) -> (artifact id: '5ea17768581bd9cb843525caeff42cce') in 0.0448529 seconds
Number of updated asset objects reloaded before import = 0Number of asset objects unloaded after import = 1

========================================================================
Received Import Request.
  Time since last request: 0.000151 seconds.
  path: Packages/com.unity.xr.arfoundation/Editor/Icons/d_XREnvironment.png
  artifactKey: Guid(e97cf8a0d8468264083882a7003bddb0) Importer(2089858483,b0f066a214c2f5e87bad3c948f4d605d)
Start importing Packages/com.unity.xr.arfoundation/Editor/Icons/d_XREnvironment.png using Guid(e97cf8a0d8468264083882a7003bddb0) Importer(2089858483,b0f066a214c2f5e87bad3c948f4d605d) (ScriptedImporter) -> (artifact id: '474058a46e5141d1f21dcf13313b2f7b') in 0.041207 seconds
Number of updated asset objects reloaded before import = 0Number of asset objects unloaded after import = 1

========================================================================
Received Import Request.
  Time since last request: 0.000069 seconds.
  path: Packages/com.unity.inputsystem/InputSystem/Editor/Analytics/PlayerInputManagerEditorAnalytic.cs
  artifactKey: Guid(199b31cbe22b4c269aa78f8139347afd) Importer(2089858483,b0f066a214c2f5e87bad3c948f4d605d)
Start importing Packages/com.unity.inputsystem/InputSystem/Editor/Analytics/PlayerInputManagerEditorAnalytic.cs using Guid(199b31cbe22b4c269aa78f8139347afd) Importer(2089858483,b0f066a214c2f5e87bad3c948f4d605d) (ScriptedImporter) -> (artifact id: '2aadf02a366131c94009e86516520c5d') in 0.0328901 seconds
Number of updated asset objects reloaded before import = 0Number of asset objects unloaded after import = 0

========================================================================
Received Import Request.
  Time since last request: 0.000550 seconds.
  path: Packages/com.unity.xr.arfoundation/Editor/VisualScripting/GetPlanesUnitDescriptor.cs
  artifactKey: Guid(41d7cb6edc1f547a884bef1db0d62ef5) Importer(2089858483,b0f066a214c2f5e87bad3c948f4d605d)
Start importing Packages/com.unity.xr.arfoundation/Editor/VisualScripting/GetPlanesUnitDescriptor.cs using Guid(41d7cb6edc1f547a884bef1db0d62ef5) Importer(2089858483,b0f066a214c2f5e87bad3c948f4d605d) (ScriptedImporter) -> (artifact id: '83d2239f0a8d30c75a0eb3e64c9a62fa') in 0.0367608 seconds
Number of updated asset objects reloaded before import = 0Number of asset objects unloaded after import = 0

========================================================================
Received Import Request.
  Time since last request: 0.000151 seconds.
  path: Packages/com.unity.xr.core-utils/Tests/Runtime/Scripts/PerformanceTest.cs
  artifactKey: Guid(67a68ebc4eeae4a34a9879d0a2a39af0) Importer(2089858483,b0f066a214c2f5e87bad3c948f4d605d)
Start importing Packages/com.unity.xr.core-utils/Tests/Runtime/Scripts/PerformanceTest.cs using Guid(67a68ebc4eeae4a34a9879d0a2a39af0) Importer(2089858483,b0f066a214c2f5e87bad3c948f4d605d) (ScriptedImporter) -> (artifact id: '50d8963e0aaa4d5b2dfc0d7d382bbe98') in 0.0309937 seconds
Number of updated asset objects reloaded before import = 0Number of asset objects unloaded after import = 0

========================================================================
Received Import Request.
  Time since last request: 0.000347 seconds.
  path: Packages/com.unity.xr.arfoundation/Editor/Icons/d_NoViewEnvironment.png
  artifactKey: Guid(ecaa53a930f98bb44872ac2989fabc18) Importer(2089858483,b0f066a214c2f5e87bad3c948f4d605d)
Start importing Packages/com.unity.xr.arfoundation/Editor/Icons/d_NoViewEnvironment.png using Guid(ecaa53a930f98bb44872ac2989fabc18) Importer(2089858483,b0f066a214c2f5e87bad3c948f4d605d) (ScriptedImporter) -> (artifact id: '65f83dcbcace0c25b104e5b9f8f50096') in 0.084898 seconds
Number of updated asset objects reloaded before import = 0Number of asset objects unloaded after import = 1

========================================================================
Received Import Request.
  Time since last request: 0.000162 seconds.
  path: Packages/com.unity.inputsystem/InputSystem/Editor/AssetImporter/InputActionImporter.cs
  artifactKey: Guid(8404be70184654265930450def6a9037) Importer(2089858483,b0f066a214c2f5e87bad3c948f4d605d)
Start importing Packages/com.unity.inputsystem/InputSystem/Editor/AssetImporter/InputActionImporter.cs using Guid(8404be70184654265930450def6a9037) Importer(2089858483,b0f066a214c2f5e87bad3c948f4d605d) (ScriptedImporter) -> (artifact id: '70cdfece8f3e2ef1033fe0442da3f9cb') in 0.0226839 seconds
Number of updated asset objects reloaded before import = 0Number of asset objects unloaded after import = 0

========================================================================
Received Import Request.
  Time since last request: 0.000572 seconds.
  path: Packages/com.unity.xr.arfoundation/Runtime/ARFoundation/ARPointCloudParticleVisualizer.cs
  artifactKey: Guid(468ea6c98cd64494abbc2c2f34d6cde2) Importer(2089858483,b0f066a214c2f5e87bad3c948f4d605d)
Start importing Packages/com.unity.xr.arfoundation/Runtime/ARFoundation/ARPointCloudParticleVisualizer.cs using Guid(468ea6c98cd64494abbc2c2f34d6cde2) Importer(2089858483,b0f066a214c2f5e87bad3c948f4d605d) (ScriptedImporter) -> (artifact id: '1f7f06f222feb1f3ef8768dd68658f90') in 0.026341 seconds
Number of updated asset objects reloaded before import = 0Number of asset objects unloaded after import = 1

========================================================================
Received Import Request.
  Time since last request: 0.000048 seconds.
  path: Packages/com.unity.xr.arfoundation/Editor/Simulation/SimulationPackageMetadata.cs
  artifactKey: Guid(3f27b2a57df34d84085c50efce511ffd) Importer(2089858483,b0f066a214c2f5e87bad3c948f4d605d)
Start importing Packages/com.unity.xr.arfoundation/Editor/Simulation/SimulationPackageMetadata.cs using Guid(3f27b2a57df34d84085c50efce511ffd) Importer(2089858483,b0f066a214c2f5e87bad3c948f4d605d) (ScriptedImporter) -> (artifact id: 'b4d4071dfae988a7ade9b91a0f0b7e55') in 0.0272924 seconds
Number of updated asset objects reloaded before import = 0Number of asset objects unloaded after import = 0

========================================================================
Received Import Request.
  Time since last request: 0.000054 seconds.
  path: Packages/com.unity.xr.arcore/Tests/Editor/AssetBundleTests.cs
  artifactKey: Guid(86368e5434634b8792b67461e8984aad) Importer(2089858483,b0f066a214c2f5e87bad3c948f4d605d)
Start importing Packages/com.unity.xr.arcore/Tests/Editor/AssetBundleTests.cs using Guid(86368e5434634b8792b67461e8984aad) Importer(2089858483,b0f066a214c2f5e87bad3c948f4d605d) (ScriptedImporter) -> (artifact id: 'bf2f27ddd681ea73dab15a06881d80f7') in 0.0248737 seconds
Number of updated asset objects reloaded before import = 0Number of asset objects unloaded after import = 0

========================================================================
Received Import Request.
  Time since last request: 0.000050 seconds.
  path: Packages/com.unity.xr.arfoundation/Editor/VisualScripting/Deprecated/AnchorsChangedEventUnitDescriptor.deprecated.cs
  artifactKey: Guid(f9b38eefd33214e6fabdddc517a829c3) Importer(2089858483,b0f066a214c2f5e87bad3c948f4d605d)
Start importing Packages/com.unity.xr.arfoundation/Editor/VisualScripting/Deprecated/AnchorsChangedEventUnitDescriptor.deprecated.cs using Guid(f9b38eefd33214e6fabdddc517a829c3) Importer(2089858483,b0f066a214c2f5e87bad3c948f4d605d) (ScriptedImporter) -> (artifact id: '5a513e336709e3dccd10cb569aede2ad') in 0.0252532 seconds
Number of updated asset objects reloaded before import = 0Number of asset objects unloaded after import = 0

========================================================================
Received Import Request.
  Time since last request: 0.000214 seconds.
  path: Packages/com.unity.xr.arfoundation/Editor/Simulation/Rendering/BaseShaderGUI.cs
  artifactKey: Guid(f736048025e2ae5408431ca8674b0f52) Importer(2089858483,b0f066a214c2f5e87bad3c948f4d605d)
Start importing Packages/com.unity.xr.arfoundation/Editor/Simulation/Rendering/BaseShaderGUI.cs using Guid(f736048025e2ae5408431ca8674b0f52) Importer(2089858483,b0f066a214c2f5e87bad3c948f4d605d) (ScriptedImporter) -> (artifact id: '672b0251da2acea63dceeb23ccf49242') in 0.0291702 seconds
Number of updated asset objects reloaded before import = 0Number of asset objects unloaded after import = 0

========================================================================
Received Import Request.
  Time since last request: 0.000311 seconds.
  path: Packages/com.unity.xr.arfoundation/Runtime/VisualScripting/Unity.XR.ARFoundation.VisualScripting.asmdef
  artifactKey: Guid(cdb8859fb0a09423cb297e38fa65bd99) Importer(2089858483,b0f066a214c2f5e87bad3c948f4d605d)
Start importing Packages/com.unity.xr.arfoundation/Runtime/VisualScripting/Unity.XR.ARFoundation.VisualScripting.asmdef using Guid(cdb8859fb0a09423cb297e38fa65bd99) Importer(2089858483,b0f066a214c2f5e87bad3c948f4d605d) (ScriptedImporter) -> (artifact id: '133d51f6d2ef9244dd6a979c4b7e2f66') in 0.0253385 seconds
Number of updated asset objects reloaded before import = 0Number of asset objects unloaded after import = 1

========================================================================
Received Import Request.
  Time since last request: 0.000079 seconds.
  path: Packages/com.unity.xr.arfoundation/Runtime/ARSubsystems/SharedStringBuilder.cs
  artifactKey: Guid(75d847fbdbc3c4c8fb8960ccebf2d2f6) Importer(2089858483,b0f066a214c2f5e87bad3c948f4d605d)
Start importing Packages/com.unity.xr.arfoundation/Runtime/ARSubsystems/SharedStringBuilder.cs using Guid(75d847fbdbc3c4c8fb8960ccebf2d2f6) Importer(2089858483,b0f066a214c2f5e87bad3c948f4d605d) (ScriptedImporter) -> (artifact id: '017263736d1e83d5a32a86cd72f378df') in 0.0253257 seconds
Number of updated asset objects reloaded before import = 0Number of asset objects unloaded after import = 0

========================================================================
Received Import Request.
  Time since last request: 0.000072 seconds.
  path: Packages/com.unity.xr.arfoundation/Runtime/InternalUtils/ObjectPoolCreateUtil.cs
  artifactKey: Guid(416eb10192cf41b997ef4fd3ba977aec) Importer(2089858483,b0f066a214c2f5e87bad3c948f4d605d)
Start importing Packages/com.unity.xr.arfoundation/Runtime/InternalUtils/ObjectPoolCreateUtil.cs using Guid(416eb10192cf41b997ef4fd3ba977aec) Importer(2089858483,b0f066a214c2f5e87bad3c948f4d605d) (ScriptedImporter) -> (artifact id: '2e9972f686e603f397775ba2e99addd1') in 0.0406836 seconds
Number of updated asset objects reloaded before import = 0Number of asset objects unloaded after import = 0

========================================================================
Received Import Request.
  Time since last request: 0.000131 seconds.
  path: Packages/com.unity.xr.arfoundation/Runtime/Simulation/XRSimulationRuntimeSettings.cs
  artifactKey: Guid(e2b12afd4d27418a9cfb2823fe2b9ff3) Importer(2089858483,b0f066a214c2f5e87bad3c948f4d605d)
Start importing Packages/com.unity.xr.arfoundation/Runtime/Simulation/XRSimulationRuntimeSettings.cs using Guid(e2b12afd4d27418a9cfb2823fe2b9ff3) Importer(2089858483,b0f066a214c2f5e87bad3c948f4d605d) (ScriptedImporter) -> (artifact id: 'b4d00244ac412526b0c16bd003e84837') in 0.1336944 seconds
Number of updated asset objects reloaded before import = 0Number of asset objects unloaded after import = 0

========================================================================
Received Import Request.
  Time since last request: 0.000935 seconds.
  path: Packages/com.unity.xr.arfoundation/Editor/Simulation/Analytics/SimulationUIAnalyticsEvent.cs
  artifactKey: Guid(21463f24df224b079249939303cc0ef8) Importer(2089858483,b0f066a214c2f5e87bad3c948f4d605d)
Start importing Packages/com.unity.xr.arfoundation/Editor/Simulation/Analytics/SimulationUIAnalyticsEvent.cs using Guid(21463f24df224b079249939303cc0ef8) Importer(2089858483,b0f066a214c2f5e87bad3c948f4d605d) (ScriptedImporter) -> (artifact id: '5facbf0981e6068bba5dcbaa58ef28e8') in 0.0405078 seconds
Number of updated asset objects reloaded before import = 0Number of asset objects unloaded after import = 0

========================================================================
Received Import Request.
  Time since last request: 0.000281 seconds.
  path: Packages/com.unity.xr.arfoundation/Assets/Prefabs/OriginTransform.prefab
  artifactKey: Guid(78be84f5d3a3c41f9ab0093b3f712a4e) Importer(2089858483,b0f066a214c2f5e87bad3c948f4d605d)
Start importing Packages/com.unity.xr.arfoundation/Assets/Prefabs/OriginTransform.prefab using Guid(78be84f5d3a3c41f9ab0093b3f712a4e) Importer(2089858483,b0f066a214c2f5e87bad3c948f4d605d) (ScriptedImporter) -> (artifact id: '6803d65fa9c9c3c522dbf89bc6d08699') in 0.0582036 seconds
Number of updated asset objects reloaded before import = 0Number of asset objects unloaded after import = 36

========================================================================
Received Import Request.
  Time since last request: 0.000050 seconds.
  path: Packages/com.unity.inputsystem/InputSystem/Editor/Icons/Pen.png
  artifactKey: Guid(ea8b7319643924985a9ee4ca18b8db59) Importer(2089858483,b0f066a214c2f5e87bad3c948f4d605d)
Start importing Packages/com.unity.inputsystem/InputSystem/Editor/Icons/Pen.png using Guid(ea8b7319643924985a9ee4ca18b8db59) Importer(2089858483,b0f066a214c2f5e87bad3c948f4d605d) (ScriptedImporter) -> (artifact id: '9337615ac511ab3317f97c136763fd6a') in 0.0554672 seconds
Number of updated asset objects reloaded before import = 0Number of asset objects unloaded after import = 1

========================================================================
Received Import Request.
  Time since last request: 0.000169 seconds.
  path: Packages/com.unity.modules.androidjni/package.ModuleCompilationTrigger
  artifactKey: Guid(c82e859b16636ddd2ca4a1f63fd34938) Importer(2089858483,b0f066a214c2f5e87bad3c948f4d605d)
Start importing Packages/com.unity.modules.androidjni/package.ModuleCompilationTrigger using Guid(c82e859b16636ddd2ca4a1f63fd34938) Importer(2089858483,b0f066a214c2f5e87bad3c948f4d605d) (ScriptedImporter) -> (artifact id: 'b96d300144f5af2b4939a9e747592df4') in 0.0313636 seconds
Number of updated asset objects reloaded before import = 0Number of asset objects unloaded after import = 1

========================================================================
Received Import Request.
  Time since last request: 0.000215 seconds.
  path: Packages/com.unity.xr.arfoundation/Assets/Materials/ZAxis.mat
  artifactKey: Guid(2a5d17639da1f4bdd83f4cd9cdbd5640) Importer(2089858483,b0f066a214c2f5e87bad3c948f4d605d)
Start importing Packages/com.unity.xr.arfoundation/Assets/Materials/ZAxis.mat using Guid(2a5d17639da1f4bdd83f4cd9cdbd5640) Importer(2089858483,b0f066a214c2f5e87bad3c948f4d605d) (ScriptedImporter) -> (artifact id: '10ce737dba4e62b79fd7a20820552445') in 0.0366695 seconds
Number of updated asset objects reloaded before import = 0Number of asset objects unloaded after import = 1

========================================================================
Received Import Request.
  Time since last request: 0.000077 seconds.
  path: Packages/com.unity.inputsystem/InputSystem/Editor/Debugger/InputDeviceDebuggerWindow.cs
  artifactKey: Guid(ea7d19a9cdd73486689f292cc9d38018) Importer(2089858483,b0f066a214c2f5e87bad3c948f4d605d)
Start importing Packages/com.unity.inputsystem/InputSystem/Editor/Debugger/InputDeviceDebuggerWindow.cs using Guid(ea7d19a9cdd73486689f292cc9d38018) Importer(2089858483,b0f066a214c2f5e87bad3c948f4d605d) (ScriptedImporter) -> (artifact id: 'c9fae46d53f1b4c139b7d9e9ee2d671c') in 0.0397362 seconds
Number of updated asset objects reloaded before import = 0Number of asset objects unloaded after import = 0

========================================================================
Received Import Request.
  Time since last request: 0.000485 seconds.
  path: Packages/com.unity.xr.management/Tests/TestPackage/Editor/TestSettingsEditor.cs
  artifactKey: Guid(42e3aee306e61d04e86b1f31768ef309) Importer(2089858483,b0f066a214c2f5e87bad3c948f4d605d)
Start importing Packages/com.unity.xr.management/Tests/TestPackage/Editor/TestSettingsEditor.cs using Guid(42e3aee306e61d04e86b1f31768ef309) Importer(2089858483,b0f066a214c2f5e87bad3c948f4d605d) (ScriptedImporter) -> (artifact id: '90206b326696438de40492ef203666dd') in 0.0359861 seconds
Number of updated asset objects reloaded before import = 0Number of asset objects unloaded after import = 0

========================================================================
Received Import Request.
  Time since last request: 0.000466 seconds.
  path: Packages/com.unity.ide.rider/Rider/Editor/ProjectGeneration/LastWriteTracker.cs
  artifactKey: Guid(7019e230344c48d4b81602e2e978e5de) Importer(2089858483,b0f066a214c2f5e87bad3c948f4d605d)
Start importing Packages/com.unity.ide.rider/Rider/Editor/ProjectGeneration/LastWriteTracker.cs using Guid(7019e230344c48d4b81602e2e978e5de) Importer(2089858483,b0f066a214c2f5e87bad3c948f4d605d) (ScriptedImporter) -> (artifact id: '2af664db855b07a167269cb5fd9f2ef0') in 0.0341746 seconds
Number of updated asset objects reloaded before import = 0Number of asset objects unloaded after import = 0

========================================================================
Received Import Request.
  Time since last request: 0.000398 seconds.
  path: Packages/com.unity.xr.management/Tests/StandaloneSubsystem/StandaloneSubsystemDescriptor.cs
  artifactKey: Guid(013b7dbbc8ec54c4182940c05c060ee9) Importer(2089858483,b0f066a214c2f5e87bad3c948f4d605d)
Start importing Packages/com.unity.xr.management/Tests/StandaloneSubsystem/StandaloneSubsystemDescriptor.cs using Guid(013b7dbbc8ec54c4182940c05c060ee9) Importer(2089858483,b0f066a214c2f5e87bad3c948f4d605d) (ScriptedImporter) -> (artifact id: '8154a8417fb217ed442796fe9faca9b4') in 0.0627252 seconds
Number of updated asset objects reloaded before import = 0Number of asset objects unloaded after import = 0

========================================================================
Received Import Request.
  Time since last request: 0.000090 seconds.
  path: Packages/com.unity.inputsystem/InputSystem/Editor/Icons/ChevronUp.png
  artifactKey: Guid(a9fe7c3d19af4432b9ae2a5172f4ea72) Importer(2089858483,b0f066a214c2f5e87bad3c948f4d605d)
Start importing Packages/com.unity.inputsystem/InputSystem/Editor/Icons/ChevronUp.png using Guid(a9fe7c3d19af4432b9ae2a5172f4ea72) Importer(2089858483,b0f066a214c2f5e87bad3c948f4d605d) (ScriptedImporter) -> (artifact id: '7f3c8a8b7385965721e490bf670503a6') in 0.0984764 seconds
Number of updated asset objects reloaded before import = 0Number of asset objects unloaded after import = 1

========================================================================
Received Import Request.
  Time since last request: 0.000677 seconds.
  path: Packages/com.unity.inputsystem/InputSystem/Editor/ControlPicker/InputControlPathEditor.cs
  artifactKey: Guid(924d7617bcdc84f8ea1c0d0ce6466a30) Importer(2089858483,b0f066a214c2f5e87bad3c948f4d605d)
Start importing Packages/com.unity.inputsystem/InputSystem/Editor/ControlPicker/InputControlPathEditor.cs using Guid(924d7617bcdc84f8ea1c0d0ce6466a30) Importer(2089858483,b0f066a214c2f5e87bad3c948f4d605d) (ScriptedImporter) -> (artifact id: 'bb5a61c3c679fd6edbe8f3eecdd008eb') in 0.0700945 seconds
Number of updated asset objects reloaded before import = 0Number of asset objects unloaded after import = 0

========================================================================
Received Import Request.
  Time since last request: 0.001419 seconds.
  path: Packages/com.unity.xr.arfoundation/Runtime/ARFoundation/Textures/ISwapchainStrategy.cs
  artifactKey: Guid(158c59ce7c9f4202b598c5fb7887c0ac) Importer(2089858483,b0f066a214c2f5e87bad3c948f4d605d)
Start importing Packages/com.unity.xr.arfoundation/Runtime/ARFoundation/Textures/ISwapchainStrategy.cs using Guid(158c59ce7c9f4202b598c5fb7887c0ac) Importer(2089858483,b0f066a214c2f5e87bad3c948f4d605d) (ScriptedImporter) -> (artifact id: '1b115da5d1f4754f4b957e756da06164') in 0.0393884 seconds
Number of updated asset objects reloaded before import = 0Number of asset objects unloaded after import = 0

========================================================================
Received Import Request.
  Time since last request: 0.001638 seconds.
  path: Packages/com.unity.xr.arfoundation/Runtime/ARSubsystems/BoundingBoxSubsystem/XRBoundingBoxSubsystemDescriptor.cs
  artifactKey: Guid(cef289a9c30e479e9c9d275e48d75bb7) Importer(2089858483,b0f066a214c2f5e87bad3c948f4d605d)
Start importing Packages/com.unity.xr.arfoundation/Runtime/ARSubsystems/BoundingBoxSubsystem/XRBoundingBoxSubsystemDescriptor.cs using Guid(cef289a9c30e479e9c9d275e48d75bb7) Importer(2089858483,b0f066a214c2f5e87bad3c948f4d605d) (ScriptedImporter) -> (artifact id: 'a4008da17701b4165812182e89398b2f') in 0.033538 seconds
Number of updated asset objects reloaded before import = 0Number of asset objects unloaded after import = 0

========================================================================
Received Import Request.
  Time since last request: 0.000348 seconds.
  path: Packages/com.unity.xr.arfoundation/Runtime/ARSubsystems/BoundingBoxSubsystem/XRBoundingBoxBuilder.cs
  artifactKey: Guid(f9a30e9bb1aa482cb5c8560dfd92e075) Importer(2089858483,b0f066a214c2f5e87bad3c948f4d605d)
Start importing Packages/com.unity.xr.arfoundation/Runtime/ARSubsystems/BoundingBoxSubsystem/XRBoundingBoxBuilder.cs using Guid(f9a30e9bb1aa482cb5c8560dfd92e075) Importer(2089858483,b0f066a214c2f5e87bad3c948f4d605d) (ScriptedImporter) -> (artifact id: '8582087dc6b474ef3d390c0e53548fe9') in 0.0335053 seconds
Number of updated asset objects reloaded before import = 0Number of asset objects unloaded after import = 0

========================================================================
Received Import Request.
  Time since last request: 0.001961 seconds.
  path: Packages/com.unity.xr.arfoundation/Runtime/ARFoundation/Deprecated/ARPlanesChangedEventArgs.deprecated.cs
  artifactKey: Guid(4c1d505cf04abe44f932e086699662a6) Importer(2089858483,b0f066a214c2f5e87bad3c948f4d605d)
Start importing Packages/com.unity.xr.arfoundation/Runtime/ARFoundation/Deprecated/ARPlanesChangedEventArgs.deprecated.cs using Guid(4c1d505cf04abe44f932e086699662a6) Importer(2089858483,b0f066a214c2f5e87bad3c948f4d605d) (ScriptedImporter) -> (artifact id: '760812a9b12d960ee445dadf87c4b6db') in 0.081701 seconds
Number of updated asset objects reloaded before import = 0Number of asset objects unloaded after import = 1

========================================================================
Received Import Request.
  Time since last request: 0.000723 seconds.
  path: Packages/com.unity.xr.arfoundation/Editor/VisualScripting/Deprecated/TrackedImagesChangedEventUnitDescriptor.deprecated.cs
  artifactKey: Guid(1d80902c4f7464863949e8f58dc92787) Importer(2089858483,b0f066a214c2f5e87bad3c948f4d605d)
Start importing Packages/com.unity.xr.arfoundation/Editor/VisualScripting/Deprecated/TrackedImagesChangedEventUnitDescriptor.deprecated.cs using Guid(1d80902c4f7464863949e8f58dc92787) Importer(2089858483,b0f066a214c2f5e87bad3c948f4d605d) (ScriptedImporter) -> (artifact id: 'f2eea126d8637f5521585a11c161b9d2') in 0.0555325 seconds
Number of updated asset objects reloaded before import = 0Number of asset objects unloaded after import = 0

========================================================================
Received Import Request.
  Time since last request: 0.000096 seconds.
  path: Packages/com.unity.xr.arfoundation/Runtime/ARFoundation/Deprecated/ARPlaneMeshGenerators.deprecated.cs
  artifactKey: Guid(e1d3b0f541190fc4995f7c69c961157f) Importer(2089858483,b0f066a214c2f5e87bad3c948f4d605d)
Start importing Packages/com.unity.xr.arfoundation/Runtime/ARFoundation/Deprecated/ARPlaneMeshGenerators.deprecated.cs using Guid(e1d3b0f541190fc4995f7c69c961157f) Importer(2089858483,b0f066a214c2f5e87bad3c948f4d605d) (ScriptedImporter) -> (artifact id: '4476be2f4165444db195ae4106940766') in 0.0509277 seconds
Number of updated asset objects reloaded before import = 0Number of asset objects unloaded after import = 1

========================================================================
Received Import Request.
  Time since last request: 0.000175 seconds.
  path: Packages/com.unity.xr.arfoundation/Runtime/ARSubsystems/CameraSubsystem/LightEstimationMode.cs
  artifactKey: Guid(cbab09714adeb4e0389f03fcc88931f5) Importer(2089858483,b0f066a214c2f5e87bad3c948f4d605d)
Start importing Packages/com.unity.xr.arfoundation/Runtime/ARSubsystems/CameraSubsystem/LightEstimationMode.cs using Guid(cbab09714adeb4e0389f03fcc88931f5) Importer(2089858483,b0f066a214c2f5e87bad3c948f4d605d) (ScriptedImporter) -> (artifact id: '19b1552382329266b4f3ced332780d57') in 0.0326148 seconds
Number of updated asset objects reloaded before import = 0Number of asset objects unloaded after import = 0

========================================================================
Received Import Request.
  Time since last request: 0.000175 seconds.
  path: Packages/com.unity.inputsystem/InputSystem/Editor/Icons/Dpad.png
  artifactKey: Guid(e76f0489d4db34a2fbc3532e07f2848a) Importer(2089858483,b0f066a214c2f5e87bad3c948f4d605d)
Start importing Packages/com.unity.inputsystem/InputSystem/Editor/Icons/Dpad.png using Guid(e76f0489d4db34a2fbc3532e07f2848a) Importer(2089858483,b0f066a214c2f5e87bad3c948f4d605d) (ScriptedImporter) -> (artifact id: 'e98e73169d56aec46603d30a14b025aa') in 0.0778558 seconds
Number of updated asset objects reloaded before import = 0Number of asset objects unloaded after import = 1

========================================================================
Received Import Request.
  Time since last request: 0.004102 seconds.
  path: Packages/com.unity.ide.rider/Rider/Editor/JetBrains.Rider.PathLocator.dll
  artifactKey: Guid(ea3ec41b33345cd4f9298a51abdaa198) Importer(2089858483,b0f066a214c2f5e87bad3c948f4d605d)
Start importing Packages/com.unity.ide.rider/Rider/Editor/JetBrains.Rider.PathLocator.dll using Guid(ea3ec41b33345cd4f9298a51abdaa198) Importer(2089858483,b0f066a214c2f5e87bad3c948f4d605d) (ScriptedImporter) -> (artifact id: '32367955c5bc892890fec1b29ec68223') in 0.0469501 seconds
Number of updated asset objects reloaded before import = 0Number of asset objects unloaded after import = 0

========================================================================
Received Import Request.
  Time since last request: 0.001137 seconds.
  path: Packages/com.unity.inputsystem/InputSystem/Editor/PropertyDrawers/InputActionDrawerBase.cs
  artifactKey: Guid(ba2c9cc57fa154716b6f077bf9c1c193) Importer(2089858483,b0f066a214c2f5e87bad3c948f4d605d)
Start importing Packages/com.unity.inputsystem/InputSystem/Editor/PropertyDrawers/InputActionDrawerBase.cs using Guid(ba2c9cc57fa154716b6f077bf9c1c193) Importer(2089858483,b0f066a214c2f5e87bad3c948f4d605d) (ScriptedImporter) -> (artifact id: '7ab2d28fa2176482234f4bfc3585879b') in 0.0292414 seconds
Number of updated asset objects reloaded before import = 0Number of asset objects unloaded after import = 0

========================================================================
Received Import Request.
  Time since last request: 0.000215 seconds.
  path: Packages/com.unity.inputsystem/InputSystem/Editor/Icons/Position@2x.png
  artifactKey: Guid(a3fa73829479e4b41965e749fcca7c12) Importer(2089858483,b0f066a214c2f5e87bad3c948f4d605d)
Start importing Packages/com.unity.inputsystem/InputSystem/Editor/Icons/Position@2x.png using Guid(a3fa73829479e4b41965e749fcca7c12) Importer(2089858483,b0f066a214c2f5e87bad3c948f4d605d) (ScriptedImporter) -> (artifact id: 'c672f731c69f4c598a59c7e13bb98ec3') in 0.0415595 seconds
Number of updated asset objects reloaded before import = 0Number of asset objects unloaded after import = 1

========================================================================
Received Import Request.
  Time since last request: 0.000940 seconds.
  path: Packages/com.unity.inputsystem/InputSystem/Editor/Icons/Joystick@3x.png
  artifactKey: Guid(a4610f64a5a4e4625b1ddbd44b04c5a6) Importer(2089858483,b0f066a214c2f5e87bad3c948f4d605d)
Start importing Packages/com.unity.inputsystem/InputSystem/Editor/Icons/Joystick@3x.png using Guid(a4610f64a5a4e4625b1ddbd44b04c5a6) Importer(2089858483,b0f066a214c2f5e87bad3c948f4d605d) (ScriptedImporter) -> (artifact id: '56f31fb072eb32a3758c8f24376277f1') in 0.0682949 seconds
Number of updated asset objects reloaded before import = 0Number of asset objects unloaded after import = 1

========================================================================
Received Import Request.
  Time since last request: 0.011479 seconds.
  path: Packages/com.unity.inputsystem/InputSystem/Runtime/Events/StateEvent.cs
  artifactKey: Guid(d9ce7842660d4bf89a86f378ecffb8f1) Importer(2089858483,b0f066a214c2f5e87bad3c948f4d605d)
Start importing Packages/com.unity.inputsystem/InputSystem/Runtime/Events/StateEvent.cs using Guid(d9ce7842660d4bf89a86f378ecffb8f1) Importer(2089858483,b0f066a214c2f5e87bad3c948f4d605d) (ScriptedImporter) -> (artifact id: '761cf852335c83122cb9739465d576b5') in 0.0291735 seconds
Number of updated asset objects reloaded before import = 0Number of asset objects unloaded after import = 0

========================================================================
Received Import Request.
  Time since last request: 0.004041 seconds.
  path: Packages/com.unity.ide.rider/Rider/Editor/EditorPluginInterop.cs
  artifactKey: Guid(f9bd02a3a916be64c9b47b1305149423) Importer(2089858483,b0f066a214c2f5e87bad3c948f4d605d)
Start importing Packages/com.unity.ide.rider/Rider/Editor/EditorPluginInterop.cs using Guid(f9bd02a3a916be64c9b47b1305149423) Importer(2089858483,b0f066a214c2f5e87bad3c948f4d605d) (ScriptedImporter) -> (artifact id: '0dfe9b53805cf7eb25ac0f82f912d576') in 0.0414149 seconds
Number of updated asset objects reloaded before import = 0Number of asset objects unloaded after import = 0

========================================================================
Received Import Request.
  Time since last request: 0.002221 seconds.
  path: Packages/com.unity.xr.arfoundation/Runtime/ARFoundation/AREnvironmentProbe.cs
  artifactKey: Guid(331c0afeda2534f8ea53f18fae482808) Importer(2089858483,b0f066a214c2f5e87bad3c948f4d605d)
Start importing Packages/com.unity.xr.arfoundation/Runtime/ARFoundation/AREnvironmentProbe.cs using Guid(331c0afeda2534f8ea53f18fae482808) Importer(2089858483,b0f066a214c2f5e87bad3c948f4d605d) (ScriptedImporter) -> (artifact id: '109806a0d4b7c11173f7f7eab270f284') in 0.0427749 seconds
Number of updated asset objects reloaded before import = 0Number of asset objects unloaded after import = 1

========================================================================
Received Import Request.
  Time since last request: 0.000098 seconds.
  path: Packages/com.unity.xr.arfoundation/Runtime/ARSubsystems/CameraSubsystem/XRCameraSubsystem.cs
  artifactKey: Guid(884fdcf2d7f8f4ae183843b15d362c3f) Importer(2089858483,b0f066a214c2f5e87bad3c948f4d605d)
Start importing Packages/com.unity.xr.arfoundation/Runtime/ARSubsystems/CameraSubsystem/XRCameraSubsystem.cs using Guid(884fdcf2d7f8f4ae183843b15d362c3f) Importer(2089858483,b0f066a214c2f5e87bad3c948f4d605d) (ScriptedImporter) -> (artifact id: '807f62380e89e42142ab6601599d7d62') in 0.0374889 seconds
Number of updated asset objects reloaded before import = 0Number of asset objects unloaded after import = 0

========================================================================
Received Import Request.
  Time since last request: 0.000061 seconds.
  path: Packages/com.unity.xr.arfoundation/Runtime/ARSubsystems/ObjectTrackingSubsystem/XRReferenceObjectEntry.cs
  artifactKey: Guid(26a137360bb3b49daa5266fb487233c0) Importer(2089858483,b0f066a214c2f5e87bad3c948f4d605d)
Start importing Packages/com.unity.xr.arfoundation/Runtime/ARSubsystems/ObjectTrackingSubsystem/XRReferenceObjectEntry.cs using Guid(26a137360bb3b49daa5266fb487233c0) Importer(2089858483,b0f066a214c2f5e87bad3c948f4d605d) (ScriptedImporter) -> (artifact id: '6bcc36f33ae4c209f050efeccf8ad119') in 0.0665261 seconds
Number of updated asset objects reloaded before import = 0Number of asset objects unloaded after import = 0

========================================================================
Received Import Request.
  Time since last request: 0.000945 seconds.
  path: Packages/com.unity.xr.arfoundation/Runtime/ARSubsystems/FaceSubsystem/XRFaceBlendShape.cs
  artifactKey: Guid(938bbf5161bc81343a53e86f74e80c43) Importer(2089858483,b0f066a214c2f5e87bad3c948f4d605d)
Start importing Packages/com.unity.xr.arfoundation/Runtime/ARSubsystems/FaceSubsystem/XRFaceBlendShape.cs using Guid(938bbf5161bc81343a53e86f74e80c43) Importer(2089858483,b0f066a214c2f5e87bad3c948f4d605d) (ScriptedImporter) -> (artifact id: '169e90212afcee5d7662a9e2af1bc92f') in 0.0557009 seconds
Number of updated asset objects reloaded before import = 0Number of asset objects unloaded after import = 0

========================================================================
Received Import Request.
  Time since last request: 0.000240 seconds.
  path: Packages/com.unity.xr.arfoundation/Assets/Prefabs/DebugLineRenderer.prefab
  artifactKey: Guid(6a8d857d8706540509e4fcd02ea92f74) Importer(2089858483,b0f066a214c2f5e87bad3c948f4d605d)
Start importing Packages/com.unity.xr.arfoundation/Assets/Prefabs/DebugLineRenderer.prefab using Guid(6a8d857d8706540509e4fcd02ea92f74) Importer(2089858483,b0f066a214c2f5e87bad3c948f4d605d) (ScriptedImporter) -> (artifact id: '294b4c39420089b313dc0d5bebc1213c') in 0.0849357 seconds
Number of updated asset objects reloaded before import = 0Number of asset objects unloaded after import = 5

========================================================================
Received Import Request.
  Time since last request: 0.000052 seconds.
  path: Packages/com.unity.mathematics/Tests/Tests/Shared/TestMinMaxAABB.cs
  artifactKey: Guid(ff79137b66b3348278b1936f9080f495) Importer(2089858483,b0f066a214c2f5e87bad3c948f4d605d)
Start importing Packages/com.unity.mathematics/Tests/Tests/Shared/TestMinMaxAABB.cs using Guid(ff79137b66b3348278b1936f9080f495) Importer(2089858483,b0f066a214c2f5e87bad3c948f4d605d) (ScriptedImporter) -> (artifact id: '391d4d85a9013de0be13b32b840a861c') in 0.0476821 seconds
Number of updated asset objects reloaded before import = 0Number of asset objects unloaded after import = 0

========================================================================
Received Import Request.
  Time since last request: 0.000051 seconds.
  path: Packages/com.unity.xr.arcore/LICENSE.md
  artifactKey: Guid(e402e93c2bdd5d6488cd2e2dc9bf7386) Importer(2089858483,b0f066a214c2f5e87bad3c948f4d605d)
Start importing Packages/com.unity.xr.arcore/LICENSE.md using Guid(e402e93c2bdd5d6488cd2e2dc9bf7386) Importer(2089858483,b0f066a214c2f5e87bad3c948f4d605d) (ScriptedImporter) -> (artifact id: '094ed075837b0281061ccc468330b922') in 0.0288466 seconds
Number of updated asset objects reloaded before import = 0Number of asset objects unloaded after import = 1

========================================================================
Received Import Request.
  Time since last request: 0.001382 seconds.
  path: Packages/com.unity.inputsystem/InputSystem/Editor/Internal/AdvancedDropdown/AdvancedDropdownWindow.cs
  artifactKey: Guid(c46ed0dd23ba548fd87436e8c89334e9) Importer(2089858483,b0f066a214c2f5e87bad3c948f4d605d)
Start importing Packages/com.unity.inputsystem/InputSystem/Editor/Internal/AdvancedDropdown/AdvancedDropdownWindow.cs using Guid(c46ed0dd23ba548fd87436e8c89334e9) Importer(2089858483,b0f066a214c2f5e87bad3c948f4d605d) (ScriptedImporter) -> (artifact id: 'e27a95e71b689174a298d1e8667251b9') in 0.0307069 seconds
Number of updated asset objects reloaded before import = 0Number of asset objects unloaded after import = 0

========================================================================
Received Import Request.
  Time since last request: 0.002570 seconds.
  path: Packages/com.unity.inputsystem/InputSystem/Editor/Debugger/SampleFrequencyCalculator.cs
  artifactKey: Guid(fdd7c783de844fefa8df8acfd36b9dc9) Importer(2089858483,b0f066a214c2f5e87bad3c948f4d605d)
Start importing Packages/com.unity.inputsystem/InputSystem/Editor/Debugger/SampleFrequencyCalculator.cs using Guid(fdd7c783de844fefa8df8acfd36b9dc9) Importer(2089858483,b0f066a214c2f5e87bad3c948f4d605d) (ScriptedImporter) -> (artifact id: '3920fe20c4d975d3715b4fe6aa11aa17') in 0.0458912 seconds
Number of updated asset objects reloaded before import = 0Number of asset objects unloaded after import = 0

========================================================================
Received Import Request.
  Time since last request: 0.000312 seconds.
  path: Packages/com.unity.mathematics/Tests/Tests/Shared/TestInt4x4.gen.cs
  artifactKey: Guid(17b4cf050aaf4e44e965ec9de78ce8bd) Importer(2089858483,b0f066a214c2f5e87bad3c948f4d605d)
Start importing Packages/com.unity.mathematics/Tests/Tests/Shared/TestInt4x4.gen.cs using Guid(17b4cf050aaf4e44e965ec9de78ce8bd) Importer(2089858483,b0f066a214c2f5e87bad3c948f4d605d) (ScriptedImporter) -> (artifact id: '52c7b543c5a15831f776ec858a9b60fd') in 0.0318927 seconds
Number of updated asset objects reloaded before import = 0Number of asset objects unloaded after import = 0

========================================================================
Received Import Request.
  Time since last request: 0.000579 seconds.
  path: Packages/com.unity.xr.arfoundation/Runtime/ARFoundation/AssemblyInfo.cs
  artifactKey: Guid(45b274d6d3da5470d8f61867c6ea905f) Importer(2089858483,b0f066a214c2f5e87bad3c948f4d605d)
Start importing Packages/com.unity.xr.arfoundation/Runtime/ARFoundation/AssemblyInfo.cs using Guid(45b274d6d3da5470d8f61867c6ea905f) Importer(2089858483,b0f066a214c2f5e87bad3c948f4d605d) (ScriptedImporter) -> (artifact id: '6224cd52ffe77781f9d58ab53d28006f') in 0.0337227 seconds
Number of updated asset objects reloaded before import = 0Number of asset objects unloaded after import = 0

========================================================================
Received Import Request.
  Time since last request: 0.000455 seconds.
  path: Packages/com.unity.xr.arcore/Runtime/ARCoreFaceRegion.cs
  artifactKey: Guid(b9fdc04306d5ef44fa397a754f1afe49) Importer(2089858483,b0f066a214c2f5e87bad3c948f4d605d)
Start importing Packages/com.unity.xr.arcore/Runtime/ARCoreFaceRegion.cs using Guid(b9fdc04306d5ef44fa397a754f1afe49) Importer(2089858483,b0f066a214c2f5e87bad3c948f4d605d) (ScriptedImporter) -> (artifact id: 'f8cef47556468ee72522b0d7ec50e7a6') in 0.0506089 seconds
Number of updated asset objects reloaded before import = 0Number of asset objects unloaded after import = 0

========================================================================
Received Import Request.
  Time since last request: 0.001326 seconds.
  path: Packages/com.unity.ide.rider/package.json
  artifactKey: Guid(66c95bb3c74257f41bae2622511dc02d) Importer(2089858483,b0f066a214c2f5e87bad3c948f4d605d)
Start importing Packages/com.unity.ide.rider/package.json using Guid(66c95bb3c74257f41bae2622511dc02d) Importer(2089858483,b0f066a214c2f5e87bad3c948f4d605d) (ScriptedImporter) -> (artifact id: 'c63b0dc4619ec000b282577c04acc01c') in 0.0322693 seconds
Number of updated asset objects reloaded before import = 0Number of asset objects unloaded after import = 1

========================================================================
Received Import Request.
  Time since last request: 0.000051 seconds.
  path: Packages/com.unity.xr.arfoundation/Runtime/ARFoundation/Deprecated/ARHumanBodiesChangedEventArgs.deprecated.cs
  artifactKey: Guid(c60f5a0d0fc924ace85e45c318e892fa) Importer(2089858483,b0f066a214c2f5e87bad3c948f4d605d)
Start importing Packages/com.unity.xr.arfoundation/Runtime/ARFoundation/Deprecated/ARHumanBodiesChangedEventArgs.deprecated.cs using Guid(c60f5a0d0fc924ace85e45c318e892fa) Importer(2089858483,b0f066a214c2f5e87bad3c948f4d605d) (ScriptedImporter) -> (artifact id: '590ffc92debb59bd20ed78842d02c293') in 0.0301366 seconds
Number of updated asset objects reloaded before import = 0Number of asset objects unloaded after import = 0

========================================================================
Received Import Request.
  Time since last request: 0.000223 seconds.
  path: Packages/com.unity.modules.subsystems/package.ModuleCompilationTrigger
  artifactKey: Guid(8d4bc6bfa28760b29f13174d6b6ea710) Importer(2089858483,b0f066a214c2f5e87bad3c948f4d605d)
Start importing Packages/com.unity.modules.subsystems/package.ModuleCompilationTrigger using Guid(8d4bc6bfa28760b29f13174d6b6ea710) Importer(2089858483,b0f066a214c2f5e87bad3c948f4d605d) (ScriptedImporter) -> (artifact id: '031348b6555995cd6457132fd907c6e0') in 0.0279325 seconds
Number of updated asset objects reloaded before import = 0Number of asset objects unloaded after import = 1

========================================================================
Received Import Request.
  Time since last request: 0.000558 seconds.
  path: Packages/com.unity.xr.management/Tests/TestTooling/LoaderTestSetup.cs
  artifactKey: Guid(57a021d9ff05c6f4588567ea353dee33) Importer(2089858483,b0f066a214c2f5e87bad3c948f4d605d)
Start importing Packages/com.unity.xr.management/Tests/TestTooling/LoaderTestSetup.cs using Guid(57a021d9ff05c6f4588567ea353dee33) Importer(2089858483,b0f066a214c2f5e87bad3c948f4d605d) (ScriptedImporter) -> (artifact id: '39e20dd0300e8c124d0a83070b461e70') in 0.0542904 seconds
Number of updated asset objects reloaded before import = 0Number of asset objects unloaded after import = 0

========================================================================
Received Import Request.
  Time since last request: 0.000066 seconds.
  path: Packages/com.unity.inputsystem/InputSystem/Runtime/Controls/TouchControl.cs
  artifactKey: Guid(793d3fce58f547d688fdc78bee75cd30) Importer(2089858483,b0f066a214c2f5e87bad3c948f4d605d)
Start importing Packages/com.unity.inputsystem/InputSystem/Runtime/Controls/TouchControl.cs using Guid(793d3fce58f547d688fdc78bee75cd30) Importer(2089858483,b0f066a214c2f5e87bad3c948f4d605d) (ScriptedImporter) -> (artifact id: 'fc18a2099da8db26aafef6e3e95b09ad') in 0.034226 seconds
Number of updated asset objects reloaded before import = 0Number of asset objects unloaded after import = 0

========================================================================
Received Import Request.
  Time since last request: 0.000382 seconds.
  path: Packages/com.unity.mathematics/Unity.Mathematics/Noise/cellular3D.cs
  artifactKey: Guid(6cea5378726344e72bf53fa723c6c3fb) Importer(2089858483,b0f066a214c2f5e87bad3c948f4d605d)
Start importing Packages/com.unity.mathematics/Unity.Mathematics/Noise/cellular3D.cs using Guid(6cea5378726344e72bf53fa723c6c3fb) Importer(2089858483,b0f066a214c2f5e87bad3c948f4d605d) (ScriptedImporter) -> (artifact id: 'bb80093a47166f3822b22a34ba29947b') in 0.0347798 seconds
Number of updated asset objects reloaded before import = 0Number of asset objects unloaded after import = 0

========================================================================
Received Import Request.
  Time since last request: 0.002117 seconds.
  path: Packages/com.unity.xr.arfoundation/Runtime/ARSubsystems/RaycastSubsystem/XRRaycastSubsystem.cs
  artifactKey: Guid(d182b000d5d4a1b4a9a2575b9ab48c15) Importer(2089858483,b0f066a214c2f5e87bad3c948f4d605d)
Start importing Packages/com.unity.xr.arfoundation/Runtime/ARSubsystems/RaycastSubsystem/XRRaycastSubsystem.cs using Guid(d182b000d5d4a1b4a9a2575b9ab48c15) Importer(2089858483,b0f066a214c2f5e87bad3c948f4d605d) (ScriptedImporter) -> (artifact id: 'f45823aa681e5b6099e8a0c7970fb208') in 0.0380364 seconds
Number of updated asset objects reloaded before import = 0Number of asset objects unloaded after import = 0

========================================================================
Received Import Request.
  Time since last request: 0.000489 seconds.
  path: Packages/com.unity.xr.arfoundation/Runtime/ARSubsystems/PlaneTracking/PlaneClassification.deprecated.cs
  artifactKey: Guid(d0d2d5c8fb8fa47d6a23ffb79dbafbd7) Importer(2089858483,b0f066a214c2f5e87bad3c948f4d605d)
Start importing Packages/com.unity.xr.arfoundation/Runtime/ARSubsystems/PlaneTracking/PlaneClassification.deprecated.cs using Guid(d0d2d5c8fb8fa47d6a23ffb79dbafbd7) Importer(2089858483,b0f066a214c2f5e87bad3c948f4d605d) (ScriptedImporter) -> (artifact id: '7e4e822efa26e7657547b374b4a2c37c') in 0.0378415 seconds
Number of updated asset objects reloaded before import = 0Number of asset objects unloaded after import = 0

========================================================================
Received Import Request.
  Time since last request: 0.000612 seconds.
  path: Packages/com.unity.xr.arfoundation/Runtime/Simulation/Environment/SimulatedBoundedPlane.cs
  artifactKey: Guid(29341e3cec688724c89620641473c512) Importer(2089858483,b0f066a214c2f5e87bad3c948f4d605d)
Start importing Packages/com.unity.xr.arfoundation/Runtime/Simulation/Environment/SimulatedBoundedPlane.cs using Guid(29341e3cec688724c89620641473c512) Importer(2089858483,b0f066a214c2f5e87bad3c948f4d605d) (ScriptedImporter) -> (artifact id: '3aa0dc4c613f42b01cc365e69ecf955c') in 0.0335591 seconds
Number of updated asset objects reloaded before import = 0Number of asset objects unloaded after import = 0

========================================================================
Received Import Request.
  Time since last request: 0.004250 seconds.
  path: Packages/com.unity.xr.arfoundation/Runtime/Simulation/Environment/SimulatedLight.cs
  artifactKey: Guid(9e9c438cdb5b74e53bf9f8abde7ccec9) Importer(2089858483,b0f066a214c2f5e87bad3c948f4d605d)
Start importing Packages/com.unity.xr.arfoundation/Runtime/Simulation/Environment/SimulatedLight.cs using Guid(9e9c438cdb5b74e53bf9f8abde7ccec9) Importer(2089858483,b0f066a214c2f5e87bad3c948f4d605d) (ScriptedImporter) -> (artifact id: '207ee1f3393fe60bd206e3dcec4a0eb7') in 0.0329528 seconds
Number of updated asset objects reloaded before import = 0Number of asset objects unloaded after import = 0

========================================================================
Received Import Request.
  Time since last request: 0.001467 seconds.
  path: Packages/com.unity.mathematics/Tests/Tests/Shared/TestBool3.gen.cs
  artifactKey: Guid(d208b4e1c03551a499e9169aac737e5b) Importer(2089858483,b0f066a214c2f5e87bad3c948f4d605d)
Start importing Packages/com.unity.mathematics/Tests/Tests/Shared/TestBool3.gen.cs using Guid(d208b4e1c03551a499e9169aac737e5b) Importer(2089858483,b0f066a214c2f5e87bad3c948f4d605d) (ScriptedImporter) -> (artifact id: '0f2bc50e2b6087b41e7cdd0e09b80b90') in 0.0421405 seconds
Number of updated asset objects reloaded before import = 0Number of asset objects unloaded after import = 0

========================================================================
Received Import Request.
  Time since last request: 0.000317 seconds.
  path: Packages/com.unity.xr.arfoundation/Editor/VisualScripting/GetFacesUnitDescriptor.cs
  artifactKey: Guid(3b8d806c6e70e4da481fe8ef9ff3a92d) Importer(2089858483,b0f066a214c2f5e87bad3c948f4d605d)
Start importing Packages/com.unity.xr.arfoundation/Editor/VisualScripting/GetFacesUnitDescriptor.cs using Guid(3b8d806c6e70e4da481fe8ef9ff3a92d) Importer(2089858483,b0f066a214c2f5e87bad3c948f4d605d) (ScriptedImporter) -> (artifact id: '3cbc03642839581e6856657b4902e597') in 0.0311812 seconds
Number of updated asset objects reloaded before import = 0Number of asset objects unloaded after import = 0

========================================================================
Received Import Request.
  Time since last request: 0.000426 seconds.
  path: Packages/com.unity.inputsystem/CHANGELOG.md
  artifactKey: Guid(a3e12f7b92d6e49c0b430ae7813c2398) Importer(2089858483,b0f066a214c2f5e87bad3c948f4d605d)
Start importing Packages/com.unity.inputsystem/CHANGELOG.md using Guid(a3e12f7b92d6e49c0b430ae7813c2398) Importer(2089858483,b0f066a214c2f5e87bad3c948f4d605d) (ScriptedImporter) -> (artifact id: '84f0fca58e90faa796746b8669924803') in 0.0349845 seconds
Number of updated asset objects reloaded before import = 0Number of asset objects unloaded after import = 1

========================================================================
Received Import Request.
  Time since last request: 0.000060 seconds.
  path: Packages/com.unity.inputsystem/Tests/TestFixture/AssemblyInfo.cs
  artifactKey: Guid(674b72d5417404b9eac446749e3e2d5e) Importer(2089858483,b0f066a214c2f5e87bad3c948f4d605d)
Start importing Packages/com.unity.inputsystem/Tests/TestFixture/AssemblyInfo.cs using Guid(674b72d5417404b9eac446749e3e2d5e) Importer(2089858483,b0f066a214c2f5e87bad3c948f4d605d) (ScriptedImporter) -> (artifact id: 'bc017e80ddb6e4b8d9a7f55c0ea0a1bd') in 0.0369268 seconds
Number of updated asset objects reloaded before import = 0Number of asset objects unloaded after import = 0

========================================================================
Received Import Request.
  Time since last request: 0.000233 seconds.
  path: Packages/com.unity.xr.arfoundation/Runtime/ARSubsystems/SerializableDictionary.cs
  artifactKey: Guid(29e25eaf97ffb41f09f0ee403c074373) Importer(2089858483,b0f066a214c2f5e87bad3c948f4d605d)
Start importing Packages/com.unity.xr.arfoundation/Runtime/ARSubsystems/SerializableDictionary.cs using Guid(29e25eaf97ffb41f09f0ee403c074373) Importer(2089858483,b0f066a214c2f5e87bad3c948f4d605d) (ScriptedImporter) -> (artifact id: 'a49c2c4d754cdc301fefd2b1375f36cb') in 0.0308823 seconds
Number of updated asset objects reloaded before import = 0Number of asset objects unloaded after import = 0

========================================================================
Received Import Request.
  Time since last request: 0.000051 seconds.
  path: Packages/com.unity.xr.arfoundation/Runtime/ARSubsystems/TrackableId.cs
  artifactKey: Guid(d84f0ef4f07ab964d82d673f56872842) Importer(2089858483,b0f066a214c2f5e87bad3c948f4d605d)
Start importing Packages/com.unity.xr.arfoundation/Runtime/ARSubsystems/TrackableId.cs using Guid(d84f0ef4f07ab964d82d673f56872842) Importer(2089858483,b0f066a214c2f5e87bad3c948f4d605d) (ScriptedImporter) -> (artifact id: '53f2c87f3fba9a3b944c749fd3fcdd54') in 0.0319096 seconds
Number of updated asset objects reloaded before import = 0Number of asset objects unloaded after import = 0

========================================================================
Received Import Request.
  Time since last request: 0.000188 seconds.
  path: Packages/com.unity.xr.arfoundation/Runtime/ARSubsystems/ImageTrackingSubsystem/XRReferenceImageLibrary.cs
  artifactKey: Guid(848409ee8ba454f42a5ddff137688a27) Importer(2089858483,b0f066a214c2f5e87bad3c948f4d605d)
Start importing Packages/com.unity.xr.arfoundation/Runtime/ARSubsystems/ImageTrackingSubsystem/XRReferenceImageLibrary.cs using Guid(848409ee8ba454f42a5ddff137688a27) Importer(2089858483,b0f066a214c2f5e87bad3c948f4d605d) (ScriptedImporter) -> (artifact id: 'ba6ca097985bfbfff3cb8ed4ebca86ff') in 0.0432065 seconds
Number of updated asset objects reloaded before import = 0Number of asset objects unloaded after import = 1

========================================================================
Received Import Request.
  Time since last request: 0.000037 seconds.
  path: Packages/com.unity.xr.arfoundation/Runtime/ARFoundation/Deprecated/ARPointCloudChangedEventArgs.deprecated.cs
  artifactKey: Guid(18506283f6e884a4598c794c1247ff3c) Importer(2089858483,b0f066a214c2f5e87bad3c948f4d605d)
Start importing Packages/com.unity.xr.arfoundation/Runtime/ARFoundation/Deprecated/ARPointCloudChangedEventArgs.deprecated.cs using Guid(18506283f6e884a4598c794c1247ff3c) Importer(2089858483,b0f066a214c2f5e87bad3c948f4d605d) (ScriptedImporter) -> (artifact id: 'da4893c83f03477ab29457150e72edde') in 0.0340171 seconds
Number of updated asset objects reloaded before import = 0Number of asset objects unloaded after import = 1

========================================================================
Received Import Request.
  Time since last request: 0.002572 seconds.
  path: Packages/com.unity.xr.arfoundation/Runtime/Simulation/Environment/SimulatedTrackedImage.cs
  artifactKey: Guid(c39bb24e2bd7a482ca08117fb44b8e44) Importer(2089858483,b0f066a214c2f5e87bad3c948f4d605d)
Start importing Packages/com.unity.xr.arfoundation/Runtime/Simulation/Environment/SimulatedTrackedImage.cs using Guid(c39bb24e2bd7a482ca08117fb44b8e44) Importer(2089858483,b0f066a214c2f5e87bad3c948f4d605d) (ScriptedImporter) -> (artifact id: 'e0a819e186a089ade207fd4c968b7f3b') in 0.0368495 seconds
Number of updated asset objects reloaded before import = 0Number of asset objects unloaded after import = 0

========================================================================
Received Import Request.
  Time since last request: 0.000276 seconds.
  path: Packages/com.unity.xr.arfoundation/Runtime/ARFoundation/ARSessionState.cs
  artifactKey: Guid(031d25925d1dbfa46b1d5f40979c2338) Importer(2089858483,b0f066a214c2f5e87bad3c948f4d605d)
Start importing Packages/com.unity.xr.arfoundation/Runtime/ARFoundation/ARSessionState.cs using Guid(031d25925d1dbfa46b1d5f40979c2338) Importer(2089858483,b0f066a214c2f5e87bad3c948f4d605d) (ScriptedImporter) -> (artifact id: '2c69219343aac061f31e0b8a24e2dccc') in 0.0286226 seconds
Number of updated asset objects reloaded before import = 0Number of asset objects unloaded after import = 1

========================================================================
Received Import Request.
  Time since last request: 0.000052 seconds.
  path: Packages/com.unity.xr.arfoundation/Runtime/ARSubsystems/RaycastSubsystem/XRRaycastHit.cs
  artifactKey: Guid(6c267745db420b642bf89df9573f8a27) Importer(2089858483,b0f066a214c2f5e87bad3c948f4d605d)
Start importing Packages/com.unity.xr.arfoundation/Runtime/ARSubsystems/RaycastSubsystem/XRRaycastHit.cs using Guid(6c267745db420b642bf89df9573f8a27) Importer(2089858483,b0f066a214c2f5e87bad3c948f4d605d) (ScriptedImporter) -> (artifact id: '241492454603430c07187109eee8999c') in 0.0281093 seconds
Number of updated asset objects reloaded before import = 0Number of asset objects unloaded after import = 0

========================================================================
Received Import Request.
  Time since last request: 0.000070 seconds.
  path: Packages/com.unity.xr.arfoundation/Runtime/ARFoundation/IRaycaster.cs
  artifactKey: Guid(6c1d1d1fa92298641b8c8b81ddb7ec51) Importer(2089858483,b0f066a214c2f5e87bad3c948f4d605d)
Start importing Packages/com.unity.xr.arfoundation/Runtime/ARFoundation/IRaycaster.cs using Guid(6c1d1d1fa92298641b8c8b81ddb7ec51) Importer(2089858483,b0f066a214c2f5e87bad3c948f4d605d) (ScriptedImporter) -> (artifact id: 'a5f2eaf1a4bd50d6ae4ecb1bd32bc898') in 0.0645275 seconds
Number of updated asset objects reloaded before import = 0Number of asset objects unloaded after import = 1

========================================================================
Received Import Request.
  Time since last request: 0.000056 seconds.
  path: Packages/com.unity.xr.arfoundation/Runtime/Simulation/SimulationConstants.cs
  artifactKey: Guid(adca0934a0c49394d9937a75b8617d61) Importer(2089858483,b0f066a214c2f5e87bad3c948f4d605d)
Start importing Packages/com.unity.xr.arfoundation/Runtime/Simulation/SimulationConstants.cs using Guid(adca0934a0c49394d9937a75b8617d61) Importer(2089858483,b0f066a214c2f5e87bad3c948f4d605d) (ScriptedImporter) -> (artifact id: 'fff97cab7026584cea9c7818b73d404b') in 0.1037938 seconds
Number of updated asset objects reloaded before import = 0Number of asset objects unloaded after import = 0

========================================================================
Received Import Request.
  Time since last request: 0.124859 seconds.
  path: Packages/com.unity.xr.arfoundation/Runtime/Simulation/Subsystems/SimulationEnvironmentScanner.cs
  artifactKey: Guid(f5f4089786819437b834a6924d39a109) Importer(2089858483,b0f066a214c2f5e87bad3c948f4d605d)
Start importing Packages/com.unity.xr.arfoundation/Runtime/Simulation/Subsystems/SimulationEnvironmentScanner.cs using Guid(f5f4089786819437b834a6924d39a109) Importer(2089858483,b0f066a214c2f5e87bad3c948f4d605d) (ScriptedImporter) -> (artifact id: 'a7ff6d3967145865879e80111eea2505') in 0.2632569 seconds
Number of updated asset objects reloaded before import = 0Number of asset objects unloaded after import = 0

========================================================================
Received Import Request.
  Time since last request: 0.002842 seconds.
  path: Packages/com.unity.xr.arfoundation/Tests/Editor/XRSimulation/Unity.XR.Simulation.Editor.Tests.asmdef
  artifactKey: Guid(f50a736f6d33a44cb9d793c29c225733) Importer(2089858483,b0f066a214c2f5e87bad3c948f4d605d)
Start importing Packages/com.unity.xr.arfoundation/Tests/Editor/XRSimulation/Unity.XR.Simulation.Editor.Tests.asmdef using Guid(f50a736f6d33a44cb9d793c29c225733) Importer(2089858483,b0f066a214c2f5e87bad3c948f4d605d) (ScriptedImporter) -> (artifact id: '8d3fd7bb957f00ad353edae6ee1b22e5') in 0.299106 seconds
Number of updated asset objects reloaded before import = 0Number of asset objects unloaded after import = 1

========================================================================
Received Import Request.
  Time since last request: 0.047230 seconds.
  path: Packages/com.unity.xr.arfoundation/Tests/Editor/ARSubsystems/Unity.XR.ARSubsystems.Editor.Tests.asmdef
  artifactKey: Guid(beb96ec8ad8b849a787382738bb427ae) Importer(2089858483,b0f066a214c2f5e87bad3c948f4d605d)
Start importing Packages/com.unity.xr.arfoundation/Tests/Editor/ARSubsystems/Unity.XR.ARSubsystems.Editor.Tests.asmdef using Guid(beb96ec8ad8b849a787382738bb427ae) Importer(2089858483,b0f066a214c2f5e87bad3c948f4d605d) (ScriptedImporter) -> (artifact id: '81627ff64eeffac06195544a9ed9cd75') in 0.0957202 seconds
Number of updated asset objects reloaded before import = 0Number of asset objects unloaded after import = 1

========================================================================
Received Import Request.
  Time since last request: 0.011232 seconds.
  path: Packages/com.unity.xr.arfoundation/Tests/Editor/InternalUtils/PoseUtilsTests.cs
  artifactKey: Guid(7af422d370ec5410ba5005af6c3b7ce8) Importer(2089858483,b0f066a214c2f5e87bad3c948f4d605d)
Start importing Packages/com.unity.xr.arfoundation/Tests/Editor/InternalUtils/PoseUtilsTests.cs using Guid(7af422d370ec5410ba5005af6c3b7ce8) Importer(2089858483,b0f066a214c2f5e87bad3c948f4d605d) (ScriptedImporter) -> (artifact id: '09e0fbd5a69a9fe2e24f07d83e7aff86') in 0.3415134 seconds
Number of updated asset objects reloaded before import = 0Number of asset objects unloaded after import = 0

========================================================================
Received Import Request.
  Time since last request: 0.001456 seconds.
  path: Packages/com.unity.xr.arfoundation/Tests/Runtime/ARFoundation/TrackableChangesTests.cs
  artifactKey: Guid(4ada476bced846f7baaaf70a76b58533) Importer(2089858483,b0f066a214c2f5e87bad3c948f4d605d)
Start importing Packages/com.unity.xr.arfoundation/Tests/Runtime/ARFoundation/TrackableChangesTests.cs using Guid(4ada476bced846f7baaaf70a76b58533) Importer(2089858483,b0f066a214c2f5e87bad3c948f4d605d) (ScriptedImporter) -> (artifact id: '03bf91c6f946b8f05b8276deef6de150') in 0.4359496 seconds
Number of updated asset objects reloaded before import = 0Number of asset objects unloaded after import = 0

========================================================================
Received Import Request.
  Time since last request: 0.000892 seconds.
  path: Packages/com.unity.xr.arfoundation/Tests/Runtime/CodeSamples/ARCameraManagerSamples.cs
  artifactKey: Guid(a1eb3927ac08c40e6b2b43d3760a8ebc) Importer(2089858483,b0f066a214c2f5e87bad3c948f4d605d)
Start importing Packages/com.unity.xr.arfoundation/Tests/Runtime/CodeSamples/ARCameraManagerSamples.cs using Guid(a1eb3927ac08c40e6b2b43d3760a8ebc) Importer(2089858483,b0f066a214c2f5e87bad3c948f4d605d) (ScriptedImporter) -> (artifact id: 'c86ca8c18c44017a87627bef9d4b1689') in 0.3869016 seconds
Number of updated asset objects reloaded before import = 0Number of asset objects unloaded after import = 0

========================================================================
Received Import Request.
  Time since last request: 0.001171 seconds.
  path: Packages/com.unity.xr.arfoundation/Tests/Runtime/CodeSamples/CameraTorchModeSample.cs
  artifactKey: Guid(a154eaf5e8fe619418440412d007c0ff) Importer(2089858483,b0f066a214c2f5e87bad3c948f4d605d)
Start importing Packages/com.unity.xr.arfoundation/Tests/Runtime/CodeSamples/CameraTorchModeSample.cs using Guid(a154eaf5e8fe619418440412d007c0ff) Importer(2089858483,b0f066a214c2f5e87bad3c948f4d605d) (ScriptedImporter) -> (artifact id: 'ea2d463d0eeb6382b9841a7e0f4e837f') in 0.1432928 seconds
Number of updated asset objects reloaded before import = 0Number of asset objects unloaded after import = 0

========================================================================
Received Import Request.
  Time since last request: 0.003591 seconds.
  path: Packages/com.unity.xr.arfoundation/Runtime/ARFoundation/Deprecated/ARTrackedImagesChangedEventArgs.deprecated.cs
  artifactKey: Guid(6e92bfd272562a5458a6e7ead8305e2f) Importer(2089858483,b0f066a214c2f5e87bad3c948f4d605d)
Start importing Packages/com.unity.xr.arfoundation/Runtime/ARFoundation/Deprecated/ARTrackedImagesChangedEventArgs.deprecated.cs using Guid(6e92bfd272562a5458a6e7ead8305e2f) Importer(2089858483,b0f066a214c2f5e87bad3c948f4d605d) (ScriptedImporter) -> (artifact id: 'a551c55a78f2ec4e9e1f2b41c441f76b') in 0.1545353 seconds
Number of updated asset objects reloaded before import = 0Number of asset objects unloaded after import = 1

========================================================================
Received Import Request.
  Time since last request: 0.000341 seconds.
  path: Packages/com.unity.xr.arfoundation/Runtime/ARSubsystems/OcclusionSubsystem/HumanSegmentationDepthMode.cs
  artifactKey: Guid(2c92ac10c8d7c403198e08f8f81a7e2d) Importer(2089858483,b0f066a214c2f5e87bad3c948f4d605d)
Start importing Packages/com.unity.xr.arfoundation/Runtime/ARSubsystems/OcclusionSubsystem/HumanSegmentationDepthMode.cs using Guid(2c92ac10c8d7c403198e08f8f81a7e2d) Importer(2089858483,b0f066a214c2f5e87bad3c948f4d605d) (ScriptedImporter) -> (artifact id: '3b47b6a4532d8925306f6b80ffa711d4') in 0.2080931 seconds
Number of updated asset objects reloaded before import = 0Number of asset objects unloaded after import = 0

========================================================================
Received Import Request.
  Time since last request: 0.000985 seconds.
  path: Packages/com.unity.xr.arfoundation/Runtime/ARSubsystems/PointCloudSubsystem/XRDepthSubsystemDescriptor.deprecated.cs
  artifactKey: Guid(f6a6bfc2d68c4ae39b0e501f911f8ff9) Importer(2089858483,b0f066a214c2f5e87bad3c948f4d605d)
Start importing Packages/com.unity.xr.arfoundation/Runtime/ARSubsystems/PointCloudSubsystem/XRDepthSubsystemDescriptor.deprecated.cs using Guid(f6a6bfc2d68c4ae39b0e501f911f8ff9) Importer(2089858483,b0f066a214c2f5e87bad3c948f4d605d) (ScriptedImporter) -> (artifact id: '9764f000bca13e9305bad88a43c1e391') in 1.3289667 seconds
Number of updated asset objects reloaded before import = 0Number of asset objects unloaded after import = 0

========================================================================
Received Import Request.
  Time since last request: 0.003255 seconds.
  path: Packages/com.unity.xr.arfoundation/Editor/Icons/d_ArrowCaretLeft@2x.png
  artifactKey: Guid(a23489f7f0d4e364c964361e900e4be6) Importer(2089858483,b0f066a214c2f5e87bad3c948f4d605d)
Start importing Packages/com.unity.xr.arfoundation/Editor/Icons/d_ArrowCaretLeft@2x.png using Guid(a23489f7f0d4e364c964361e900e4be6) Importer(2089858483,b0f066a214c2f5e87bad3c948f4d605d) (ScriptedImporter) -> (artifact id: '7b2b5d32ff17f3568b680c6506bf99b5') in 0.3891068 seconds
Number of updated asset objects reloaded before import = 0Number of asset objects unloaded after import = 1

========================================================================
Received Import Request.
  Time since last request: 0.001903 seconds.
  path: Packages/com.unity.xr.arfoundation/Tests/Runtime/CodeSamples/AROcclusionManagerSamples.cs
  artifactKey: Guid(1517fc0bc66704765acf4393fdd4aec8) Importer(2089858483,b0f066a214c2f5e87bad3c948f4d605d)
Start importing Packages/com.unity.xr.arfoundation/Tests/Runtime/CodeSamples/AROcclusionManagerSamples.cs using Guid(1517fc0bc66704765acf4393fdd4aec8) Importer(2089858483,b0f066a214c2f5e87bad3c948f4d605d) (ScriptedImporter) -> (artifact id: 'aed3328efcd8c32436cac88e0d49c252') in 0.2867647 seconds
Number of updated asset objects reloaded before import = 0Number of asset objects unloaded after import = 0

========================================================================
Received Import Request.
  Time since last request: 0.003415 seconds.
  path: Packages/com.unity.xr.arfoundation/Runtime/ARSubsystems/XRResultStatus.cs
  artifactKey: Guid(817681f8a61cf447d894071ccb8a1d93) Importer(2089858483,b0f066a214c2f5e87bad3c948f4d605d)
Start importing Packages/com.unity.xr.arfoundation/Runtime/ARSubsystems/XRResultStatus.cs using Guid(817681f8a61cf447d894071ccb8a1d93) Importer(2089858483,b0f066a214c2f5e87bad3c948f4d605d) (ScriptedImporter) -> (artifact id: '11e27d18f84aa5e5f401056ca5b31923') in 0.2510596 seconds
Number of updated asset objects reloaded before import = 0Number of asset objects unloaded after import = 0

========================================================================
Received Import Request.
  Time since last request: 0.001404 seconds.
  path: Packages/com.unity.mathematics/Tests/Tests/Shared/TestBool3x2.gen.cs
  artifactKey: Guid(2bbc879646b3ce649a77073d236979fc) Importer(2089858483,b0f066a214c2f5e87bad3c948f4d605d)
Start importing Packages/com.unity.mathematics/Tests/Tests/Shared/TestBool3x2.gen.cs using Guid(2bbc879646b3ce649a77073d236979fc) Importer(2089858483,b0f066a214c2f5e87bad3c948f4d605d) (ScriptedImporter) -> (artifact id: '2bfbad11b8c9f0931cd6819d81f2566c') in 0.3163649 seconds
Number of updated asset objects reloaded before import = 0Number of asset objects unloaded after import = 0

========================================================================
Received Import Request.
  Time since last request: 0.004343 seconds.
  path: Packages/com.unity.xr.arfoundation/Editor/ARFoundation/Analytics/Hooks/SceneHook.cs
  artifactKey: Guid(3e3133a89f777424b8b84ce9daa2d487) Importer(2089858483,b0f066a214c2f5e87bad3c948f4d605d)
Start importing Packages/com.unity.xr.arfoundation/Editor/ARFoundation/Analytics/Hooks/SceneHook.cs using Guid(3e3133a89f777424b8b84ce9daa2d487) Importer(2089858483,b0f066a214c2f5e87bad3c948f4d605d) (ScriptedImporter) -> (artifact id: '67fb3b940d371d3770518612dbebdf87') in 0.0725739 seconds
Number of updated asset objects reloaded before import = 0Number of asset objects unloaded after import = 0

========================================================================
Received Import Request.
  Time since last request: 0.000058 seconds.
  path: Packages/com.unity.xr.arfoundation/Assets/Textures/DialogBackground@4x.png
  artifactKey: Guid(52a208bb46e934bb5aba0a4973595f80) Importer(2089858483,b0f066a214c2f5e87bad3c948f4d605d)
Start importing Packages/com.unity.xr.arfoundation/Assets/Textures/DialogBackground@4x.png using Guid(52a208bb46e934bb5aba0a4973595f80) Importer(2089858483,b0f066a214c2f5e87bad3c948f4d605d) (ScriptedImporter) -> (artifact id: 'fbb3bc4b57c72b813a6e5b4bcdbfae72') in 0.5638904 seconds
Number of updated asset objects reloaded before import = 0Number of asset objects unloaded after import = 3

========================================================================
Received Import Request.
  Time since last request: 0.000060 seconds.
  path: Packages/com.unity.xr.arfoundation/Runtime/ARSubsystems/Textures/XRCpuImage/AsyncConversion.cs
  artifactKey: Guid(dd9661578791045f4b67a179382f893d) Importer(2089858483,b0f066a214c2f5e87bad3c948f4d605d)
Start importing Packages/com.unity.xr.arfoundation/Runtime/ARSubsystems/Textures/XRCpuImage/AsyncConversion.cs using Guid(dd9661578791045f4b67a179382f893d) Importer(2089858483,b0f066a214c2f5e87bad3c948f4d605d) (ScriptedImporter) -> (artifact id: '36e52b9394e6ba708d04c6f3baa93903') in 0.0689479 seconds
Number of updated asset objects reloaded before import = 0Number of asset objects unloaded after import = 0

========================================================================
Received Import Request.
  Time since last request: 0.237449 seconds.
  path: Packages/com.unity.inputsystem/InputSystem/Editor/Icons/d_Mouse@4x.png
  artifactKey: Guid(1918e7bff8ff44878a0003977ca03971) Importer(2089858483,b0f066a214c2f5e87bad3c948f4d605d)
Start importing Packages/com.unity.inputsystem/InputSystem/Editor/Icons/d_Mouse@4x.png using Guid(1918e7bff8ff44878a0003977ca03971) Importer(2089858483,b0f066a214c2f5e87bad3c948f4d605d) (ScriptedImporter) -> (artifact id: '830333f9ae87cb11bbf52441c1978350') in 0.2663691 seconds
Number of updated asset objects reloaded before import = 0Number of asset objects unloaded after import = 1

========================================================================
Received Import Request.
  Time since last request: 0.000772 seconds.
  path: Packages/com.unity.ide.rider/Rider/Editor/UnitTesting/SyncTestRunCallback.cs
  artifactKey: Guid(58ab3828fb407c742a48b82bc5983a87) Importer(2089858483,b0f066a214c2f5e87bad3c948f4d605d)
Start importing Packages/com.unity.ide.rider/Rider/Editor/UnitTesting/SyncTestRunCallback.cs using Guid(58ab3828fb407c742a48b82bc5983a87) Importer(2089858483,b0f066a214c2f5e87bad3c948f4d605d) (ScriptedImporter) -> (artifact id: 'e20a363cae203c6e1eec79297e5dac18') in 0.112311 seconds
Number of updated asset objects reloaded before import = 0Number of asset objects unloaded after import = 0

========================================================================
Received Import Request.
  Time since last request: 0.000050 seconds.
  path: Packages/com.unity.xr.arcore/Third Party Notices.md
  artifactKey: Guid(49bd78b66f5143f687ea8bab4dd8979b) Importer(2089858483,b0f066a214c2f5e87bad3c948f4d605d)
Start importing Packages/com.unity.xr.arcore/Third Party Notices.md using Guid(49bd78b66f5143f687ea8bab4dd8979b) Importer(2089858483,b0f066a214c2f5e87bad3c948f4d605d) (ScriptedImporter) -> (artifact id: '2f9fbb99de91aecc6c8f67863ec52cb8') in 0.1679944 seconds
Number of updated asset objects reloaded before import = 0Number of asset objects unloaded after import = 1

========================================================================
Received Import Request.
  Time since last request: 0.002870 seconds.
  path: Packages/com.unity.xr.arfoundation/Runtime/Simulation/Plugins/windows-arm64/XRSimulationSubsystem.dll
  artifactKey: Guid(0952f57f8a7ee9e4f94ef6db42536b7e) Importer(2089858483,b0f066a214c2f5e87bad3c948f4d605d)
Start importing Packages/com.unity.xr.arfoundation/Runtime/Simulation/Plugins/windows-arm64/XRSimulationSubsystem.dll using Guid(0952f57f8a7ee9e4f94ef6db42536b7e) Importer(2089858483,b0f066a214c2f5e87bad3c948f4d605d) (ScriptedImporter) -> (artifact id: 'a92a8b3f18892527ba5b505d8066e447') in 0.1854843 seconds
Number of updated asset objects reloaded before import = 0Number of asset objects unloaded after import = 0

========================================================================
Received Import Request.
  Time since last request: 0.000704 seconds.
  path: Packages/com.unity.xr.arfoundation/Runtime/Simulation/Plugins/macos/XRSimulationSubsystem.bundle
  artifactKey: Guid(2438662eb337d47fc95c624370b09496) Importer(2089858483,b0f066a214c2f5e87bad3c948f4d605d)
Start importing Packages/com.unity.xr.arfoundation/Runtime/Simulation/Plugins/macos/XRSimulationSubsystem.bundle using Guid(2438662eb337d47fc95c624370b09496) Importer(2089858483,b0f066a214c2f5e87bad3c948f4d605d) (ScriptedImporter) -> (artifact id: '091986d93ed379cd81b1d911c9d60840') in 0.2868631 seconds
Number of updated asset objects reloaded before import = 0Number of asset objects unloaded after import = 0

========================================================================
Received Import Request.
  Time since last request: 0.002682 seconds.
  path: Packages/com.unity.xr.arfoundation/Assets/Shaders/DepthCopy.shader
  artifactKey: Guid(53f4fa13cedbdb9499fe40ffe30c61cd) Importer(2089858483,b0f066a214c2f5e87bad3c948f4d605d)
Start importing Packages/com.unity.xr.arfoundation/Assets/Shaders/DepthCopy.shader using Guid(53f4fa13cedbdb9499fe40ffe30c61cd) Importer(2089858483,b0f066a214c2f5e87bad3c948f4d605d) (ScriptedImporter) -> (artifact id: '9fb0051882ddd230d976df1d5de18eb3') in 0.1374702 seconds
Number of updated asset objects reloaded before import = 0Number of asset objects unloaded after import = 1

========================================================================
Received Import Request.
  Time since last request: 0.000557 seconds.
  path: Packages/com.unity.xr.arfoundation/Runtime/ARFoundation/ARFaceManager.cs
  artifactKey: Guid(caeceacb624484daf8e379c2252fd246) Importer(2089858483,b0f066a214c2f5e87bad3c948f4d605d)
Start importing Packages/com.unity.xr.arfoundation/Runtime/ARFoundation/ARFaceManager.cs using Guid(caeceacb624484daf8e379c2252fd246) Importer(2089858483,b0f066a214c2f5e87bad3c948f4d605d) (ScriptedImporter) -> (artifact id: 'fd52ee5640e52aa5c05f8e91a702da2c') in 0.088562 seconds
Number of updated asset objects reloaded before import = 0Number of asset objects unloaded after import = 1

========================================================================
Received Import Request.
  Time since last request: 0.000067 seconds.
  path: Packages/com.unity.xr.arcore/Runtime/ARCoreRuntimeSettings.cs
  artifactKey: Guid(4b7b5809501b54a4192277236edcaf88) Importer(2089858483,b0f066a214c2f5e87bad3c948f4d605d)
Start importing Packages/com.unity.xr.arcore/Runtime/ARCoreRuntimeSettings.cs using Guid(4b7b5809501b54a4192277236edcaf88) Importer(2089858483,b0f066a214c2f5e87bad3c948f4d605d) (ScriptedImporter) -> (artifact id: 'f8a5fd12e8f4a9acb5faa63fab0a95c9') in 0.0463898 seconds
Number of updated asset objects reloaded before import = 0Number of asset objects unloaded after import = 0

========================================================================
Received Import Request.
  Time since last request: 0.007138 seconds.
  path: Packages/com.unity.xr.arfoundation/Editor/VisualScripting/Deprecated/HumanBodiesChangedEventUnitDescriptor.deprecated.cs
  artifactKey: Guid(009aaebfacf574ac6974b18b13f4d534) Importer(2089858483,b0f066a214c2f5e87bad3c948f4d605d)
Start importing Packages/com.unity.xr.arfoundation/Editor/VisualScripting/Deprecated/HumanBodiesChangedEventUnitDescriptor.deprecated.cs using Guid(009aaebfacf574ac6974b18b13f4d534) Importer(2089858483,b0f066a214c2f5e87bad3c948f4d605d) (ScriptedImporter) -> (artifact id: 'a353b764a160635f0a18e37a209e9f37') in 0.0684739 seconds
Number of updated asset objects reloaded before import = 0Number of asset objects unloaded after import = 0

========================================================================
Received Import Request.
  Time since last request: 0.005514 seconds.
  path: Packages/com.unity.mathematics/Tests/Tests/Shared/TestDouble2x4.gen.cs
  artifactKey: Guid(93f2834619d034346a15285ea2156089) Importer(2089858483,b0f066a214c2f5e87bad3c948f4d605d)
Start importing Packages/com.unity.mathematics/Tests/Tests/Shared/TestDouble2x4.gen.cs using Guid(93f2834619d034346a15285ea2156089) Importer(2089858483,b0f066a214c2f5e87bad3c948f4d605d) (ScriptedImporter) -> (artifact id: '26fab19769c30b6d65edf23f310a478b') in 0.0372443 seconds
Number of updated asset objects reloaded before import = 0Number of asset objects unloaded after import = 0

========================================================================
Received Import Request.
  Time since last request: 0.001731 seconds.
  path: Packages/com.unity.xr.arfoundation/Assets/Shaders/Utils.hlsl
  artifactKey: Guid(710fb1dac3a14df8887e6f4a89339c92) Importer(2089858483,b0f066a214c2f5e87bad3c948f4d605d)
Start importing Packages/com.unity.xr.arfoundation/Assets/Shaders/Utils.hlsl using Guid(710fb1dac3a14df8887e6f4a89339c92) Importer(2089858483,b0f066a214c2f5e87bad3c948f4d605d) (ScriptedImporter) -> (artifact id: 'd3b8d140b3b3c35c82172d7604bca6dd') in 0.0407043 seconds
Number of updated asset objects reloaded before import = 0Number of asset objects unloaded after import = 1

========================================================================
Received Import Request.
  Time since last request: 0.000351 seconds.
  path: Packages/com.unity.inputsystem/InputSystem/Editor/AssetEditor/NameAndParameterListView.cs
  artifactKey: Guid(da649da79e1b9455791f5ddd31355edc) Importer(2089858483,b0f066a214c2f5e87bad3c948f4d605d)
Start importing Packages/com.unity.inputsystem/InputSystem/Editor/AssetEditor/NameAndParameterListView.cs using Guid(da649da79e1b9455791f5ddd31355edc) Importer(2089858483,b0f066a214c2f5e87bad3c948f4d605d) (ScriptedImporter) -> (artifact id: 'd0253b494e749cdd8f5cfede6b15ed22') in 0.0304329 seconds
Number of updated asset objects reloaded before import = 0Number of asset objects unloaded after import = 0

========================================================================
Received Import Request.
  Time since last request: 0.000342 seconds.
  path: Packages/com.unity.mathematics/Tests/Tests/Shared/TestAffineTransform.cs
  artifactKey: Guid(534e18de5e70ccf468bf46c917dfdac4) Importer(2089858483,b0f066a214c2f5e87bad3c948f4d605d)
Start importing Packages/com.unity.mathematics/Tests/Tests/Shared/TestAffineTransform.cs using Guid(534e18de5e70ccf468bf46c917dfdac4) Importer(2089858483,b0f066a214c2f5e87bad3c948f4d605d) (ScriptedImporter) -> (artifact id: '501be75448c5a9fda71bba82b9dd5574') in 0.0309844 seconds
Number of updated asset objects reloaded before import = 0Number of asset objects unloaded after import = 0

========================================================================
Received Import Request.
  Time since last request: 0.000347 seconds.
  path: Packages/com.unity.inputsystem/InputSystem/Editor/AssetEditor/InputActionPropertiesView.cs
  artifactKey: Guid(d295e36fd3cd747f4a2123088241bd6a) Importer(2089858483,b0f066a214c2f5e87bad3c948f4d605d)
Start importing Packages/com.unity.inputsystem/InputSystem/Editor/AssetEditor/InputActionPropertiesView.cs using Guid(d295e36fd3cd747f4a2123088241bd6a) Importer(2089858483,b0f066a214c2f5e87bad3c948f4d605d) (ScriptedImporter) -> (artifact id: 'f0105efacfac13cca63ba79484a301d4') in 0.0299063 seconds
Number of updated asset objects reloaded before import = 0Number of asset objects unloaded after import = 0

========================================================================
Received Import Request.
  Time since last request: 0.000060 seconds.
  path: Packages/com.unity.xr.arcore/Editor/Cli.cs
  artifactKey: Guid(65373788ad41c488eb77436c79b5aca2) Importer(2089858483,b0f066a214c2f5e87bad3c948f4d605d)
Start importing Packages/com.unity.xr.arcore/Editor/Cli.cs using Guid(65373788ad41c488eb77436c79b5aca2) Importer(2089858483,b0f066a214c2f5e87bad3c948f4d605d) (ScriptedImporter) -> (artifact id: '00f344510348c8ab44bcd54d06a2aa47') in 0.0352307 seconds
Number of updated asset objects reloaded before import = 0Number of asset objects unloaded after import = 0

========================================================================
Received Import Request.
  Time since last request: 0.002265 seconds.
  path: Packages/com.unity.inputsystem/InputSystem/Editor/Icons/d_Interactive Binding@4x.png
  artifactKey: Guid(f4e6ca70dd9734da1a812be882c6364e) Importer(2089858483,b0f066a214c2f5e87bad3c948f4d605d)
Start importing Packages/com.unity.inputsystem/InputSystem/Editor/Icons/d_Interactive Binding@4x.png using Guid(f4e6ca70dd9734da1a812be882c6364e) Importer(2089858483,b0f066a214c2f5e87bad3c948f4d605d) (ScriptedImporter) -> (artifact id: 'b812c33349e524419da22d4929033bc9') in 0.1096738 seconds
Number of updated asset objects reloaded before import = 0Number of asset objects unloaded after import = 1

========================================================================
Received Import Request.
  Time since last request: 0.000060 seconds.
  path: Packages/com.unity.modules.ai/package.ModuleCompilationTrigger
  artifactKey: Guid(e2d09a26ce46dc617b54e49a534ace20) Importer(2089858483,b0f066a214c2f5e87bad3c948f4d605d)
Start importing Packages/com.unity.modules.ai/package.ModuleCompilationTrigger using Guid(e2d09a26ce46dc617b54e49a534ace20) Importer(2089858483,b0f066a214c2f5e87bad3c948f4d605d) (ScriptedImporter) -> (artifact id: 'ea129e3a9e10de844cd783e2f1d65f54') in 0.0861232 seconds
Number of updated asset objects reloaded before import = 0Number of asset objects unloaded after import = 1

========================================================================
Received Import Request.
  Time since last request: 0.001631 seconds.
  path: Packages/com.unity.inputsystem/InputSystem/Runtime/InputMetrics.cs
  artifactKey: Guid(b33f51f6a55e541e995b5f6a10498d65) Importer(2089858483,b0f066a214c2f5e87bad3c948f4d605d)
Start importing Packages/com.unity.inputsystem/InputSystem/Runtime/InputMetrics.cs using Guid(b33f51f6a55e541e995b5f6a10498d65) Importer(2089858483,b0f066a214c2f5e87bad3c948f4d605d) (ScriptedImporter) -> (artifact id: '97e3b4950db53a4f23256dd82fa6b82a') in 0.0739897 seconds
Number of updated asset objects reloaded before import = 0Number of asset objects unloaded after import = 0

========================================================================
Received Import Request.
  Time since last request: 0.000235 seconds.
  path: Packages/com.unity.xr.arfoundation/Editor/VisualScripting/GetParticipantsUnitDescriptor.cs
  artifactKey: Guid(cb18101c80c8b48a5ae36383ae708609) Importer(2089858483,b0f066a214c2f5e87bad3c948f4d605d)
Start importing Packages/com.unity.xr.arfoundation/Editor/VisualScripting/GetParticipantsUnitDescriptor.cs using Guid(cb18101c80c8b48a5ae36383ae708609) Importer(2089858483,b0f066a214c2f5e87bad3c948f4d605d) (ScriptedImporter) -> (artifact id: '94f0b8188d7cdc5f9eccefbc6b191c6c') in 0.0453758 seconds
Number of updated asset objects reloaded before import = 0Number of asset objects unloaded after import = 0

========================================================================
Received Import Request.
  Time since last request: 0.002733 seconds.
  path: Packages/com.unity.xr.arfoundation/Runtime/ARSubsystems/OcclusionSubsystem/HumanSegmentationStencilMode.cs
  artifactKey: Guid(14b5fc53fd5944365a3c3c6a5dd0ecb5) Importer(2089858483,b0f066a214c2f5e87bad3c948f4d605d)
Start importing Packages/com.unity.xr.arfoundation/Runtime/ARSubsystems/OcclusionSubsystem/HumanSegmentationStencilMode.cs using Guid(14b5fc53fd5944365a3c3c6a5dd0ecb5) Importer(2089858483,b0f066a214c2f5e87bad3c948f4d605d) (ScriptedImporter) -> (artifact id: '99887059828abcbfafe920ef28c3a680') in 0.0659584 seconds
Number of updated asset objects reloaded before import = 0Number of asset objects unloaded after import = 0

========================================================================
Received Import Request.
  Time since last request: 0.004234 seconds.
  path: Packages/com.unity.xr.arfoundation/Runtime/ARSubsystems/OcclusionSubsystem/XRNearFarPlanes.cs
  artifactKey: Guid(9164ac3ee786423caa21a7030678b4ce) Importer(2089858483,b0f066a214c2f5e87bad3c948f4d605d)
Start importing Packages/com.unity.xr.arfoundation/Runtime/ARSubsystems/OcclusionSubsystem/XRNearFarPlanes.cs using Guid(9164ac3ee786423caa21a7030678b4ce) Importer(2089858483,b0f066a214c2f5e87bad3c948f4d605d) (ScriptedImporter) -> (artifact id: '56357b95c39834533de7c723423b44e9') in 0.0375526 seconds
Number of updated asset objects reloaded before import = 0Number of asset objects unloaded after import = 0

========================================================================
Received Import Request.
  Time since last request: 0.000259 seconds.
  path: Packages/com.unity.xr.arfoundation/Assets/Shaders/SimulationBackgroundSimple.shader
  artifactKey: Guid(9a9ae58e9f12be0409d3c55c0815e5c8) Importer(2089858483,b0f066a214c2f5e87bad3c948f4d605d)
Start importing Packages/com.unity.xr.arfoundation/Assets/Shaders/SimulationBackgroundSimple.shader using Guid(9a9ae58e9f12be0409d3c55c0815e5c8) Importer(2089858483,b0f066a214c2f5e87bad3c948f4d605d) (ScriptedImporter) -> (artifact id: 'e39193c7d99abacd3fc94d8754d4d936') in 0.045066 seconds
Number of updated asset objects reloaded before import = 0Number of asset objects unloaded after import = 1

========================================================================
Received Import Request.
  Time since last request: 0.000577 seconds.
  path: Packages/com.unity.inputsystem/InputSystem/Editor/Icons/d_Dpad.png
  artifactKey: Guid(b60b9eb0384c345c89435d0982a6e4fd) Importer(2089858483,b0f066a214c2f5e87bad3c948f4d605d)
Start importing Packages/com.unity.inputsystem/InputSystem/Editor/Icons/d_Dpad.png using Guid(b60b9eb0384c345c89435d0982a6e4fd) Importer(2089858483,b0f066a214c2f5e87bad3c948f4d605d) (ScriptedImporter) -> (artifact id: '53fcfe73823e85782dad984ef947f565') in 0.0501799 seconds
Number of updated asset objects reloaded before import = 0Number of asset objects unloaded after import = 1

========================================================================
Received Import Request.
  Time since last request: 0.000849 seconds.
  path: Packages/com.unity.xr.arfoundation/Assets/Textures/Gear@2x.png
  artifactKey: Guid(735ab448bda81490bac50b756bc317a8) Importer(2089858483,b0f066a214c2f5e87bad3c948f4d605d)
Start importing Packages/com.unity.xr.arfoundation/Assets/Textures/Gear@2x.png using Guid(735ab448bda81490bac50b756bc317a8) Importer(2089858483,b0f066a214c2f5e87bad3c948f4d605d) (ScriptedImporter) -> (artifact id: '231ac9ac9d1226c9a8dcf57bc86fd634') in 0.0720802 seconds
Number of updated asset objects reloaded before import = 0Number of asset objects unloaded after import = 3

========================================================================
Received Import Request.
  Time since last request: 0.000071 seconds.
  path: Packages/com.unity.xr.arfoundation/Runtime/ARSubsystems/CameraSubsystem/XRCameraFrame.cs
  artifactKey: Guid(54d00147280d84d7dad86ff0af4236a8) Importer(2089858483,b0f066a214c2f5e87bad3c948f4d605d)
Start importing Packages/com.unity.xr.arfoundation/Runtime/ARSubsystems/CameraSubsystem/XRCameraFrame.cs using Guid(54d00147280d84d7dad86ff0af4236a8) Importer(2089858483,b0f066a214c2f5e87bad3c948f4d605d) (ScriptedImporter) -> (artifact id: '551521012dbccb9756f54d90d1c33c48') in 0.031535 seconds
Number of updated asset objects reloaded before import = 0Number of asset objects unloaded after import = 0

========================================================================
Received Import Request.
  Time since last request: 0.003045 seconds.
  path: Packages/com.unity.xr.arfoundation/Editor/ARAnalytics/AREditorAnalyticsEvent.cs
  artifactKey: Guid(01a82606c13224931b6c58ef95a28562) Importer(2089858483,b0f066a214c2f5e87bad3c948f4d605d)
Start importing Packages/com.unity.xr.arfoundation/Editor/ARAnalytics/AREditorAnalyticsEvent.cs using Guid(01a82606c13224931b6c58ef95a28562) Importer(2089858483,b0f066a214c2f5e87bad3c948f4d605d) (ScriptedImporter) -> (artifact id: '371bf79dcff6d44da10da3489924d4a4') in 0.0458115 seconds
Number of updated asset objects reloaded before import = 0Number of asset objects unloaded after import = 0

========================================================================
Received Import Request.
  Time since last request: 0.002350 seconds.
  path: Packages/com.unity.xr.arfoundation/Editor/Simulation/SimulationEnvironmentAssetsManager.cs
  artifactKey: Guid(378fb4eec0f59ac4c95c0d5b227aa85e) Importer(2089858483,b0f066a214c2f5e87bad3c948f4d605d)
Start importing Packages/com.unity.xr.arfoundation/Editor/Simulation/SimulationEnvironmentAssetsManager.cs using Guid(378fb4eec0f59ac4c95c0d5b227aa85e) Importer(2089858483,b0f066a214c2f5e87bad3c948f4d605d) (ScriptedImporter) -> (artifact id: 'e0ad95670b2e141a658eec74e2de7b2b') in 0.0530841 seconds
Number of updated asset objects reloaded before import = 0Number of asset objects unloaded after import = 0

========================================================================
Received Import Request.
  Time since last request: 0.002159 seconds.
  path: Packages/com.unity.xr.arfoundation/Runtime/ARSubsystems/PlaneTracking/XRPlaneSubsystemDescriptor.cs
  artifactKey: Guid(caa7e0790bdd6084ca87a9b026c71c47) Importer(2089858483,b0f066a214c2f5e87bad3c948f4d605d)
Start importing Packages/com.unity.xr.arfoundation/Runtime/ARSubsystems/PlaneTracking/XRPlaneSubsystemDescriptor.cs using Guid(caa7e0790bdd6084ca87a9b026c71c47) Importer(2089858483,b0f066a214c2f5e87bad3c948f4d605d) (ScriptedImporter) -> (artifact id: '1b9b09d0dd2079dba4436408da2df243') in 0.0300493 seconds
Number of updated asset objects reloaded before import = 0Number of asset objects unloaded after import = 0

========================================================================
Received Import Request.
  Time since last request: 0.001893 seconds.
  path: Packages/com.unity.xr.arfoundation/Runtime/ARSubsystems/Util/ObjectPoolCreateUtil.cs
  artifactKey: Guid(13e936306b304d6194f6edff87047686) Importer(2089858483,b0f066a214c2f5e87bad3c948f4d605d)
Start importing Packages/com.unity.xr.arfoundation/Runtime/ARSubsystems/Util/ObjectPoolCreateUtil.cs using Guid(13e936306b304d6194f6edff87047686) Importer(2089858483,b0f066a214c2f5e87bad3c948f4d605d) (ScriptedImporter) -> (artifact id: 'b483f6c7219241761e95b550c964f6ad') in 0.0329992 seconds
Number of updated asset objects reloaded before import = 0Number of asset objects unloaded after import = 0

========================================================================
Received Import Request.
  Time since last request: 0.000858 seconds.
  path: Packages/com.unity.mathematics/Unity.Mathematics/Noise/LICENSE
  artifactKey: Guid(e8895079ca68e498482a3075d7e34508) Importer(2089858483,b0f066a214c2f5e87bad3c948f4d605d)
Start importing Packages/com.unity.mathematics/Unity.Mathematics/Noise/LICENSE using Guid(e8895079ca68e498482a3075d7e34508) Importer(2089858483,b0f066a214c2f5e87bad3c948f4d605d) (ScriptedImporter) -> (artifact id: '2c06e7973d59b37165867385903ef819') in 0.0425742 seconds
Number of updated asset objects reloaded before import = 0Number of asset objects unloaded after import = 1

========================================================================
Received Import Request.
  Time since last request: 0.000628 seconds.
  path: Packages/com.unity.xr.arfoundation/Runtime/ARFoundation/ARRaycastUpdatedEventArgs.cs
  artifactKey: Guid(7f2fa867610284e2a8cfa129503febb6) Importer(2089858483,b0f066a214c2f5e87bad3c948f4d605d)
Start importing Packages/com.unity.xr.arfoundation/Runtime/ARFoundation/ARRaycastUpdatedEventArgs.cs using Guid(7f2fa867610284e2a8cfa129503febb6) Importer(2089858483,b0f066a214c2f5e87bad3c948f4d605d) (ScriptedImporter) -> (artifact id: '7f8b3a008ac7b19c083d9b772c4a7f0e') in 0.0482561 seconds
Number of updated asset objects reloaded before import = 0Number of asset objects unloaded after import = 0

========================================================================
Received Import Request.
  Time since last request: 0.001546 seconds.
  path: Packages/com.unity.xr.arfoundation/Runtime/VisualScripting/Units/Events/MessageListeners/ARTrackableManagerListener.cs
  artifactKey: Guid(3efd62d71f934db2ad0fad928548e190) Importer(2089858483,b0f066a214c2f5e87bad3c948f4d605d)
Start importing Packages/com.unity.xr.arfoundation/Runtime/VisualScripting/Units/Events/MessageListeners/ARTrackableManagerListener.cs using Guid(3efd62d71f934db2ad0fad928548e190) Importer(2089858483,b0f066a214c2f5e87bad3c948f4d605d) (ScriptedImporter) -> (artifact id: '6a613adb589c16fa3fc6c012a0269daf') in 0.045998 seconds
Number of updated asset objects reloaded before import = 0Number of asset objects unloaded after import = 0

========================================================================
Received Import Request.
  Time since last request: 0.000303 seconds.
  path: Packages/com.unity.xr.arfoundation/Runtime/Simulation/Subsystems/Plane/PlaneRaycaster.cs
  artifactKey: Guid(bbbaa3048c78c413d914e1a60d261193) Importer(2089858483,b0f066a214c2f5e87bad3c948f4d605d)
Start importing Packages/com.unity.xr.arfoundation/Runtime/Simulation/Subsystems/Plane/PlaneRaycaster.cs using Guid(bbbaa3048c78c413d914e1a60d261193) Importer(2089858483,b0f066a214c2f5e87bad3c948f4d605d) (ScriptedImporter) -> (artifact id: '46d861650b77dc522fcecd27ee9aee81') in 0.0478794 seconds
Number of updated asset objects reloaded before import = 0Number of asset objects unloaded after import = 0

========================================================================
Received Import Request.
  Time since last request: 0.008490 seconds.
  path: Packages/com.unity.xr.arfoundation/Runtime/Simulation/Subsystems/EnvironmentProbe/EnvironmentProbeParams.cs
  artifactKey: Guid(98ca1a1d8fa94c3eb731f1bf3410ef7a) Importer(2089858483,b0f066a214c2f5e87bad3c948f4d605d)
Start importing Packages/com.unity.xr.arfoundation/Runtime/Simulation/Subsystems/EnvironmentProbe/EnvironmentProbeParams.cs using Guid(98ca1a1d8fa94c3eb731f1bf3410ef7a) Importer(2089858483,b0f066a214c2f5e87bad3c948f4d605d) (ScriptedImporter) -> (artifact id: '8d03001a4439fc9342f41d6d9abb463b') in 0.0311516 seconds
Number of updated asset objects reloaded before import = 0Number of asset objects unloaded after import = 0

========================================================================
Received Import Request.
  Time since last request: 0.014231 seconds.
  path: Packages/com.unity.xr.arfoundation/Runtime/Simulation/Subsystems/ImageTracking/SimulationRuntimeImageLibrary.cs
  artifactKey: Guid(0575f0b9fb91c48c09cb2544e152b26d) Importer(2089858483,b0f066a214c2f5e87bad3c948f4d605d)
Start importing Packages/com.unity.xr.arfoundation/Runtime/Simulation/Subsystems/ImageTracking/SimulationRuntimeImageLibrary.cs using Guid(0575f0b9fb91c48c09cb2544e152b26d) Importer(2089858483,b0f066a214c2f5e87bad3c948f4d605d) (ScriptedImporter) -> (artifact id: 'd54ad8ae5caa145d7362b029794b03b8') in 0.0965525 seconds
Number of updated asset objects reloaded before import = 0Number of asset objects unloaded after import = 0

========================================================================
Received Import Request.
  Time since last request: 0.003839 seconds.
  path: Packages/com.unity.xr.arfoundation/Runtime/VisualScripting/Units/Events/MessageListeners/ARTrackedObjectsChangedListener.cs
  artifactKey: Guid(443bf05c80d74ac48298e43b31013e75) Importer(2089858483,b0f066a214c2f5e87bad3c948f4d605d)
Start importing Packages/com.unity.xr.arfoundation/Runtime/VisualScripting/Units/Events/MessageListeners/ARTrackedObjectsChangedListener.cs using Guid(443bf05c80d74ac48298e43b31013e75) Importer(2089858483,b0f066a214c2f5e87bad3c948f4d605d) (ScriptedImporter) -> (artifact id: 'ddae70310ea85d30e73ae960e1a76a25') in 0.0651174 seconds
Number of updated asset objects reloaded before import = 0Number of asset objects unloaded after import = 0

========================================================================
Received Import Request.
  Time since last request: 0.012040 seconds.
  path: Packages/com.unity.xr.arfoundation/Runtime/Simulation/Subsystems/PointCloud/SimulationPointCloudSubsystem.cs
  artifactKey: Guid(b0827fcbb234341fba8feb328d9137c0) Importer(2089858483,b0f066a214c2f5e87bad3c948f4d605d)
Start importing Packages/com.unity.xr.arfoundation/Runtime/Simulation/Subsystems/PointCloud/SimulationPointCloudSubsystem.cs using Guid(b0827fcbb234341fba8feb328d9137c0) Importer(2089858483,b0f066a214c2f5e87bad3c948f4d605d) (ScriptedImporter) -> (artifact id: 'adb4f6ca45c7cf3664226d84b27f3426') in 0.1220158 seconds
Number of updated asset objects reloaded before import = 0Number of asset objects unloaded after import = 0

========================================================================
Received Import Request.
  Time since last request: 0.000668 seconds.
  path: Packages/com.unity.xr.arfoundation/Runtime/VisualScripting/Units/Events/EventUnits/ARAnchorsChangedEventUnit.cs
  artifactKey: Guid(74f5d2c25a154afaa82e56ff7423450f) Importer(2089858483,b0f066a214c2f5e87bad3c948f4d605d)
Start importing Packages/com.unity.xr.arfoundation/Runtime/VisualScripting/Units/Events/EventUnits/ARAnchorsChangedEventUnit.cs using Guid(74f5d2c25a154afaa82e56ff7423450f) Importer(2089858483,b0f066a214c2f5e87bad3c948f4d605d) (ScriptedImporter) -> (artifact id: '01b7e705f5a58f6230f7d1b2403b4f85') in 0.0824952 seconds
Number of updated asset objects reloaded before import = 0Number of asset objects unloaded after import = 0

========================================================================
Received Import Request.
  Time since last request: 0.002273 seconds.
  path: Packages/com.unity.xr.arfoundation/Runtime/VisualScripting/Units/Events/EventUnits/Deprecated/ParticipantsChangedEventUnit.deprecated.cs
  artifactKey: Guid(ba8622154b0e0438da976fd4fa05982b) Importer(2089858483,b0f066a214c2f5e87bad3c948f4d605d)
Start importing Packages/com.unity.xr.arfoundation/Runtime/VisualScripting/Units/Events/EventUnits/Deprecated/ParticipantsChangedEventUnit.deprecated.cs using Guid(ba8622154b0e0438da976fd4fa05982b) Importer(2089858483,b0f066a214c2f5e87bad3c948f4d605d) (ScriptedImporter) -> (artifact id: '554412aa99682f745042a828946ae347') in 0.1005941 seconds
Number of updated asset objects reloaded before import = 0Number of asset objects unloaded after import = 0

========================================================================
Received Import Request.
  Time since last request: 0.001358 seconds.
  path: Packages/com.unity.modules.unitywebrequest/package.ModuleCompilationTrigger
  artifactKey: Guid(d2ec2d1228c8e67cdd913cb5609176a2) Importer(2089858483,b0f066a214c2f5e87bad3c948f4d605d)
Start importing Packages/com.unity.modules.unitywebrequest/package.ModuleCompilationTrigger using Guid(d2ec2d1228c8e67cdd913cb5609176a2) Importer(2089858483,b0f066a214c2f5e87bad3c948f4d605d) (ScriptedImporter) -> (artifact id: '103166f147ed40f84179130481a90a79') in 0.0734043 seconds
Number of updated asset objects reloaded before import = 0Number of asset objects unloaded after import = 1

========================================================================
Received Import Request.
  Time since last request: 0.000174 seconds.
  path: Packages/com.unity.xr.arfoundation/Runtime/VisualScripting/Units/Events/EventUnits/Deprecated/FacesChangedEventUnit.deprecated.cs
  artifactKey: Guid(2cef72746adcf4c2da2ce53709772c74) Importer(2089858483,b0f066a214c2f5e87bad3c948f4d605d)
Start importing Packages/com.unity.xr.arfoundation/Runtime/VisualScripting/Units/Events/EventUnits/Deprecated/FacesChangedEventUnit.deprecated.cs using Guid(2cef72746adcf4c2da2ce53709772c74) Importer(2089858483,b0f066a214c2f5e87bad3c948f4d605d) (ScriptedImporter) -> (artifact id: '32d5e55f2030d0e77f530ddd29c1a91e') in 0.3212011 seconds
Number of updated asset objects reloaded before import = 0Number of asset objects unloaded after import = 0

========================================================================
Received Import Request.
  Time since last request: 0.002328 seconds.
  path: Packages/com.unity.xr.arfoundation/Editor/Simulation/SimulationPreferencesProvider.cs
  artifactKey: Guid(3f95d61577294ecbb213e6d261d5d33f) Importer(2089858483,b0f066a214c2f5e87bad3c948f4d605d)
Start importing Packages/com.unity.xr.arfoundation/Editor/Simulation/SimulationPreferencesProvider.cs using Guid(3f95d61577294ecbb213e6d261d5d33f) Importer(2089858483,b0f066a214c2f5e87bad3c948f4d605d) (ScriptedImporter) -> (artifact id: '2224484b31d2ef5fce17c0b3d4adcee5') in 0.1595955 seconds
Number of updated asset objects reloaded before import = 0Number of asset objects unloaded after import = 0

========================================================================
Received Import Request.
  Time since last request: 0.000118 seconds.
  path: Packages/com.unity.mathematics/Tests/Tests/Shared/TestFloat3x2.gen.cs
  artifactKey: Guid(5c2a01faa80e74147aeb6f5a1d9fc18d) Importer(2089858483,b0f066a214c2f5e87bad3c948f4d605d)
Start importing Packages/com.unity.mathematics/Tests/Tests/Shared/TestFloat3x2.gen.cs using Guid(5c2a01faa80e74147aeb6f5a1d9fc18d) Importer(2089858483,b0f066a214c2f5e87bad3c948f4d605d) (ScriptedImporter) -> (artifact id: '1579d1c1c823489f3baf5f9881feee09') in 0.0967188 seconds
Number of updated asset objects reloaded before import = 0Number of asset objects unloaded after import = 0

========================================================================
Received Import Request.
  Time since last request: 0.000927 seconds.
  path: Packages/com.unity.xr.arfoundation/Tests/Editor/ARFoundation/XROriginCreateUtilTests.cs
  artifactKey: Guid(133d01df6c33946d5bc2175989a08818) Importer(2089858483,b0f066a214c2f5e87bad3c948f4d605d)
Start importing Packages/com.unity.xr.arfoundation/Tests/Editor/ARFoundation/XROriginCreateUtilTests.cs using Guid(133d01df6c33946d5bc2175989a08818) Importer(2089858483,b0f066a214c2f5e87bad3c948f4d605d) (ScriptedImporter) -> (artifact id: 'b5c38774217a8ee69b0288dbb7ee39dc') in 0.0735053 seconds
Number of updated asset objects reloaded before import = 0Number of asset objects unloaded after import = 0

========================================================================
Received Import Request.
  Time since last request: 0.000601 seconds.
  path: Packages/com.unity.xr.arfoundation/Runtime/Simulation/Environment/XRayRegion.cs
  artifactKey: Guid(5e9b9ed043ee9ae4895b473cc3d1f6f7) Importer(2089858483,b0f066a214c2f5e87bad3c948f4d605d)
Start importing Packages/com.unity.xr.arfoundation/Runtime/Simulation/Environment/XRayRegion.cs using Guid(5e9b9ed043ee9ae4895b473cc3d1f6f7) Importer(2089858483,b0f066a214c2f5e87bad3c948f4d605d) (ScriptedImporter) -> (artifact id: '758ba05fa4a8ca5274527d5380e5aaef') in 0.2264659 seconds
Number of updated asset objects reloaded before import = 0Number of asset objects unloaded after import = 0

========================================================================
Received Import Request.
  Time since last request: 0.007635 seconds.
  path: Packages/com.unity.xr.core-utils/Tests/Runtime/Scripts/TestImage.cs
  artifactKey: Guid(5e1b36135b33c425a967edf024cf0128) Importer(2089858483,b0f066a214c2f5e87bad3c948f4d605d)
Start importing Packages/com.unity.xr.core-utils/Tests/Runtime/Scripts/TestImage.cs using Guid(5e1b36135b33c425a967edf024cf0128) Importer(2089858483,b0f066a214c2f5e87bad3c948f4d605d) (ScriptedImporter) -> (artifact id: 'eb55bd3823c709e32e5a88a237e13658') in 0.1350166 seconds
Number of updated asset objects reloaded before import = 0Number of asset objects unloaded after import = 0

========================================================================
Received Import Request.
  Time since last request: 0.003448 seconds.
  path: Packages/com.unity.xr.arfoundation/Runtime/Simulation/Subsystems/ISimulationSessionResetHandler.cs
  artifactKey: Guid(0278a7cea84b4ee2a00b9768118d7848) Importer(2089858483,b0f066a214c2f5e87bad3c948f4d605d)
Start importing Packages/com.unity.xr.arfoundation/Runtime/Simulation/Subsystems/ISimulationSessionResetHandler.cs using Guid(0278a7cea84b4ee2a00b9768118d7848) Importer(2089858483,b0f066a214c2f5e87bad3c948f4d605d) (ScriptedImporter) -> (artifact id: 'a93af3dda1d4ce926c48c1c65bdc29b4') in 0.0555497 seconds
Number of updated asset objects reloaded before import = 0Number of asset objects unloaded after import = 0

========================================================================
Received Import Request.
  Time since last request: 0.002879 seconds.
  path: Packages/com.unity.xr.arfoundation/Runtime/ARFoundation/TransformExtensions.cs
  artifactKey: Guid(23ac6ce2afe57a64a8bce96ef4774eab) Importer(2089858483,b0f066a214c2f5e87bad3c948f4d605d)
Start importing Packages/com.unity.xr.arfoundation/Runtime/ARFoundation/TransformExtensions.cs using Guid(23ac6ce2afe57a64a8bce96ef4774eab) Importer(2089858483,b0f066a214c2f5e87bad3c948f4d605d) (ScriptedImporter) -> (artifact id: 'b25459a43a3b04752d92242f7c074f25') in 0.1597831 seconds
Number of updated asset objects reloaded before import = 0Number of asset objects unloaded after import = 1

========================================================================
Received Import Request.
  Time since last request: 0.000066 seconds.
  path: Packages/com.unity.xr.management/Editor/XRLoaderInfo.cs
  artifactKey: Guid(eca7ba6d7e1b88845960a98f39f5d381) Importer(2089858483,b0f066a214c2f5e87bad3c948f4d605d)
Start importing Packages/com.unity.xr.management/Editor/XRLoaderInfo.cs using Guid(eca7ba6d7e1b88845960a98f39f5d381) Importer(2089858483,b0f066a214c2f5e87bad3c948f4d605d) (ScriptedImporter) -> (artifact id: '43366cde3a1c94e16c9056cf6b51163a') in 0.0855597 seconds
Number of updated asset objects reloaded before import = 0Number of asset objects unloaded after import = 0

========================================================================
Received Import Request.
  Time since last request: 0.007048 seconds.
  path: Packages/com.unity.xr.management/README.md
  artifactKey: Guid(88d2132b5a4df4c659790dc2260104b3) Importer(2089858483,b0f066a214c2f5e87bad3c948f4d605d)
Start importing Packages/com.unity.xr.management/README.md using Guid(88d2132b5a4df4c659790dc2260104b3) Importer(2089858483,b0f066a214c2f5e87bad3c948f4d605d) (ScriptedImporter) -> (artifact id: '993543c22e8b20bfcce218e2b75876ba') in 0.2638382 seconds
Number of updated asset objects reloaded before import = 0Number of asset objects unloaded after import = 1

========================================================================
Received Import Request.
  Time since last request: 0.001309 seconds.
  path: Packages/com.unity.inputsystem/InputSystem/Editor/Plugins/HID/HIDSupportEditorInitializer.cs
  artifactKey: Guid(efc4aca331ba242fab026845289179ff) Importer(2089858483,b0f066a214c2f5e87bad3c948f4d605d)
Start importing Packages/com.unity.inputsystem/InputSystem/Editor/Plugins/HID/HIDSupportEditorInitializer.cs using Guid(efc4aca331ba242fab026845289179ff) Importer(2089858483,b0f066a214c2f5e87bad3c948f4d605d) (ScriptedImporter) -> (artifact id: 'd0d11d74433c7074186e658348b4b3e3') in 0.0790013 seconds
Number of updated asset objects reloaded before import = 0Number of asset objects unloaded after import = 0

========================================================================
Received Import Request.
  Time since last request: 0.032339 seconds.
  path: Packages/com.unity.xr.arfoundation/Assets/Shaders/SimulationURPLit.shader
  artifactKey: Guid(8dfc564b813aa8f4685ed5f2ed5df06a) Importer(2089858483,b0f066a214c2f5e87bad3c948f4d605d)
Start importing Packages/com.unity.xr.arfoundation/Assets/Shaders/SimulationURPLit.shader using Guid(8dfc564b813aa8f4685ed5f2ed5df06a) Importer(2089858483,b0f066a214c2f5e87bad3c948f4d605d) (ScriptedImporter) -> (artifact id: '455e3de361bc072bea2fac450705f9a1') in 0.2983485 seconds
Number of updated asset objects reloaded before import = 0Number of asset objects unloaded after import = 1

========================================================================
Received Import Request.
  Time since last request: 0.000776 seconds.
  path: Packages/com.unity.xr.arfoundation/Runtime/ARSubsystems/Textures/XRCpuImage/AsyncConversionStatus.cs
  artifactKey: Guid(207c3628383b648d4aace75ba7fe1dc1) Importer(2089858483,b0f066a214c2f5e87bad3c948f4d605d)
Start importing Packages/com.unity.xr.arfoundation/Runtime/ARSubsystems/Textures/XRCpuImage/AsyncConversionStatus.cs using Guid(207c3628383b648d4aace75ba7fe1dc1) Importer(2089858483,b0f066a214c2f5e87bad3c948f4d605d) (ScriptedImporter) -> (artifact id: '3bae66ea6d58e25e80e8efe116e094eb') in 0.2439446 seconds
Number of updated asset objects reloaded before import = 0Number of asset objects unloaded after import = 0

========================================================================
Received Import Request.
  Time since last request: 0.000403 seconds.
  path: Packages/com.unity.xr.arfoundation/Runtime/ARFoundation/ARParticipantManager.cs
  artifactKey: Guid(beae32e1912b34424bb5f15077ed8fba) Importer(2089858483,b0f066a214c2f5e87bad3c948f4d605d)
Start importing Packages/com.unity.xr.arfoundation/Runtime/ARFoundation/ARParticipantManager.cs using Guid(beae32e1912b34424bb5f15077ed8fba) Importer(2089858483,b0f066a214c2f5e87bad3c948f4d605d) (ScriptedImporter) -> (artifact id: 'ea606d92646441687a4cb3d8b8cbb482') in 0.0821632 seconds
Number of updated asset objects reloaded before import = 0Number of asset objects unloaded after import = 1

========================================================================
Received Import Request.
  Time since last request: 0.001123 seconds.
  path: Packages/com.unity.xr.arfoundation/Runtime/Simulation/AssemblyInfo.cs
  artifactKey: Guid(2cec9cedecca4f93adb3215db652e773) Importer(2089858483,b0f066a214c2f5e87bad3c948f4d605d)
Start importing Packages/com.unity.xr.arfoundation/Runtime/Simulation/AssemblyInfo.cs using Guid(2cec9cedecca4f93adb3215db652e773) Importer(2089858483,b0f066a214c2f5e87bad3c948f4d605d) (ScriptedImporter) -> (artifact id: 'd2cd6cfb82896a7cc6cc25e4357f8c21') in 0.044566 seconds
Number of updated asset objects reloaded before import = 0Number of asset objects unloaded after import = 0

========================================================================
Received Import Request.
  Time since last request: 0.001961 seconds.
  path: Packages/com.unity.xr.arfoundation/Runtime/ARSubsystems/CameraSubsystem/XRCameraFrameExifData.cs
  artifactKey: Guid(e4bee56e065474a3495bef08621c27dd) Importer(2089858483,b0f066a214c2f5e87bad3c948f4d605d)
Start importing Packages/com.unity.xr.arfoundation/Runtime/ARSubsystems/CameraSubsystem/XRCameraFrameExifData.cs using Guid(e4bee56e065474a3495bef08621c27dd) Importer(2089858483,b0f066a214c2f5e87bad3c948f4d605d) (ScriptedImporter) -> (artifact id: '28b5384cbf0f90a080969934e244a347') in 0.0693903 seconds
Number of updated asset objects reloaded before import = 0Number of asset objects unloaded after import = 0

========================================================================
Received Import Request.
  Time since last request: 0.001016 seconds.
  path: Packages/com.unity.xr.arfoundation/Editor/VisualScripting/ARPlanesChangedEventUnitDescriptor.cs
  artifactKey: Guid(d9e028db454f4842a6fdf59c68aa720f) Importer(2089858483,b0f066a214c2f5e87bad3c948f4d605d)
Start importing Packages/com.unity.xr.arfoundation/Editor/VisualScripting/ARPlanesChangedEventUnitDescriptor.cs using Guid(d9e028db454f4842a6fdf59c68aa720f) Importer(2089858483,b0f066a214c2f5e87bad3c948f4d605d) (ScriptedImporter) -> (artifact id: '15376a0feb67e41600335080bdb4f4a0') in 0.0819165 seconds
Number of updated asset objects reloaded before import = 0Number of asset objects unloaded after import = 0

========================================================================
Received Import Request.
  Time since last request: 0.001154 seconds.
  path: Packages/com.unity.xr.arfoundation/Runtime/ARSubsystems/ObjectTrackingSubsystem/XRObjectTrackingSubsystem.cs
  artifactKey: Guid(eb14b8c6505704d22a484c990eebb310) Importer(2089858483,b0f066a214c2f5e87bad3c948f4d605d)
Start importing Packages/com.unity.xr.arfoundation/Runtime/ARSubsystems/ObjectTrackingSubsystem/XRObjectTrackingSubsystem.cs using Guid(eb14b8c6505704d22a484c990eebb310) Importer(2089858483,b0f066a214c2f5e87bad3c948f4d605d) (ScriptedImporter) -> (artifact id: '22472f10495f82d325334cee63974d22') in 0.046213 seconds
Number of updated asset objects reloaded before import = 0Number of asset objects unloaded after import = 0

========================================================================
Received Import Request.
  Time since last request: 0.000077 seconds.
  path: Packages/com.unity.xr.management/Editor/XRBuildProcessorHelper.cs
  artifactKey: Guid(83e5e574dc5d9854e9133734661c04de) Importer(2089858483,b0f066a214c2f5e87bad3c948f4d605d)
Start importing Packages/com.unity.xr.management/Editor/XRBuildProcessorHelper.cs using Guid(83e5e574dc5d9854e9133734661c04de) Importer(2089858483,b0f066a214c2f5e87bad3c948f4d605d) (ScriptedImporter) -> (artifact id: 'eb203ae464475943dd624b2e3daf1a78') in 0.0382404 seconds
Number of updated asset objects reloaded before import = 0Number of asset objects unloaded after import = 0

========================================================================
Received Import Request.
  Time since last request: 0.000218 seconds.
  path: Packages/com.unity.xr.arfoundation/Runtime/ARFoundation/ARPointCloudMeshVisualizer.cs
  artifactKey: Guid(0865ed1da42853844860cbdf054fe047) Importer(2089858483,b0f066a214c2f5e87bad3c948f4d605d)
Start importing Packages/com.unity.xr.arfoundation/Runtime/ARFoundation/ARPointCloudMeshVisualizer.cs using Guid(0865ed1da42853844860cbdf054fe047) Importer(2089858483,b0f066a214c2f5e87bad3c948f4d605d) (ScriptedImporter) -> (artifact id: '1ae50aeb8ecc799d8dc0969be30c05d0') in 0.0354762 seconds
Number of updated asset objects reloaded before import = 0Number of asset objects unloaded after import = 1

========================================================================
Received Import Request.
  Time since last request: 0.000108 seconds.
  path: Packages/com.unity.inputsystem/InputSystem/Runtime/Utilities/ExceptionHelpers.cs
  artifactKey: Guid(d717b0e790ee146dd93d1be641984b6a) Importer(2089858483,b0f066a214c2f5e87bad3c948f4d605d)
Start importing Packages/com.unity.inputsystem/InputSystem/Runtime/Utilities/ExceptionHelpers.cs using Guid(d717b0e790ee146dd93d1be641984b6a) Importer(2089858483,b0f066a214c2f5e87bad3c948f4d605d) (ScriptedImporter) -> (artifact id: 'b6ca196436d4915a6751d78b90e909fc') in 0.0356447 seconds
Number of updated asset objects reloaded before import = 0Number of asset objects unloaded after import = 0

========================================================================
Received Import Request.
  Time since last request: 0.002574 seconds.
  path: Packages/com.unity.xr.arfoundation/Tests/Runtime/ARFoundation/AnchorSubsystem/XRAnchorSubsystemTests.cs
  artifactKey: Guid(e62301c5aa4c4e7cb64b201f9feefbf7) Importer(2089858483,b0f066a214c2f5e87bad3c948f4d605d)
Start importing Packages/com.unity.xr.arfoundation/Tests/Runtime/ARFoundation/AnchorSubsystem/XRAnchorSubsystemTests.cs using Guid(e62301c5aa4c4e7cb64b201f9feefbf7) Importer(2089858483,b0f066a214c2f5e87bad3c948f4d605d) (ScriptedImporter) -> (artifact id: 'e831ba691925de383e8205758dd1048d') in 0.0334927 seconds
Number of updated asset objects reloaded before import = 0Number of asset objects unloaded after import = 0

========================================================================
Received Import Request.
  Time since last request: 0.001030 seconds.
  path: Packages/com.unity.mathematics/Unity.Mathematics/Noise/README
  artifactKey: Guid(16687ba1ea1804a9fb7cb7c2410eab23) Importer(2089858483,b0f066a214c2f5e87bad3c948f4d605d)
Start importing Packages/com.unity.mathematics/Unity.Mathematics/Noise/README using Guid(16687ba1ea1804a9fb7cb7c2410eab23) Importer(2089858483,b0f066a214c2f5e87bad3c948f4d605d) (ScriptedImporter) -> (artifact id: '7c12a79b3086aa972ee73c52641db833') in 0.0326727 seconds
Number of updated asset objects reloaded before import = 0Number of asset objects unloaded after import = 1

========================================================================
Received Import Request.
  Time since last request: 0.001359 seconds.
  path: Packages/com.unity.xr.arfoundation/LICENSE.md
  artifactKey: Guid(ac10132e358b28947a35981268d3ca57) Importer(2089858483,b0f066a214c2f5e87bad3c948f4d605d)
Start importing Packages/com.unity.xr.arfoundation/LICENSE.md using Guid(ac10132e358b28947a35981268d3ca57) Importer(2089858483,b0f066a214c2f5e87bad3c948f4d605d) (ScriptedImporter) -> (artifact id: 'a54c8f0bef2d9e19e70356d8b711c5ab') in 0.0444634 seconds
Number of updated asset objects reloaded before import = 0Number of asset objects unloaded after import = 1

========================================================================
Received Import Request.
  Time since last request: 0.000338 seconds.
  path: Packages/com.unity.xr.arfoundation/Runtime/Simulation/Subsystems/Raycast/IRaycaster.cs
  artifactKey: Guid(d1e28bbff00034614a9dad4ba25c4281) Importer(2089858483,b0f066a214c2f5e87bad3c948f4d605d)
Start importing Packages/com.unity.xr.arfoundation/Runtime/Simulation/Subsystems/Raycast/IRaycaster.cs using Guid(d1e28bbff00034614a9dad4ba25c4281) Importer(2089858483,b0f066a214c2f5e87bad3c948f4d605d) (ScriptedImporter) -> (artifact id: '94ce4278518d6c879a71229df4ac273e') in 0.0332962 seconds
Number of updated asset objects reloaded before import = 0Number of asset objects unloaded after import = 0

========================================================================
Received Import Request.
  Time since last request: 0.000762 seconds.
  path: Packages/com.unity.mathematics/Tests/Tests/TestRandom.cs
  artifactKey: Guid(ec2e0d8c659a52a45b0bd4f7a3d3981a) Importer(2089858483,b0f066a214c2f5e87bad3c948f4d605d)
Start importing Packages/com.unity.mathematics/Tests/Tests/TestRandom.cs using Guid(ec2e0d8c659a52a45b0bd4f7a3d3981a) Importer(2089858483,b0f066a214c2f5e87bad3c948f4d605d) (ScriptedImporter) -> (artifact id: '2a3d4a65e3c01bcabe5420095f2e6fbc') in 0.0593449 seconds
Number of updated asset objects reloaded before import = 0Number of asset objects unloaded after import = 0

========================================================================
Received Import Request.
  Time since last request: 0.001150 seconds.
  path: Packages/com.unity.inputsystem/InputSystem/Editor/InputSystemStateManager.cs
  artifactKey: Guid(3a1038634f66b98469a174a3e1a85190) Importer(2089858483,b0f066a214c2f5e87bad3c948f4d605d)
Start importing Packages/com.unity.inputsystem/InputSystem/Editor/InputSystemStateManager.cs using Guid(3a1038634f66b98469a174a3e1a85190) Importer(2089858483,b0f066a214c2f5e87bad3c948f4d605d) (ScriptedImporter) -> (artifact id: '7e3c025031e93933932f1721dda6e7ec') in 0.083428 seconds
Number of updated asset objects reloaded before import = 0Number of asset objects unloaded after import = 0

========================================================================
Received Import Request.
  Time since last request: 0.000805 seconds.
  path: Packages/com.unity.inputsystem/InputSystem/Editor/Icons/d_ChevronDown.png
  artifactKey: Guid(06ad495fb07444736b59782982d96250) Importer(2089858483,b0f066a214c2f5e87bad3c948f4d605d)
Start importing Packages/com.unity.inputsystem/InputSystem/Editor/Icons/d_ChevronDown.png using Guid(06ad495fb07444736b59782982d96250) Importer(2089858483,b0f066a214c2f5e87bad3c948f4d605d) (ScriptedImporter) -> (artifact id: '9171223521b453531f5b83cd47eaec7d') in 0.0737314 seconds
Number of updated asset objects reloaded before import = 0Number of asset objects unloaded after import = 1

========================================================================
Received Import Request.
  Time since last request: 0.000862 seconds.
  path: Packages/com.unity.xr.arcore/ValidationExceptions.json
  artifactKey: Guid(ce1f254400fd5405b822ec996b5a1f96) Importer(2089858483,b0f066a214c2f5e87bad3c948f4d605d)
Start importing Packages/com.unity.xr.arcore/ValidationExceptions.json using Guid(ce1f254400fd5405b822ec996b5a1f96) Importer(2089858483,b0f066a214c2f5e87bad3c948f4d605d) (ScriptedImporter) -> (artifact id: 'dd994e8e64d45c5a5e25f9810f5f294f') in 0.0321149 seconds
Number of updated asset objects reloaded before import = 0Number of asset objects unloaded after import = 1

========================================================================
Received Import Request.
  Time since last request: 0.000072 seconds.
  path: Packages/com.unity.modules.ui/package.json
  artifactKey: Guid(bfd567a3d1631a761bca9e99fa53d86d) Importer(2089858483,b0f066a214c2f5e87bad3c948f4d605d)
Start importing Packages/com.unity.modules.ui/package.json using Guid(bfd567a3d1631a761bca9e99fa53d86d) Importer(2089858483,b0f066a214c2f5e87bad3c948f4d605d) (ScriptedImporter) -> (artifact id: 'b607207bd70dbeeef25cebbaeb1cc95c') in 0.0476526 seconds
Number of updated asset objects reloaded before import = 0Number of asset objects unloaded after import = 1

========================================================================
Received Import Request.
  Time since last request: 0.015591 seconds.
  path: Packages/com.unity.xr.arfoundation/Runtime/VisualScripting/Units/GetEnvironmentProbesUnit.cs
  artifactKey: Guid(d9dc66a7974d84a7aa53695cca9e6378) Importer(2089858483,b0f066a214c2f5e87bad3c948f4d605d)
Start importing Packages/com.unity.xr.arfoundation/Runtime/VisualScripting/Units/GetEnvironmentProbesUnit.cs using Guid(d9dc66a7974d84a7aa53695cca9e6378) Importer(2089858483,b0f066a214c2f5e87bad3c948f4d605d) (ScriptedImporter) -> (artifact id: '375270f4fdfd95ebc91538a42d53b171') in 0.0839588 seconds
Number of updated asset objects reloaded before import = 0Number of asset objects unloaded after import = 0

========================================================================
Received Import Request.
  Time since last request: 0.003969 seconds.
  path: Packages/com.unity.xr.arcore/Runtime/Constants.cs
  artifactKey: Guid(ed1188c162ab4b5cbb9432284f0b5cb3) Importer(2089858483,b0f066a214c2f5e87bad3c948f4d605d)
Start importing Packages/com.unity.xr.arcore/Runtime/Constants.cs using Guid(ed1188c162ab4b5cbb9432284f0b5cb3) Importer(2089858483,b0f066a214c2f5e87bad3c948f4d605d) (ScriptedImporter) -> (artifact id: '86607511e52d4a66c6ba984fd05861b5') in 0.0946109 seconds
Number of updated asset objects reloaded before import = 0Number of asset objects unloaded after import = 0

========================================================================
Received Import Request.
  Time since last request: 0.000212 seconds.
  path: Packages/com.unity.xr.management/Tests/Editor/EditorTests.cs
  artifactKey: Guid(731806369f8c24ec3bfee6ac9f820f6a) Importer(2089858483,b0f066a214c2f5e87bad3c948f4d605d)
Start importing Packages/com.unity.xr.management/Tests/Editor/EditorTests.cs using Guid(731806369f8c24ec3bfee6ac9f820f6a) Importer(2089858483,b0f066a214c2f5e87bad3c948f4d605d) (ScriptedImporter) -> (artifact id: '0de1779ae47a4e7fb8b438107890fa90') in 0.0359029 seconds
Number of updated asset objects reloaded before import = 0Number of asset objects unloaded after import = 0

========================================================================
Received Import Request.
  Time since last request: 0.000343 seconds.
  path: Packages/com.unity.xr.arcore/Runtime/ARCoreEnvironmentProbeSubsystem.cs
  artifactKey: Guid(50625ac8978954047bfa4fc493603c05) Importer(2089858483,b0f066a214c2f5e87bad3c948f4d605d)
Start importing Packages/com.unity.xr.arcore/Runtime/ARCoreEnvironmentProbeSubsystem.cs using Guid(50625ac8978954047bfa4fc493603c05) Importer(2089858483,b0f066a214c2f5e87bad3c948f4d605d) (ScriptedImporter) -> (artifact id: '73fc06c642bcae94ea6be3a231538f18') in 0.0475549 seconds
Number of updated asset objects reloaded before import = 0Number of asset objects unloaded after import = 0

========================================================================
Received Import Request.
  Time since last request: 0.003410 seconds.
  path: Packages/com.unity.xr.arfoundation/Runtime/Simulation/Subsystems/ImageTracking/TrackedImageDiscoveryParams.cs
  artifactKey: Guid(6306bf85198c3468ca204dfd344ed6bd) Importer(2089858483,b0f066a214c2f5e87bad3c948f4d605d)
Start importing Packages/com.unity.xr.arfoundation/Runtime/Simulation/Subsystems/ImageTracking/TrackedImageDiscoveryParams.cs using Guid(6306bf85198c3468ca204dfd344ed6bd) Importer(2089858483,b0f066a214c2f5e87bad3c948f4d605d) (ScriptedImporter) -> (artifact id: 'd6bb3467d55038f828d2f9b78e31aab3') in 0.1875777 seconds
Number of updated asset objects reloaded before import = 0Number of asset objects unloaded after import = 0

========================================================================
Received Import Request.
  Time since last request: 0.001893 seconds.
  path: Packages/com.unity.inputsystem/InputSystem/Runtime/Events/DeviceRemoveEvent.cs
  artifactKey: Guid(9af5cfc54cf34eb1ac27c9c90a9a7440) Importer(2089858483,b0f066a214c2f5e87bad3c948f4d605d)
Start importing Packages/com.unity.inputsystem/InputSystem/Runtime/Events/DeviceRemoveEvent.cs using Guid(9af5cfc54cf34eb1ac27c9c90a9a7440) Importer(2089858483,b0f066a214c2f5e87bad3c948f4d605d) (ScriptedImporter) -> (artifact id: '3e5a52b59e453b494e6656cf15d15d71') in 0.0551454 seconds
Number of updated asset objects reloaded before import = 0Number of asset objects unloaded after import = 0

========================================================================
Received Import Request.
  Time since last request: 0.000573 seconds.
  path: Packages/com.unity.inputsystem/InputSystem/Editor/Settings/InputSettingsProvider.cs
  artifactKey: Guid(e8df62e96c8524c2a89b7af40ee100e9) Importer(2089858483,b0f066a214c2f5e87bad3c948f4d605d)
Start importing Packages/com.unity.inputsystem/InputSystem/Editor/Settings/InputSettingsProvider.cs using Guid(e8df62e96c8524c2a89b7af40ee100e9) Importer(2089858483,b0f066a214c2f5e87bad3c948f4d605d) (ScriptedImporter) -> (artifact id: '10cf55c1ac132251952c47e8a79420f9') in 0.0454328 seconds
Number of updated asset objects reloaded before import = 0Number of asset objects unloaded after import = 0

========================================================================
Received Import Request.
  Time since last request: 0.001216 seconds.
  path: Packages/com.unity.inputsystem/InputSystem/Runtime/Devices/Pen.cs
  artifactKey: Guid(4eac2aa5bc9a4fc1b87308eec2acf8b1) Importer(2089858483,b0f066a214c2f5e87bad3c948f4d605d)
Start importing Packages/com.unity.inputsystem/InputSystem/Runtime/Devices/Pen.cs using Guid(4eac2aa5bc9a4fc1b87308eec2acf8b1) Importer(2089858483,b0f066a214c2f5e87bad3c948f4d605d) (ScriptedImporter) -> (artifact id: '0efa6f17e4a4eb8bb18ad85640772bcd') in 0.0565883 seconds
Number of updated asset objects reloaded before import = 0Number of asset objects unloaded after import = 0

========================================================================
Received Import Request.
  Time since last request: 0.000981 seconds.
  path: Packages/com.unity.inputsystem/InputSystem/Runtime/Events/TextEvent.cs
  artifactKey: Guid(dda83392ceab4fddbb9f3c7dd5edde62) Importer(2089858483,b0f066a214c2f5e87bad3c948f4d605d)
Start importing Packages/com.unity.inputsystem/InputSystem/Runtime/Events/TextEvent.cs using Guid(dda83392ceab4fddbb9f3c7dd5edde62) Importer(2089858483,b0f066a214c2f5e87bad3c948f4d605d) (ScriptedImporter) -> (artifact id: '098b8293dbbecb1b81257416e45d1633') in 0.0570791 seconds
Number of updated asset objects reloaded before import = 0Number of asset objects unloaded after import = 0

========================================================================
Received Import Request.
  Time since last request: 0.000089 seconds.
  path: Packages/com.unity.inputsystem/InputSystem/Editor/Icons/Axis@4x.png
  artifactKey: Guid(a940917cc397643afb071010cb2143d9) Importer(2089858483,b0f066a214c2f5e87bad3c948f4d605d)
Start importing Packages/com.unity.inputsystem/InputSystem/Editor/Icons/Axis@4x.png using Guid(a940917cc397643afb071010cb2143d9) Importer(2089858483,b0f066a214c2f5e87bad3c948f4d605d) (ScriptedImporter) -> (artifact id: '409f480be243dd11d66f035dada0bf1a') in 0.0438145 seconds
Number of updated asset objects reloaded before import = 0Number of asset objects unloaded after import = 1

========================================================================
Received Import Request.
  Time since last request: 0.000056 seconds.
  path: Packages/com.unity.mathematics/Tests/Tests/Shared/TestDouble2x2.gen.cs
  artifactKey: Guid(eb8a44886606504469cf3329b4993591) Importer(2089858483,b0f066a214c2f5e87bad3c948f4d605d)
Start importing Packages/com.unity.mathematics/Tests/Tests/Shared/TestDouble2x2.gen.cs using Guid(eb8a44886606504469cf3329b4993591) Importer(2089858483,b0f066a214c2f5e87bad3c948f4d605d) (ScriptedImporter) -> (artifact id: 'e8a88b79e48bea32e1b54a8dcc33dd86') in 0.0269807 seconds
Number of updated asset objects reloaded before import = 0Number of asset objects unloaded after import = 0

========================================================================
Received Import Request.
  Time since last request: 0.000912 seconds.
  path: Packages/com.unity.xr.management/Tests/Editor/Unity.XR.Management.EditorTests.asmdef
  artifactKey: Guid(f46fc3751c3e84133af5527f7c1abae5) Importer(2089858483,b0f066a214c2f5e87bad3c948f4d605d)
Start importing Packages/com.unity.xr.management/Tests/Editor/Unity.XR.Management.EditorTests.asmdef using Guid(f46fc3751c3e84133af5527f7c1abae5) Importer(2089858483,b0f066a214c2f5e87bad3c948f4d605d) (ScriptedImporter) -> (artifact id: 'eab0c939428bb478f882022255040163') in 0.026949 seconds
Number of updated asset objects reloaded before import = 0Number of asset objects unloaded after import = 1

========================================================================
Received Import Request.
  Time since last request: 0.000492 seconds.
  path: Packages/com.unity.xr.arfoundation/Runtime/Simulation/Subsystems/ImageTracking/TrackedImageDiscoveryStrategy.cs
  artifactKey: Guid(e1a240c3068014fed926c0e72b78f1bd) Importer(2089858483,b0f066a214c2f5e87bad3c948f4d605d)
Start importing Packages/com.unity.xr.arfoundation/Runtime/Simulation/Subsystems/ImageTracking/TrackedImageDiscoveryStrategy.cs using Guid(e1a240c3068014fed926c0e72b78f1bd) Importer(2089858483,b0f066a214c2f5e87bad3c948f4d605d) (ScriptedImporter) -> (artifact id: '2055c8f9c59c2ddd9abca0f81410c55e') in 0.0281164 seconds
Number of updated asset objects reloaded before import = 0Number of asset objects unloaded after import = 0

========================================================================
Received Import Request.
  Time since last request: 0.000348 seconds.
  path: Packages/com.unity.xr.arfoundation/Runtime/ARSubsystems/ImageTrackingSubsystem/XRImageTrackingSubsystemDescriptor.cs
  artifactKey: Guid(3fb79659a1271364f8030126dcdad135) Importer(2089858483,b0f066a214c2f5e87bad3c948f4d605d)
Start importing Packages/com.unity.xr.arfoundation/Runtime/ARSubsystems/ImageTrackingSubsystem/XRImageTrackingSubsystemDescriptor.cs using Guid(3fb79659a1271364f8030126dcdad135) Importer(2089858483,b0f066a214c2f5e87bad3c948f4d605d) (ScriptedImporter) -> (artifact id: '46b32c61825e116357ced82dea90a5a9') in 0.0246098 seconds
Number of updated asset objects reloaded before import = 0Number of asset objects unloaded after import = 0

========================================================================
Received Import Request.
  Time since last request: 0.002262 seconds.
  path: Packages/com.unity.xr.arfoundation/Runtime/VisualScripting/Units/GetAnchorsUnit.cs
  artifactKey: Guid(bdd7b27fc8fb44e31a5e40525abe4a4e) Importer(2089858483,b0f066a214c2f5e87bad3c948f4d605d)
Start importing Packages/com.unity.xr.arfoundation/Runtime/VisualScripting/Units/GetAnchorsUnit.cs using Guid(bdd7b27fc8fb44e31a5e40525abe4a4e) Importer(2089858483,b0f066a214c2f5e87bad3c948f4d605d) (ScriptedImporter) -> (artifact id: '926c4417da4194e6bb4f9c6fa31b7ff4') in 0.0279215 seconds
Number of updated asset objects reloaded before import = 0Number of asset objects unloaded after import = 0

========================================================================
Received Import Request.
  Time since last request: 0.000175 seconds.
  path: Packages/com.unity.xr.arfoundation/Runtime/Simulation/Subsystems/PointCloud/PointCloudRaycaster.cs
  artifactKey: Guid(2d86d46637c3c40b7bce4fdaaa2c4765) Importer(2089858483,b0f066a214c2f5e87bad3c948f4d605d)
Start importing Packages/com.unity.xr.arfoundation/Runtime/Simulation/Subsystems/PointCloud/PointCloudRaycaster.cs using Guid(2d86d46637c3c40b7bce4fdaaa2c4765) Importer(2089858483,b0f066a214c2f5e87bad3c948f4d605d) (ScriptedImporter) -> (artifact id: '3f3b97330b72f8040518fbaacc7893b5') in 0.0378015 seconds
Number of updated asset objects reloaded before import = 0Number of asset objects unloaded after import = 0

========================================================================
Received Import Request.
  Time since last request: 0.000429 seconds.
  path: Packages/com.unity.xr.arfoundation/Runtime/ARSubsystems/ImageTrackingSubsystem/XRImageTrackingSubsystem.cs
  artifactKey: Guid(114eb1d7e95a12645b7f732f5ca8598a) Importer(2089858483,b0f066a214c2f5e87bad3c948f4d605d)
Start importing Packages/com.unity.xr.arfoundation/Runtime/ARSubsystems/ImageTrackingSubsystem/XRImageTrackingSubsystem.cs using Guid(114eb1d7e95a12645b7f732f5ca8598a) Importer(2089858483,b0f066a214c2f5e87bad3c948f4d605d) (ScriptedImporter) -> (artifact id: 'a3b9c461ae907bdd4e594653ce2aa8bf') in 0.0333138 seconds
Number of updated asset objects reloaded before import = 0Number of asset objects unloaded after import = 0

========================================================================
Received Import Request.
  Time since last request: 0.000152 seconds.
  path: Packages/com.unity.xr.arfoundation/Runtime/Simulation/Subsystems/Meshing/SimulationMesh.cs
  artifactKey: Guid(7bd6dcbafb015a6459bdfe85af7b5719) Importer(2089858483,b0f066a214c2f5e87bad3c948f4d605d)
Start importing Packages/com.unity.xr.arfoundation/Runtime/Simulation/Subsystems/Meshing/SimulationMesh.cs using Guid(7bd6dcbafb015a6459bdfe85af7b5719) Importer(2089858483,b0f066a214c2f5e87bad3c948f4d605d) (ScriptedImporter) -> (artifact id: 'df43ebc0810598dcc7c27c0bd9ed72d3') in 0.0245344 seconds
Number of updated asset objects reloaded before import = 0Number of asset objects unloaded after import = 0

========================================================================
Received Import Request.
  Time since last request: 0.000518 seconds.
  path: Packages/com.unity.xr.arfoundation/Runtime/Simulation/Subsystems/Occlusion/SimulationOcclusionSubsystem.cs
  artifactKey: Guid(344ecab415ee3814b8d4d880bcc33fcf) Importer(2089858483,b0f066a214c2f5e87bad3c948f4d605d)
Start importing Packages/com.unity.xr.arfoundation/Runtime/Simulation/Subsystems/Occlusion/SimulationOcclusionSubsystem.cs using Guid(344ecab415ee3814b8d4d880bcc33fcf) Importer(2089858483,b0f066a214c2f5e87bad3c948f4d605d) (ScriptedImporter) -> (artifact id: '4fb9b33db465f9a4878c09a87617da00') in 0.0242884 seconds
Number of updated asset objects reloaded before import = 0Number of asset objects unloaded after import = 0

========================================================================
Received Import Request.
  Time since last request: 0.000049 seconds.
  path: Packages/com.unity.xr.arfoundation/Runtime/Simulation/Subsystems/Plane/PlaneDiscoveryVoxelGrid.cs
  artifactKey: Guid(0cefdd4f6a64240ac86de4faea339fff) Importer(2089858483,b0f066a214c2f5e87bad3c948f4d605d)
Start importing Packages/com.unity.xr.arfoundation/Runtime/Simulation/Subsystems/Plane/PlaneDiscoveryVoxelGrid.cs using Guid(0cefdd4f6a64240ac86de4faea339fff) Importer(2089858483,b0f066a214c2f5e87bad3c948f4d605d) (ScriptedImporter) -> (artifact id: 'd1596e3ff06b2ddab2a5d19ab8e433b0') in 0.0283286 seconds
Number of updated asset objects reloaded before import = 0Number of asset objects unloaded after import = 0

========================================================================
Received Import Request.
  Time since last request: 0.000227 seconds.
  path: Packages/com.unity.xr.arfoundation/Editor/ARFoundation/Analytics/Hooks/BuildHook.cs
  artifactKey: Guid(231f67e4252d44efbb439277e1de6da5) Importer(2089858483,b0f066a214c2f5e87bad3c948f4d605d)
Start importing Packages/com.unity.xr.arfoundation/Editor/ARFoundation/Analytics/Hooks/BuildHook.cs using Guid(231f67e4252d44efbb439277e1de6da5) Importer(2089858483,b0f066a214c2f5e87bad3c948f4d605d) (ScriptedImporter) -> (artifact id: '4edf8642845ab85a54f9eb65ac590c83') in 0.0294492 seconds
Number of updated asset objects reloaded before import = 0Number of asset objects unloaded after import = 0

========================================================================
Received Import Request.
  Time since last request: 0.000218 seconds.
  path: Packages/com.unity.xr.arfoundation/Runtime/ARSubsystems/Textures/XRCpuImage/Plane.cs
  artifactKey: Guid(28a7f11edacc64e85a1fa8055484d076) Importer(2089858483,b0f066a214c2f5e87bad3c948f4d605d)
Start importing Packages/com.unity.xr.arfoundation/Runtime/ARSubsystems/Textures/XRCpuImage/Plane.cs using Guid(28a7f11edacc64e85a1fa8055484d076) Importer(2089858483,b0f066a214c2f5e87bad3c948f4d605d) (ScriptedImporter) -> (artifact id: '3055fdc28516b011478d661998e6400f') in 0.0234013 seconds
Number of updated asset objects reloaded before import = 0Number of asset objects unloaded after import = 0

========================================================================
Received Import Request.
  Time since last request: 0.000206 seconds.
  path: Packages/com.unity.xr.arfoundation/Runtime/VisualScripting/Units/GetRaycastsUnit.cs
  artifactKey: Guid(139aa5e4fbf87401c9823aa086fecc8d) Importer(2089858483,b0f066a214c2f5e87bad3c948f4d605d)
Start importing Packages/com.unity.xr.arfoundation/Runtime/VisualScripting/Units/GetRaycastsUnit.cs using Guid(139aa5e4fbf87401c9823aa086fecc8d) Importer(2089858483,b0f066a214c2f5e87bad3c948f4d605d) (ScriptedImporter) -> (artifact id: '0c096518e0b06e6f8ffd7daf2578fb53') in 0.0214571 seconds
Number of updated asset objects reloaded before import = 0Number of asset objects unloaded after import = 0

========================================================================
Received Import Request.
  Time since last request: 0.000135 seconds.
  path: Packages/com.unity.xr.arfoundation/Runtime/VisualScripting/Units/Events/EventUnits/ARPointCloudsChangedEventUnit.cs
  artifactKey: Guid(fc78ae415eea482291afac6e58370ff1) Importer(2089858483,b0f066a214c2f5e87bad3c948f4d605d)
Start importing Packages/com.unity.xr.arfoundation/Runtime/VisualScripting/Units/Events/EventUnits/ARPointCloudsChangedEventUnit.cs using Guid(fc78ae415eea482291afac6e58370ff1) Importer(2089858483,b0f066a214c2f5e87bad3c948f4d605d) (ScriptedImporter) -> (artifact id: '1b46393eb612b8a0ea2745646cb13b87') in 0.0222396 seconds
Number of updated asset objects reloaded before import = 0Number of asset objects unloaded after import = 0

========================================================================
Received Import Request.
  Time since last request: 0.000195 seconds.
  path: Packages/com.unity.xr.arfoundation/Runtime/ARSubsystems/Textures/ShaderKeywords.cs
  artifactKey: Guid(2f1c15537ddcc41dd962995da6f13e22) Importer(2089858483,b0f066a214c2f5e87bad3c948f4d605d)
Start importing Packages/com.unity.xr.arfoundation/Runtime/ARSubsystems/Textures/ShaderKeywords.cs using Guid(2f1c15537ddcc41dd962995da6f13e22) Importer(2089858483,b0f066a214c2f5e87bad3c948f4d605d) (ScriptedImporter) -> (artifact id: 'de9f4f14023d0f2f3d22f43267cd3e6d') in 0.0282237 seconds
Number of updated asset objects reloaded before import = 0Number of asset objects unloaded after import = 0

========================================================================
Received Import Request.
  Time since last request: 0.000058 seconds.
  path: Packages/com.unity.xr.arfoundation/Tests/Editor/InternalUtils/Unity.XR.ARFoundation.InternalUtils.Editor.Tests.asmdef
  artifactKey: Guid(fa70b942f3ecd43f18bacc33a505fa5c) Importer(2089858483,b0f066a214c2f5e87bad3c948f4d605d)
Start importing Packages/com.unity.xr.arfoundation/Tests/Editor/InternalUtils/Unity.XR.ARFoundation.InternalUtils.Editor.Tests.asmdef using Guid(fa70b942f3ecd43f18bacc33a505fa5c) Importer(2089858483,b0f066a214c2f5e87bad3c948f4d605d) (ScriptedImporter) -> (artifact id: '94e89a38298de0698aa166d8a59d6815') in 0.0252554 seconds
Number of updated asset objects reloaded before import = 0Number of asset objects unloaded after import = 1

========================================================================
Received Import Request.
  Time since last request: 0.000132 seconds.
  path: Packages/com.unity.xr.arfoundation/Runtime/ARSubsystems/PointCloudSubsystem/XRPointCloudData.cs
  artifactKey: Guid(75b9a0299a7028d41ad08dbddce7b1b3) Importer(2089858483,b0f066a214c2f5e87bad3c948f4d605d)
Start importing Packages/com.unity.xr.arfoundation/Runtime/ARSubsystems/PointCloudSubsystem/XRPointCloudData.cs using Guid(75b9a0299a7028d41ad08dbddce7b1b3) Importer(2089858483,b0f066a214c2f5e87bad3c948f4d605d) (ScriptedImporter) -> (artifact id: '2d9374c5f1e4eb2d1cbf20d768037ebd') in 0.0242699 seconds
Number of updated asset objects reloaded before import = 0Number of asset objects unloaded after import = 0

========================================================================
Received Import Request.
  Time since last request: 0.000224 seconds.
  path: Packages/com.unity.xr.arfoundation/Runtime/VisualScripting/Units/Events/MessageListeners/ARParticipantsChangedListener.cs
  artifactKey: Guid(c44439cce923494b88dd91671b60d86a) Importer(2089858483,b0f066a214c2f5e87bad3c948f4d605d)
Start importing Packages/com.unity.xr.arfoundation/Runtime/VisualScripting/Units/Events/MessageListeners/ARParticipantsChangedListener.cs using Guid(c44439cce923494b88dd91671b60d86a) Importer(2089858483,b0f066a214c2f5e87bad3c948f4d605d) (ScriptedImporter) -> (artifact id: '3757b8fa266dae57bdc45ddfe5a0205a') in 0.0365469 seconds
Number of updated asset objects reloaded before import = 0Number of asset objects unloaded after import = 0

========================================================================
Received Import Request.
  Time since last request: 0.000318 seconds.
  path: Packages/com.unity.xr.arfoundation/Runtime/ARSubsystems/EnvironmentProbeSubsystem/XREnvironmentProbeSubsystem.cs
  artifactKey: Guid(2041af03663454520bfb62fde866df69) Importer(2089858483,b0f066a214c2f5e87bad3c948f4d605d)
Start importing Packages/com.unity.xr.arfoundation/Runtime/ARSubsystems/EnvironmentProbeSubsystem/XREnvironmentProbeSubsystem.cs using Guid(2041af03663454520bfb62fde866df69) Importer(2089858483,b0f066a214c2f5e87bad3c948f4d605d) (ScriptedImporter) -> (artifact id: '39dc5040a4f6d19902340587057c9833') in 0.0534439 seconds
Number of updated asset objects reloaded before import = 0Number of asset objects unloaded after import = 0

========================================================================
Received Import Request.
  Time since last request: 0.000583 seconds.
  path: Packages/com.unity.xr.arfoundation/Runtime/Simulation/Subsystems/ImageTracking/SimulationTrackedImageDiscoverer.cs
  artifactKey: Guid(10bea3a8110274ebe8d025b98b75ab05) Importer(2089858483,b0f066a214c2f5e87bad3c948f4d605d)
Start importing Packages/com.unity.xr.arfoundation/Runtime/Simulation/Subsystems/ImageTracking/SimulationTrackedImageDiscoverer.cs using Guid(10bea3a8110274ebe8d025b98b75ab05) Importer(2089858483,b0f066a214c2f5e87bad3c948f4d605d) (ScriptedImporter) -> (artifact id: 'bb1186abe7c82176b4ef9e5c4df6941f') in 0.0472566 seconds
Number of updated asset objects reloaded before import = 0Number of asset objects unloaded after import = 0

========================================================================
Received Import Request.
  Time since last request: 0.002082 seconds.
  path: Packages/com.unity.xr.arfoundation/Runtime/ARSubsystems/TrackingSubsystem/TrackableChanges.cs
  artifactKey: Guid(a1855e29cbf4df04f894d2ac603ae668) Importer(2089858483,b0f066a214c2f5e87bad3c948f4d605d)
Start importing Packages/com.unity.xr.arfoundation/Runtime/ARSubsystems/TrackingSubsystem/TrackableChanges.cs using Guid(a1855e29cbf4df04f894d2ac603ae668) Importer(2089858483,b0f066a214c2f5e87bad3c948f4d605d) (ScriptedImporter) -> (artifact id: '668f160be162da6711d33cc69dcc0bc4') in 0.0337971 seconds
Number of updated asset objects reloaded before import = 0Number of asset objects unloaded after import = 0

========================================================================
Received Import Request.
  Time since last request: 0.002729 seconds.
  path: Packages/com.unity.xr.arfoundation/Runtime/Simulation/SimulationXRayManager.cs
  artifactKey: Guid(c5031024cffa45eebfb5a53e08909ca8) Importer(2089858483,b0f066a214c2f5e87bad3c948f4d605d)
Start importing Packages/com.unity.xr.arfoundation/Runtime/Simulation/SimulationXRayManager.cs using Guid(c5031024cffa45eebfb5a53e08909ca8) Importer(2089858483,b0f066a214c2f5e87bad3c948f4d605d) (ScriptedImporter) -> (artifact id: 'c994339eb01f918e0d7912be2c0b260c') in 0.03366 seconds
Number of updated asset objects reloaded before import = 0Number of asset objects unloaded after import = 0

========================================================================
Received Import Request.
  Time since last request: 0.000348 seconds.
  path: Packages/com.unity.xr.arfoundation/Runtime/ARSubsystems/CameraSubsystem/XRCameraIntrinsics.cs
  artifactKey: Guid(488f52d8d4fcf4d2da77977b736137a5) Importer(2089858483,b0f066a214c2f5e87bad3c948f4d605d)
Start importing Packages/com.unity.xr.arfoundation/Runtime/ARSubsystems/CameraSubsystem/XRCameraIntrinsics.cs using Guid(488f52d8d4fcf4d2da77977b736137a5) Importer(2089858483,b0f066a214c2f5e87bad3c948f4d605d) (ScriptedImporter) -> (artifact id: 'af926d4bb5bcbd7609221a6b1c57bf5d') in 0.0436613 seconds
Number of updated asset objects reloaded before import = 0Number of asset objects unloaded after import = 0

========================================================================
Received Import Request.
  Time since last request: 0.000403 seconds.
  path: Packages/com.unity.modules.androidjni/package.json
  artifactKey: Guid(bd1af0a6633ee94ae21c7d1d702cdc12) Importer(2089858483,b0f066a214c2f5e87bad3c948f4d605d)
Start importing Packages/com.unity.modules.androidjni/package.json using Guid(bd1af0a6633ee94ae21c7d1d702cdc12) Importer(2089858483,b0f066a214c2f5e87bad3c948f4d605d) (ScriptedImporter) -> (artifact id: '4dc636aff7fe588d30d98fdc02712415') in 0.0685199 seconds
Number of updated asset objects reloaded before import = 0Number of asset objects unloaded after import = 1

========================================================================
Received Import Request.
  Time since last request: 0.000123 seconds.
  path: Packages/com.unity.xr.management/Tests/Runtime/DummyLoader.cs
  artifactKey: Guid(53934dfb266064225a96fe928fdcd3b3) Importer(2089858483,b0f066a214c2f5e87bad3c948f4d605d)
Start importing Packages/com.unity.xr.management/Tests/Runtime/DummyLoader.cs using Guid(53934dfb266064225a96fe928fdcd3b3) Importer(2089858483,b0f066a214c2f5e87bad3c948f4d605d) (ScriptedImporter) -> (artifact id: '77149e6763e901466172034f126edd12') in 0.0326672 seconds
Number of updated asset objects reloaded before import = 0Number of asset objects unloaded after import = 0

========================================================================
Received Import Request.
  Time since last request: 0.000162 seconds.
  path: Packages/com.unity.inputsystem/InputSystem/Editor/Analytics/PlayerInputEditorAnalytic.cs
  artifactKey: Guid(56bc028967c346c2bd33842d7b252123) Importer(2089858483,b0f066a214c2f5e87bad3c948f4d605d)
Start importing Packages/com.unity.inputsystem/InputSystem/Editor/Analytics/PlayerInputEditorAnalytic.cs using Guid(56bc028967c346c2bd33842d7b252123) Importer(2089858483,b0f066a214c2f5e87bad3c948f4d605d) (ScriptedImporter) -> (artifact id: 'd0f0fdc409e260b0de228339cf50f697') in 0.0381427 seconds
Number of updated asset objects reloaded before import = 0Number of asset objects unloaded after import = 0

========================================================================
Received Import Request.
  Time since last request: 0.002353 seconds.
  path: Packages/com.unity.xr.arcore/Assets/Shaders/ARCoreBackgroundAfterOpaques.shader
  artifactKey: Guid(0945859e5a1034c2cb6dce53cb4fb899) Importer(2089858483,b0f066a214c2f5e87bad3c948f4d605d)
Start importing Packages/com.unity.xr.arcore/Assets/Shaders/ARCoreBackgroundAfterOpaques.shader using Guid(0945859e5a1034c2cb6dce53cb4fb899) Importer(2089858483,b0f066a214c2f5e87bad3c948f4d605d) (ScriptedImporter) -> (artifact id: '4a74b1525798c27efa4f091625e6a751') in 0.0521694 seconds
Number of updated asset objects reloaded before import = 0Number of asset objects unloaded after import = 1

========================================================================
Received Import Request.
  Time since last request: 0.000171 seconds.
  path: Packages/com.unity.xr.arfoundation/Tests/Editor/ARFoundation/OcclusionShaderTests.cs
  artifactKey: Guid(0aabe9b36c1b34547a0583d27f35d116) Importer(2089858483,b0f066a214c2f5e87bad3c948f4d605d)
Start importing Packages/com.unity.xr.arfoundation/Tests/Editor/ARFoundation/OcclusionShaderTests.cs using Guid(0aabe9b36c1b34547a0583d27f35d116) Importer(2089858483,b0f066a214c2f5e87bad3c948f4d605d) (ScriptedImporter) -> (artifact id: '30348230de1645466bb8bbc3e92e3e1f') in 0.0401817 seconds
Number of updated asset objects reloaded before import = 0Number of asset objects unloaded after import = 0

========================================================================
Received Import Request.
  Time since last request: 0.001601 seconds.
  path: Packages/com.unity.inputsystem/InputSystem/Runtime/Devices/TrackedDevice.cs
  artifactKey: Guid(d4a83784946017a4182f41a54d468481) Importer(2089858483,b0f066a214c2f5e87bad3c948f4d605d)
Start importing Packages/com.unity.inputsystem/InputSystem/Runtime/Devices/TrackedDevice.cs using Guid(d4a83784946017a4182f41a54d468481) Importer(2089858483,b0f066a214c2f5e87bad3c948f4d605d) (ScriptedImporter) -> (artifact id: 'a92c959157e804fa80f197d8cfa9fe20') in 0.0605443 seconds
Number of updated asset objects reloaded before import = 0Number of asset objects unloaded after import = 0

========================================================================
Received Import Request.
  Time since last request: 0.000745 seconds.
  path: Packages/com.unity.xr.arfoundation/Assets/Materials/Origin.mat
  artifactKey: Guid(8d5a881adabf5d44cad2907c58a51b04) Importer(2089858483,b0f066a214c2f5e87bad3c948f4d605d)
Start importing Packages/com.unity.xr.arfoundation/Assets/Materials/Origin.mat using Guid(8d5a881adabf5d44cad2907c58a51b04) Importer(2089858483,b0f066a214c2f5e87bad3c948f4d605d) (ScriptedImporter) -> (artifact id: 'd50977cdc4cc90ec3948ab984e0194f6') in 0.043685 seconds
Number of updated asset objects reloaded before import = 0Number of asset objects unloaded after import = 1

========================================================================
Received Import Request.
  Time since last request: 0.000314 seconds.
  path: Packages/com.unity.xr.arfoundation/Tests/Editor/ARFoundation/Scraper.cs
  artifactKey: Guid(355700176ef794615b33830144be2220) Importer(2089858483,b0f066a214c2f5e87bad3c948f4d605d)
Start importing Packages/com.unity.xr.arfoundation/Tests/Editor/ARFoundation/Scraper.cs using Guid(355700176ef794615b33830144be2220) Importer(2089858483,b0f066a214c2f5e87bad3c948f4d605d) (ScriptedImporter) -> (artifact id: 'cb9195233d10c983cf40524ea293a70e') in 0.0296773 seconds
Number of updated asset objects reloaded before import = 0Number of asset objects unloaded after import = 0

========================================================================
Received Import Request.
  Time since last request: 0.003823 seconds.
  path: Packages/com.unity.mathematics/Tests/Tests/Shared/TestBool2x3.gen.cs
  artifactKey: Guid(a058a163908539c4d9aa34e925e16c84) Importer(2089858483,b0f066a214c2f5e87bad3c948f4d605d)
Start importing Packages/com.unity.mathematics/Tests/Tests/Shared/TestBool2x3.gen.cs using Guid(a058a163908539c4d9aa34e925e16c84) Importer(2089858483,b0f066a214c2f5e87bad3c948f4d605d) (ScriptedImporter) -> (artifact id: 'cf9008f0a3dc207f397ada15cd01069e') in 0.0385459 seconds
Number of updated asset objects reloaded before import = 0Number of asset objects unloaded after import = 0

========================================================================
Received Import Request.
  Time since last request: 0.000062 seconds.
  path: Packages/com.unity.inputsystem/InputSystem/Runtime/Utilities/CallbackArray.cs
  artifactKey: Guid(2349376ef4c6487db94a6e15873ee6a8) Importer(2089858483,b0f066a214c2f5e87bad3c948f4d605d)
Start importing Packages/com.unity.inputsystem/InputSystem/Runtime/Utilities/CallbackArray.cs using Guid(2349376ef4c6487db94a6e15873ee6a8) Importer(2089858483,b0f066a214c2f5e87bad3c948f4d605d) (ScriptedImporter) -> (artifact id: 'd72f53d5b11e4c6ecd411cbebf7c869a') in 0.0362841 seconds
Number of updated asset objects reloaded before import = 0Number of asset objects unloaded after import = 0

========================================================================
Received Import Request.
  Time since last request: 0.000052 seconds.
  path: Packages/com.unity.inputsystem/InputSystem/Editor/Icons/d_Pen.png
  artifactKey: Guid(bb42fb9342e9d4e68b6cf39a2e071d9b) Importer(2089858483,b0f066a214c2f5e87bad3c948f4d605d)
Start importing Packages/com.unity.inputsystem/InputSystem/Editor/Icons/d_Pen.png using Guid(bb42fb9342e9d4e68b6cf39a2e071d9b) Importer(2089858483,b0f066a214c2f5e87bad3c948f4d605d) (ScriptedImporter) -> (artifact id: '5e43c812de4d2962d99c921899403e42') in 0.0562488 seconds
Number of updated asset objects reloaded before import = 0Number of asset objects unloaded after import = 1

========================================================================
Received Import Request.
  Time since last request: 0.000129 seconds.
  path: Packages/com.unity.xr.arfoundation/Runtime/Simulation/Environment/XRayRuntimeUtils.cs
  artifactKey: Guid(e24554baf4f324249a7dcfdd0933a391) Importer(2089858483,b0f066a214c2f5e87bad3c948f4d605d)
Start importing Packages/com.unity.xr.arfoundation/Runtime/Simulation/Environment/XRayRuntimeUtils.cs using Guid(e24554baf4f324249a7dcfdd0933a391) Importer(2089858483,b0f066a214c2f5e87bad3c948f4d605d) (ScriptedImporter) -> (artifact id: '6e7b0098c43101bbe90593f59326e38a') in 0.0325564 seconds
Number of updated asset objects reloaded before import = 0Number of asset objects unloaded after import = 0

========================================================================
Received Import Request.
  Time since last request: 0.000628 seconds.
  path: Packages/com.unity.xr.arcore/Runtime/RcoApi.cs
  artifactKey: Guid(89f1013f38f0041239d2b0677ca5e927) Importer(2089858483,b0f066a214c2f5e87bad3c948f4d605d)
Start importing Packages/com.unity.xr.arcore/Runtime/RcoApi.cs using Guid(89f1013f38f0041239d2b0677ca5e927) Importer(2089858483,b0f066a214c2f5e87bad3c948f4d605d) (ScriptedImporter) -> (artifact id: '15e97f66f819d1b195cb66283a165209') in 0.0396509 seconds
Number of updated asset objects reloaded before import = 0Number of asset objects unloaded after import = 0

========================================================================
Received Import Request.
  Time since last request: 0.001702 seconds.
  path: Packages/com.unity.xr.arfoundation/Runtime/VisualScripting/Units/Events/MessageListeners/Deprecated/ARPlaneManagerListener.deprecated.cs
  artifactKey: Guid(018ca3e7818d740e6825dce7d1402171) Importer(2089858483,b0f066a214c2f5e87bad3c948f4d605d)
Start importing Packages/com.unity.xr.arfoundation/Runtime/VisualScripting/Units/Events/MessageListeners/Deprecated/ARPlaneManagerListener.deprecated.cs using Guid(018ca3e7818d740e6825dce7d1402171) Importer(2089858483,b0f066a214c2f5e87bad3c948f4d605d) (ScriptedImporter) -> (artifact id: 'a1bc091bf7b42cf8e62e1ec7ad6680cc') in 0.1965046 seconds
Number of updated asset objects reloaded before import = 0Number of asset objects unloaded after import = 0

========================================================================
Received Import Request.
  Time since last request: 0.036913 seconds.
  path: Packages/com.unity.xr.arfoundation/Editor/Simulation/Environment/SimulationEnvironmentEditor.cs
  artifactKey: Guid(75046bae3520e4b6a92661dded0ac0fc) Importer(2089858483,b0f066a214c2f5e87bad3c948f4d605d)
Start importing Packages/com.unity.xr.arfoundation/Editor/Simulation/Environment/SimulationEnvironmentEditor.cs using Guid(75046bae3520e4b6a92661dded0ac0fc) Importer(2089858483,b0f066a214c2f5e87bad3c948f4d605d) (ScriptedImporter) -> (artifact id: '795d59efa15c9785c7602533a5a7df70') in 0.0746651 seconds
Number of updated asset objects reloaded before import = 0Number of asset objects unloaded after import = 0

========================================================================
Received Import Request.
  Time since last request: 0.013412 seconds.
  path: Packages/com.unity.inputsystem/InputSystem/Runtime/Controls/Vector3Control.cs
  artifactKey: Guid(914fdb42cb964faf92803ee51a7279fd) Importer(2089858483,b0f066a214c2f5e87bad3c948f4d605d)
Start importing Packages/com.unity.inputsystem/InputSystem/Runtime/Controls/Vector3Control.cs using Guid(914fdb42cb964faf92803ee51a7279fd) Importer(2089858483,b0f066a214c2f5e87bad3c948f4d605d) (ScriptedImporter) -> (artifact id: '440af0c080081b8026420e90e85592f7') in 0.0714379 seconds
Number of updated asset objects reloaded before import = 0Number of asset objects unloaded after import = 0

========================================================================
Received Import Request.
  Time since last request: 0.000492 seconds.
  path: Packages/com.unity.xr.arcore/Runtime/NativeTypes/ArCloudAnchorState.cs
  artifactKey: Guid(c44a4b4f7dbfb41cd9f000ef635e532c) Importer(2089858483,b0f066a214c2f5e87bad3c948f4d605d)
Start importing Packages/com.unity.xr.arcore/Runtime/NativeTypes/ArCloudAnchorState.cs using Guid(c44a4b4f7dbfb41cd9f000ef635e532c) Importer(2089858483,b0f066a214c2f5e87bad3c948f4d605d) (ScriptedImporter) -> (artifact id: '664e628340907584adec7f51d6edee99') in 0.0322943 seconds
Number of updated asset objects reloaded before import = 0Number of asset objects unloaded after import = 0

========================================================================
Received Import Request.
  Time since last request: 0.007104 seconds.
  path: Packages/com.unity.xr.arcore/Editor/ARCoreRuntimeSettingsEditor.cs
  artifactKey: Guid(47ddab6825767462c824271ba758d50d) Importer(2089858483,b0f066a214c2f5e87bad3c948f4d605d)
Start importing Packages/com.unity.xr.arcore/Editor/ARCoreRuntimeSettingsEditor.cs using Guid(47ddab6825767462c824271ba758d50d) Importer(2089858483,b0f066a214c2f5e87bad3c948f4d605d) (ScriptedImporter) -> (artifact id: 'e93a68b5ebd79a9efc95b0d624c9faed') in 0.0285968 seconds
Number of updated asset objects reloaded before import = 0Number of asset objects unloaded after import = 0

========================================================================
Received Import Request.
  Time since last request: 0.001440 seconds.
  path: Packages/com.unity.inputsystem/InputSystem/Editor/DeviceSimulator/InputSystemPlugin.cs
  artifactKey: Guid(8348fa935e294410f8a7b065d82285d2) Importer(2089858483,b0f066a214c2f5e87bad3c948f4d605d)
Start importing Packages/com.unity.inputsystem/InputSystem/Editor/DeviceSimulator/InputSystemPlugin.cs using Guid(8348fa935e294410f8a7b065d82285d2) Importer(2089858483,b0f066a214c2f5e87bad3c948f4d605d) (ScriptedImporter) -> (artifact id: '47a74ba3ad2ad46d20109f76725e6310') in 0.0490949 seconds
Number of updated asset objects reloaded before import = 0Number of asset objects unloaded after import = 0

========================================================================
Received Import Request.
  Time since last request: 0.000273 seconds.
  path: Packages/com.unity.xr.core-utils/Tests/Runtime/Scripts/TestData.cs
  artifactKey: Guid(fef4fc329798c42f6b9acaee0f26768d) Importer(2089858483,b0f066a214c2f5e87bad3c948f4d605d)
Start importing Packages/com.unity.xr.core-utils/Tests/Runtime/Scripts/TestData.cs using Guid(fef4fc329798c42f6b9acaee0f26768d) Importer(2089858483,b0f066a214c2f5e87bad3c948f4d605d) (ScriptedImporter) -> (artifact id: '4ad8af225562a21f6c3507ecbfe5c0e5') in 0.0374248 seconds
Number of updated asset objects reloaded before import = 0Number of asset objects unloaded after import = 0

========================================================================
Received Import Request.
  Time since last request: 0.000593 seconds.
  path: Packages/com.unity.xr.arfoundation/Runtime/ARSubsystems/PointCloudSubsystem/XRPointCloud.cs
  artifactKey: Guid(bb30f7bb31484b6f9c6b764115ff99f1) Importer(2089858483,b0f066a214c2f5e87bad3c948f4d605d)
Start importing Packages/com.unity.xr.arfoundation/Runtime/ARSubsystems/PointCloudSubsystem/XRPointCloud.cs using Guid(bb30f7bb31484b6f9c6b764115ff99f1) Importer(2089858483,b0f066a214c2f5e87bad3c948f4d605d) (ScriptedImporter) -> (artifact id: 'd4aeef2c6f55cd3e5909433a5a5a6601') in 0.0324543 seconds
Number of updated asset objects reloaded before import = 0Number of asset objects unloaded after import = 0

========================================================================
Received Import Request.
  Time since last request: 0.002058 seconds.
  path: Packages/com.unity.xr.arfoundation/Runtime/VisualScripting/Units/Events/MessageListeners/Deprecated/ARTrackedObjectManagerListener.deprecated.cs
  artifactKey: Guid(3d4f4437663ce4bfc8417a937772b7f2) Importer(2089858483,b0f066a214c2f5e87bad3c948f4d605d)
Start importing Packages/com.unity.xr.arfoundation/Runtime/VisualScripting/Units/Events/MessageListeners/Deprecated/ARTrackedObjectManagerListener.deprecated.cs using Guid(3d4f4437663ce4bfc8417a937772b7f2) Importer(2089858483,b0f066a214c2f5e87bad3c948f4d605d) (ScriptedImporter) -> (artifact id: 'fe62b4e53ca21640979c00626dd6a209') in 0.0455727 seconds
Number of updated asset objects reloaded before import = 0Number of asset objects unloaded after import = 0

========================================================================
Received Import Request.
  Time since last request: 0.000685 seconds.
  path: Packages/com.unity.xr.management/Editor/EditorUtilities.cs
  artifactKey: Guid(6895f8ad07949c64f847ed31c87af951) Importer(2089858483,b0f066a214c2f5e87bad3c948f4d605d)
Start importing Packages/com.unity.xr.management/Editor/EditorUtilities.cs using Guid(6895f8ad07949c64f847ed31c87af951) Importer(2089858483,b0f066a214c2f5e87bad3c948f4d605d) (ScriptedImporter) -> (artifact id: 'baf18181a42e413284942646400cda90') in 0.0550368 seconds
Number of updated asset objects reloaded before import = 0Number of asset objects unloaded after import = 0

========================================================================
Received Import Request.
  Time since last request: 0.007313 seconds.
  path: Packages/com.unity.xr.arfoundation/Editor/Simulation/ProjectValidation/SimulationValidationRules.cs
  artifactKey: Guid(790b8f63850834d56afcba83a89c105a) Importer(2089858483,b0f066a214c2f5e87bad3c948f4d605d)
Start importing Packages/com.unity.xr.arfoundation/Editor/Simulation/ProjectValidation/SimulationValidationRules.cs using Guid(790b8f63850834d56afcba83a89c105a) Importer(2089858483,b0f066a214c2f5e87bad3c948f4d605d) (ScriptedImporter) -> (artifact id: '2dedc84444dc65edebe1b26bb7b2fc8a') in 0.0314522 seconds
Number of updated asset objects reloaded before import = 0Number of asset objects unloaded after import = 0

========================================================================
Received Import Request.
  Time since last request: 0.008664 seconds.
  path: Packages/com.unity.xr.arfoundation/Runtime/ARSubsystems/OcclusionSubsystem/OcclusionPreferenceMode.cs
  artifactKey: Guid(630f72928a729496fb48d492a86d3dc8) Importer(2089858483,b0f066a214c2f5e87bad3c948f4d605d)
Start importing Packages/com.unity.xr.arfoundation/Runtime/ARSubsystems/OcclusionSubsystem/OcclusionPreferenceMode.cs using Guid(630f72928a729496fb48d492a86d3dc8) Importer(2089858483,b0f066a214c2f5e87bad3c948f4d605d) (ScriptedImporter) -> (artifact id: 'ebea3e614af76ac8adee2be7874a0aca') in 0.0344015 seconds
Number of updated asset objects reloaded before import = 0Number of asset objects unloaded after import = 0

========================================================================
Received Import Request.
  Time since last request: 0.000055 seconds.
  path: Packages/com.unity.xr.arfoundation/Runtime/ARSubsystems/SessionSubsystem/XRSessionUpdateParams.cs
  artifactKey: Guid(34a1d52bbd56a0445af0ae7c74ce3ebb) Importer(2089858483,b0f066a214c2f5e87bad3c948f4d605d)
Start importing Packages/com.unity.xr.arfoundation/Runtime/ARSubsystems/SessionSubsystem/XRSessionUpdateParams.cs using Guid(34a1d52bbd56a0445af0ae7c74ce3ebb) Importer(2089858483,b0f066a214c2f5e87bad3c948f4d605d) (ScriptedImporter) -> (artifact id: 'fce0298ba017684014f5a413fe4b5631') in 0.0281002 seconds
Number of updated asset objects reloaded before import = 0Number of asset objects unloaded after import = 0

========================================================================
Received Import Request.
  Time since last request: 0.000395 seconds.
  path: Packages/com.unity.xr.arfoundation/Editor/VisualScripting/GetTrackedObjectsUnitDescriptor.cs
  artifactKey: Guid(ca647a4b079694d9e9475d9f1e1f035b) Importer(2089858483,b0f066a214c2f5e87bad3c948f4d605d)
Start importing Packages/com.unity.xr.arfoundation/Editor/VisualScripting/GetTrackedObjectsUnitDescriptor.cs using Guid(ca647a4b079694d9e9475d9f1e1f035b) Importer(2089858483,b0f066a214c2f5e87bad3c948f4d605d) (ScriptedImporter) -> (artifact id: 'ed53cf86a6ef4dcb667e1494a937d02b') in 0.0247303 seconds
Number of updated asset objects reloaded before import = 0Number of asset objects unloaded after import = 0

========================================================================
Received Import Request.
  Time since last request: 0.000164 seconds.
  path: Packages/com.unity.xr.arfoundation/Runtime/Simulation/Subsystems/Raycast/SimulationRaycasterRegistry.cs
  artifactKey: Guid(c1303a13ebcaa41ef8ddd513daf67bd3) Importer(2089858483,b0f066a214c2f5e87bad3c948f4d605d)
Start importing Packages/com.unity.xr.arfoundation/Runtime/Simulation/Subsystems/Raycast/SimulationRaycasterRegistry.cs using Guid(c1303a13ebcaa41ef8ddd513daf67bd3) Importer(2089858483,b0f066a214c2f5e87bad3c948f4d605d) (ScriptedImporter) -> (artifact id: 'af1e29867f06a0ad57a23436e8b957e1') in 0.0313714 seconds
Number of updated asset objects reloaded before import = 0Number of asset objects unloaded after import = 0

========================================================================
Received Import Request.
  Time since last request: 0.000764 seconds.
  path: Packages/com.unity.xr.arfoundation/Runtime/ARSubsystems/CameraSubsystem/XRCameraConfiguration.cs
  artifactKey: Guid(cfa641b69c04746c0935966949559fa6) Importer(2089858483,b0f066a214c2f5e87bad3c948f4d605d)
Start importing Packages/com.unity.xr.arfoundation/Runtime/ARSubsystems/CameraSubsystem/XRCameraConfiguration.cs using Guid(cfa641b69c04746c0935966949559fa6) Importer(2089858483,b0f066a214c2f5e87bad3c948f4d605d) (ScriptedImporter) -> (artifact id: '48232b8ab41ece9a1bf62099d3b71862') in 0.0313731 seconds
Number of updated asset objects reloaded before import = 0Number of asset objects unloaded after import = 0

========================================================================
Received Import Request.
  Time since last request: 0.000220 seconds.
  path: Packages/com.unity.xr.arfoundation/Runtime/ARSubsystems/PlaneTracking/PlaneDetectionMode.cs
  artifactKey: Guid(5f4dfae7ac993dc4da50093fc8cc1569) Importer(2089858483,b0f066a214c2f5e87bad3c948f4d605d)
Start importing Packages/com.unity.xr.arfoundation/Runtime/ARSubsystems/PlaneTracking/PlaneDetectionMode.cs using Guid(5f4dfae7ac993dc4da50093fc8cc1569) Importer(2089858483,b0f066a214c2f5e87bad3c948f4d605d) (ScriptedImporter) -> (artifact id: '4537cb2248de7114adc0b0f60d941e35') in 0.0356643 seconds
Number of updated asset objects reloaded before import = 0Number of asset objects unloaded after import = 0

========================================================================
Received Import Request.
  Time since last request: 0.001678 seconds.
  path: Packages/com.unity.xr.arfoundation/Runtime/ARSubsystems/AnchorSubsystem/XRSaveAnchorResult.cs
  artifactKey: Guid(027fd59160074fcea49d04438d661ac4) Importer(2089858483,b0f066a214c2f5e87bad3c948f4d605d)
Start importing Packages/com.unity.xr.arfoundation/Runtime/ARSubsystems/AnchorSubsystem/XRSaveAnchorResult.cs using Guid(027fd59160074fcea49d04438d661ac4) Importer(2089858483,b0f066a214c2f5e87bad3c948f4d605d) (ScriptedImporter) -> (artifact id: 'd0ce8fc56feef530cb2525643d2cc512') in 0.0434419 seconds
Number of updated asset objects reloaded before import = 0Number of asset objects unloaded after import = 0

========================================================================
Received Import Request.
  Time since last request: 0.001002 seconds.
  path: Packages/com.unity.xr.arfoundation/Runtime/VisualScripting/Units/Events/EventUnits/ARParticipantsChangedEventUnit.cs
  artifactKey: Guid(59e67c33e83748d3a89645ee54222cbb) Importer(2089858483,b0f066a214c2f5e87bad3c948f4d605d)
Start importing Packages/com.unity.xr.arfoundation/Runtime/VisualScripting/Units/Events/EventUnits/ARParticipantsChangedEventUnit.cs using Guid(59e67c33e83748d3a89645ee54222cbb) Importer(2089858483,b0f066a214c2f5e87bad3c948f4d605d) (ScriptedImporter) -> (artifact id: '30a7fbe1b5c0bb83908ed22686162897') in 0.0359374 seconds
Number of updated asset objects reloaded before import = 0Number of asset objects unloaded after import = 0

========================================================================
Received Import Request.
  Time since last request: 0.001942 seconds.
  path: Packages/com.unity.xr.arfoundation/Runtime/ARFoundation/ARFaceMeshVisualizer.cs
  artifactKey: Guid(f4aab259b5c35443f9b1d0c15e2ad434) Importer(2089858483,b0f066a214c2f5e87bad3c948f4d605d)
Start importing Packages/com.unity.xr.arfoundation/Runtime/ARFoundation/ARFaceMeshVisualizer.cs using Guid(f4aab259b5c35443f9b1d0c15e2ad434) Importer(2089858483,b0f066a214c2f5e87bad3c948f4d605d) (ScriptedImporter) -> (artifact id: 'b33efdb0efed02d8cd9eb418c9af8237') in 0.0382168 seconds
Number of updated asset objects reloaded before import = 0Number of asset objects unloaded after import = 1

========================================================================
Received Import Request.
  Time since last request: 0.000046 seconds.
  path: Packages/com.unity.xr.arfoundation/Runtime/ARFoundation/Deprecated/ARFacesChangedEventArgs.deprecated.cs
  artifactKey: Guid(29c056801fce044ecba3874102e05b83) Importer(2089858483,b0f066a214c2f5e87bad3c948f4d605d)
Start importing Packages/com.unity.xr.arfoundation/Runtime/ARFoundation/Deprecated/ARFacesChangedEventArgs.deprecated.cs using Guid(29c056801fce044ecba3874102e05b83) Importer(2089858483,b0f066a214c2f5e87bad3c948f4d605d) (ScriptedImporter) -> (artifact id: 'dab3f26ee1acc5c8a27c37b2ccae0514') in 0.0331031 seconds
Number of updated asset objects reloaded before import = 0Number of asset objects unloaded after import = 1

========================================================================
Received Import Request.
  Time since last request: 0.000061 seconds.
  path: Packages/com.unity.xr.arfoundation/Editor/Icons/AddEdit@2x.png
  artifactKey: Guid(6971cda678a8e3d44a76793c12ba317d) Importer(2089858483,b0f066a214c2f5e87bad3c948f4d605d)
Start importing Packages/com.unity.xr.arfoundation/Editor/Icons/AddEdit@2x.png using Guid(6971cda678a8e3d44a76793c12ba317d) Importer(2089858483,b0f066a214c2f5e87bad3c948f4d605d) (ScriptedImporter) -> (artifact id: '871be7b22266d2b49efd61b3b934e0ba') in 0.0424371 seconds
Number of updated asset objects reloaded before import = 0Number of asset objects unloaded after import = 1

========================================================================
Received Import Request.
  Time since last request: 0.000169 seconds.
  path: Packages/com.unity.xr.arfoundation/Runtime/InternalUtils/SerializableGuidUtility.cs
  artifactKey: Guid(4492c1407a4a4a8e900643cf40c885c8) Importer(2089858483,b0f066a214c2f5e87bad3c948f4d605d)
Start importing Packages/com.unity.xr.arfoundation/Runtime/InternalUtils/SerializableGuidUtility.cs using Guid(4492c1407a4a4a8e900643cf40c885c8) Importer(2089858483,b0f066a214c2f5e87bad3c948f4d605d) (ScriptedImporter) -> (artifact id: '7859d451bc14f9d9bce8b67775917a10') in 0.0352758 seconds
Number of updated asset objects reloaded before import = 0Number of asset objects unloaded after import = 0

========================================================================
Received Import Request.
  Time since last request: 0.002238 seconds.
  path: Packages/com.unity.xr.arfoundation/Assets/InputActions/DefaultXRSimulationInputActions.asset
  artifactKey: Guid(afd19d26f424b46e78c9434d8f4ff7b2) Importer(2089858483,b0f066a214c2f5e87bad3c948f4d605d)
Start importing Packages/com.unity.xr.arfoundation/Assets/InputActions/DefaultXRSimulationInputActions.asset using Guid(afd19d26f424b46e78c9434d8f4ff7b2) Importer(2089858483,b0f066a214c2f5e87bad3c948f4d605d) (ScriptedImporter) -> (artifact id: '89620db5eb109e6c83f1729bff203f79') in 1.2604925 seconds
Number of updated asset objects reloaded before import = 0Number of asset objects unloaded after import = 7

========================================================================
Received Import Request.
  Time since last request: 0.000079 seconds.
  path: Packages/com.unity.xr.arfoundation/Editor/Simulation/Analytics/Hooks/EnvironmentChangeHook.cs
  artifactKey: Guid(a1c51b4123c7949d3b8ba460a8e6ffe2) Importer(2089858483,b0f066a214c2f5e87bad3c948f4d605d)
Start importing Packages/com.unity.xr.arfoundation/Editor/Simulation/Analytics/Hooks/EnvironmentChangeHook.cs using Guid(a1c51b4123c7949d3b8ba460a8e6ffe2) Importer(2089858483,b0f066a214c2f5e87bad3c948f4d605d) (ScriptedImporter) -> (artifact id: '445d695857ddc107dad79fe3e1e69002') in 0.0424862 seconds
Number of updated asset objects reloaded before import = 0Number of asset objects unloaded after import = 0

========================================================================
Received Import Request.
  Time since last request: 0.000557 seconds.
  path: Packages/com.unity.inputsystem/InputSystem/Editor/Icons/d_ChevronUp@4x.png
  artifactKey: Guid(e46ad23216d074f828f3437b21912c64) Importer(2089858483,b0f066a214c2f5e87bad3c948f4d605d)
Start importing Packages/com.unity.inputsystem/InputSystem/Editor/Icons/d_ChevronUp@4x.png using Guid(e46ad23216d074f828f3437b21912c64) Importer(2089858483,b0f066a214c2f5e87bad3c948f4d605d) (ScriptedImporter) -> (artifact id: 'd2cbe9bbacc22809094d54823eb4388a') in 0.0560856 seconds
Number of updated asset objects reloaded before import = 0Number of asset objects unloaded after import = 1

========================================================================
Received Import Request.
  Time since last request: 0.000057 seconds.
  path: Packages/com.unity.inputsystem/InputSystem/Editor/Analytics/InputComponentEditorAnalytic.cs
  artifactKey: Guid(4b36e69515ff4a45be02062b5584e1a8) Importer(2089858483,b0f066a214c2f5e87bad3c948f4d605d)
Start importing Packages/com.unity.inputsystem/InputSystem/Editor/Analytics/InputComponentEditorAnalytic.cs using Guid(4b36e69515ff4a45be02062b5584e1a8) Importer(2089858483,b0f066a214c2f5e87bad3c948f4d605d) (ScriptedImporter) -> (artifact id: 'c46153ed78701b7d636c7d63715d9aba') in 0.0473806 seconds
Number of updated asset objects reloaded before import = 0Number of asset objects unloaded after import = 0

========================================================================
Received Import Request.
  Time since last request: 0.000796 seconds.
  path: Packages/com.unity.xr.arfoundation/Tests/Runtime/ARFoundation/RaycastSubsystem/XRRaycastSubsystemTests.cs
  artifactKey: Guid(5c402c070bc63421db0aba1101abdb64) Importer(2089858483,b0f066a214c2f5e87bad3c948f4d605d)
Start importing Packages/com.unity.xr.arfoundation/Tests/Runtime/ARFoundation/RaycastSubsystem/XRRaycastSubsystemTests.cs using Guid(5c402c070bc63421db0aba1101abdb64) Importer(2089858483,b0f066a214c2f5e87bad3c948f4d605d) (ScriptedImporter) -> (artifact id: '164d220959c98a9643d1ac3314bc2395') in 0.0586863 seconds
Number of updated asset objects reloaded before import = 0Number of asset objects unloaded after import = 0

========================================================================
Received Import Request.
  Time since last request: 0.000422 seconds.
  path: Packages/com.unity.xr.arfoundation/Runtime/ARSubsystems/FaceSubsystem/XRFaceSubsystemDescriptor.cs
  artifactKey: Guid(05158dd2c9f3948bda09faa92280612a) Importer(2089858483,b0f066a214c2f5e87bad3c948f4d605d)
Start importing Packages/com.unity.xr.arfoundation/Runtime/ARSubsystems/FaceSubsystem/XRFaceSubsystemDescriptor.cs using Guid(05158dd2c9f3948bda09faa92280612a) Importer(2089858483,b0f066a214c2f5e87bad3c948f4d605d) (ScriptedImporter) -> (artifact id: 'ecedbf5ef12d459323b552bca156725e') in 0.0480136 seconds
Number of updated asset objects reloaded before import = 0Number of asset objects unloaded after import = 0

========================================================================
Received Import Request.
  Time since last request: 0.001172 seconds.
  path: Packages/com.unity.xr.arfoundation/Runtime/ARSubsystems/PointCloudSubsystem/XRPointCloudSubsystem.cs
  artifactKey: Guid(4183f4756694b465583b42c565571c73) Importer(2089858483,b0f066a214c2f5e87bad3c948f4d605d)
Start importing Packages/com.unity.xr.arfoundation/Runtime/ARSubsystems/PointCloudSubsystem/XRPointCloudSubsystem.cs using Guid(4183f4756694b465583b42c565571c73) Importer(2089858483,b0f066a214c2f5e87bad3c948f4d605d) (ScriptedImporter) -> (artifact id: '89542da8299a66d09c9b76a3878cbc03') in 0.0340948 seconds
Number of updated asset objects reloaded before import = 0Number of asset objects unloaded after import = 0

========================================================================
Received Import Request.
  Time since last request: 0.000699 seconds.
  path: Packages/com.unity.xr.arfoundation/Runtime/ARFoundation/ARAnchor.cs
  artifactKey: Guid(eb898793194e03f4bb10dba03ec2cb70) Importer(2089858483,b0f066a214c2f5e87bad3c948f4d605d)
Start importing Packages/com.unity.xr.arfoundation/Runtime/ARFoundation/ARAnchor.cs using Guid(eb898793194e03f4bb10dba03ec2cb70) Importer(2089858483,b0f066a214c2f5e87bad3c948f4d605d) (ScriptedImporter) -> (artifact id: 'b8f1183338aadb9330c7db7f9428d0e9') in 0.0391917 seconds
Number of updated asset objects reloaded before import = 0Number of asset objects unloaded after import = 1

========================================================================
Received Import Request.
  Time since last request: 0.000067 seconds.
  path: Packages/com.unity.xr.arfoundation/Editor/Simulation/XRSimulationSettingsEditor.cs
  artifactKey: Guid(40d776247fd8419798f74b92567bf64f) Importer(2089858483,b0f066a214c2f5e87bad3c948f4d605d)
Start importing Packages/com.unity.xr.arfoundation/Editor/Simulation/XRSimulationSettingsEditor.cs using Guid(40d776247fd8419798f74b92567bf64f) Importer(2089858483,b0f066a214c2f5e87bad3c948f4d605d) (ScriptedImporter) -> (artifact id: '198cc53bed5553ec05d359ce606046ae') in 0.0378398 seconds
Number of updated asset objects reloaded before import = 0Number of asset objects unloaded after import = 0

========================================================================
Received Import Request.
  Time since last request: 0.001155 seconds.
  path: Packages/com.unity.xr.arfoundation/Editor/Icons/d_ArrowCaretRight.png
  artifactKey: Guid(74a4a74438cd46a4f816b9f34fe1e709) Importer(2089858483,b0f066a214c2f5e87bad3c948f4d605d)
Start importing Packages/com.unity.xr.arfoundation/Editor/Icons/d_ArrowCaretRight.png using Guid(74a4a74438cd46a4f816b9f34fe1e709) Importer(2089858483,b0f066a214c2f5e87bad3c948f4d605d) (ScriptedImporter) -> (artifact id: 'b6a6fd69a2d3ab49968d210f625f07c0') in 0.0553594 seconds
Number of updated asset objects reloaded before import = 0Number of asset objects unloaded after import = 1

========================================================================
Received Import Request.
  Time since last request: 0.000052 seconds.
  path: Packages/com.unity.mathematics/Tests/Tests/Shared/TestFloat4x4.gen.cs
  artifactKey: Guid(b3a17e2bf2fb0984b96ba8a21a08b8b0) Importer(2089858483,b0f066a214c2f5e87bad3c948f4d605d)
Start importing Packages/com.unity.mathematics/Tests/Tests/Shared/TestFloat4x4.gen.cs using Guid(b3a17e2bf2fb0984b96ba8a21a08b8b0) Importer(2089858483,b0f066a214c2f5e87bad3c948f4d605d) (ScriptedImporter) -> (artifact id: '15288b15a8eeb92b06084b86b4099395') in 0.0265369 seconds
Number of updated asset objects reloaded before import = 0Number of asset objects unloaded after import = 0

========================================================================
Received Import Request.
  Time since last request: 0.000183 seconds.
  path: Packages/com.unity.xr.arfoundation/Runtime/ARFoundation/TrackableSpawner/TrackableEntry.cs
  artifactKey: Guid(e0abd8af75a34ed4afa633d4a949c6ac) Importer(2089858483,b0f066a214c2f5e87bad3c948f4d605d)
Start importing Packages/com.unity.xr.arfoundation/Runtime/ARFoundation/TrackableSpawner/TrackableEntry.cs using Guid(e0abd8af75a34ed4afa633d4a949c6ac) Importer(2089858483,b0f066a214c2f5e87bad3c948f4d605d) (ScriptedImporter) -> (artifact id: 'f7bb76e021f93330a19cce90ceab50bc') in 0.0255552 seconds
Number of updated asset objects reloaded before import = 0Number of asset objects unloaded after import = 0

========================================================================
Received Import Request.
  Time since last request: 0.000625 seconds.
  path: Packages/com.unity.mathematics/Tests/Tests/Shared/TestFloat4x2.gen.cs
  artifactKey: Guid(24d6c72f4a165e342afb784bad62cab5) Importer(2089858483,b0f066a214c2f5e87bad3c948f4d605d)
Start importing Packages/com.unity.mathematics/Tests/Tests/Shared/TestFloat4x2.gen.cs using Guid(24d6c72f4a165e342afb784bad62cab5) Importer(2089858483,b0f066a214c2f5e87bad3c948f4d605d) (ScriptedImporter) -> (artifact id: 'b7568ba80287f939b65c74f3c99d27b5') in 0.0341471 seconds
Number of updated asset objects reloaded before import = 0Number of asset objects unloaded after import = 0

========================================================================
Received Import Request.
  Time since last request: 0.001965 seconds.
  path: Packages/com.unity.xr.arfoundation/Runtime/ARFoundation/TrackableSpawner/TrackableKey.cs
  artifactKey: Guid(0260c3e5f1b54e409183977de250bacd) Importer(2089858483,b0f066a214c2f5e87bad3c948f4d605d)
Start importing Packages/com.unity.xr.arfoundation/Runtime/ARFoundation/TrackableSpawner/TrackableKey.cs using Guid(0260c3e5f1b54e409183977de250bacd) Importer(2089858483,b0f066a214c2f5e87bad3c948f4d605d) (ScriptedImporter) -> (artifact id: 'ad7c83f49848e5dba81f5ffb3b444cd2') in 0.0326382 seconds
Number of updated asset objects reloaded before import = 0Number of asset objects unloaded after import = 0

========================================================================
Received Import Request.
  Time since last request: 0.000237 seconds.
  path: Packages/com.unity.xr.arfoundation/Runtime/Simulation/Environment/XREnvironmentViewCamera.cs
  artifactKey: Guid(1b3c6b4e84ee4949846c28f13e34cb66) Importer(2089858483,b0f066a214c2f5e87bad3c948f4d605d)
Start importing Packages/com.unity.xr.arfoundation/Runtime/Simulation/Environment/XREnvironmentViewCamera.cs using Guid(1b3c6b4e84ee4949846c28f13e34cb66) Importer(2089858483,b0f066a214c2f5e87bad3c948f4d605d) (ScriptedImporter) -> (artifact id: 'c7138a315022813bd8232abf090b9851') in 0.0287699 seconds
Number of updated asset objects reloaded before import = 0Number of asset objects unloaded after import = 0

========================================================================
Received Import Request.
  Time since last request: 0.000297 seconds.
  path: Packages/com.unity.inputsystem/InputSystem/Editor/ControlPicker/IInputControlPickerLayout.cs
  artifactKey: Guid(4f4390a0cc25d424d9adc1d6d6699a1f) Importer(2089858483,b0f066a214c2f5e87bad3c948f4d605d)
Start importing Packages/com.unity.inputsystem/InputSystem/Editor/ControlPicker/IInputControlPickerLayout.cs using Guid(4f4390a0cc25d424d9adc1d6d6699a1f) Importer(2089858483,b0f066a214c2f5e87bad3c948f4d605d) (ScriptedImporter) -> (artifact id: '742a5c97401b80c792a55846dc6c0daf') in 0.0334988 seconds
Number of updated asset objects reloaded before import = 0Number of asset objects unloaded after import = 0

========================================================================
Received Import Request.
  Time since last request: 0.000168 seconds.
  path: Packages/com.unity.xr.arfoundation/Runtime/VisualScripting/Units/Events/MessageListeners/Deprecated/TrackableManagerListener.deprecated.cs
  artifactKey: Guid(bf84f93bece6046529e7fc72790a441b) Importer(2089858483,b0f066a214c2f5e87bad3c948f4d605d)
Start importing Packages/com.unity.xr.arfoundation/Runtime/VisualScripting/Units/Events/MessageListeners/Deprecated/TrackableManagerListener.deprecated.cs using Guid(bf84f93bece6046529e7fc72790a441b) Importer(2089858483,b0f066a214c2f5e87bad3c948f4d605d) (ScriptedImporter) -> (artifact id: '1da31efad9b7df20099302c51f50735a') in 0.0344537 seconds
Number of updated asset objects reloaded before import = 0Number of asset objects unloaded after import = 0

========================================================================
Received Import Request.
  Time since last request: 0.000063 seconds.
  path: Packages/com.unity.xr.arfoundation/Editor/Simulation/Rendering/LitGUI.cs
  artifactKey: Guid(2e41dde7cb62a4049b7d4fd79f07ed33) Importer(2089858483,b0f066a214c2f5e87bad3c948f4d605d)
Start importing Packages/com.unity.xr.arfoundation/Editor/Simulation/Rendering/LitGUI.cs using Guid(2e41dde7cb62a4049b7d4fd79f07ed33) Importer(2089858483,b0f066a214c2f5e87bad3c948f4d605d) (ScriptedImporter) -> (artifact id: '4ad49708ed8c3b56a50d4e2356bb101b') in 0.033568 seconds
Number of updated asset objects reloaded before import = 0Number of asset objects unloaded after import = 0

========================================================================
Received Import Request.
  Time since last request: 0.000336 seconds.
  path: Packages/com.unity.xr.arfoundation/Runtime/VisualScripting/Units/Events/EventUnits/Deprecated/TrackedObjectsChangedEventUnit.deprecated.cs
  artifactKey: Guid(c8be16600139a4d708b9d73027bdb23c) Importer(2089858483,b0f066a214c2f5e87bad3c948f4d605d)
Start importing Packages/com.unity.xr.arfoundation/Runtime/VisualScripting/Units/Events/EventUnits/Deprecated/TrackedObjectsChangedEventUnit.deprecated.cs using Guid(c8be16600139a4d708b9d73027bdb23c) Importer(2089858483,b0f066a214c2f5e87bad3c948f4d605d) (ScriptedImporter) -> (artifact id: '467467abbfc3dabbe60d1999270cfa08') in 0.0326651 seconds
Number of updated asset objects reloaded before import = 0Number of asset objects unloaded after import = 0

========================================================================
Received Import Request.
  Time since last request: 0.000278 seconds.
  path: Packages/com.unity.xr.arfoundation/Runtime/ARFoundation/Occlusion/AROcclusionShaderMode.cs
  artifactKey: Guid(cfb2d2940cd94f0197e34d7e20c58215) Importer(2089858483,b0f066a214c2f5e87bad3c948f4d605d)
Start importing Packages/com.unity.xr.arfoundation/Runtime/ARFoundation/Occlusion/AROcclusionShaderMode.cs using Guid(cfb2d2940cd94f0197e34d7e20c58215) Importer(2089858483,b0f066a214c2f5e87bad3c948f4d605d) (ScriptedImporter) -> (artifact id: '7677c3f21abdd7e4a9bd27db3d63d53b') in 0.0295543 seconds
Number of updated asset objects reloaded before import = 0Number of asset objects unloaded after import = 0

========================================================================
Received Import Request.
  Time since last request: 0.000460 seconds.
  path: Packages/com.unity.mathematics/Tests/Tests/Shared/TestBool2x4.gen.cs
  artifactKey: Guid(fa56fbe206d514b43a4f21c1ecd2a9bd) Importer(2089858483,b0f066a214c2f5e87bad3c948f4d605d)
Start importing Packages/com.unity.mathematics/Tests/Tests/Shared/TestBool2x4.gen.cs using Guid(fa56fbe206d514b43a4f21c1ecd2a9bd) Importer(2089858483,b0f066a214c2f5e87bad3c948f4d605d) (ScriptedImporter) -> (artifact id: 'abac77a8de7d566fb9931f8033a13dec') in 0.0265165 seconds
Number of updated asset objects reloaded before import = 0Number of asset objects unloaded after import = 0

========================================================================
Received Import Request.
  Time since last request: 0.000336 seconds.
  path: Packages/com.unity.inputsystem/InputSystem/Editor/AssetEditor/PackageResources/green.png
  artifactKey: Guid(ffeba93637e654de6a5906b48520dc94) Importer(2089858483,b0f066a214c2f5e87bad3c948f4d605d)
Start importing Packages/com.unity.inputsystem/InputSystem/Editor/AssetEditor/PackageResources/green.png using Guid(ffeba93637e654de6a5906b48520dc94) Importer(2089858483,b0f066a214c2f5e87bad3c948f4d605d) (ScriptedImporter) -> (artifact id: 'a748fdec0531da33cd1c56239f7a780e') in 0.0453803 seconds
Number of updated asset objects reloaded before import = 0Number of asset objects unloaded after import = 1

========================================================================
Received Import Request.
  Time since last request: 0.000132 seconds.
  path: Packages/com.unity.xr.arfoundation/Runtime/VisualScripting/Units/Events/EventUnits/ARPlanesChangedEventUnit.cs
  artifactKey: Guid(6c8ef91e0e634cea83ed2edd138ef922) Importer(2089858483,b0f066a214c2f5e87bad3c948f4d605d)
Start importing Packages/com.unity.xr.arfoundation/Runtime/VisualScripting/Units/Events/EventUnits/ARPlanesChangedEventUnit.cs using Guid(6c8ef91e0e634cea83ed2edd138ef922) Importer(2089858483,b0f066a214c2f5e87bad3c948f4d605d) (ScriptedImporter) -> (artifact id: '5db5080a131fd48e40729b55b93b86d2') in 0.0356673 seconds
Number of updated asset objects reloaded before import = 0Number of asset objects unloaded after import = 0

========================================================================
Received Import Request.
  Time since last request: 0.000067 seconds.
  path: Packages/com.unity.inputsystem/InputSystem/Runtime/Controls/TouchPressControl.cs
  artifactKey: Guid(e3da24ab555e0c04793b0618d387a2b5) Importer(2089858483,b0f066a214c2f5e87bad3c948f4d605d)
Start importing Packages/com.unity.inputsystem/InputSystem/Runtime/Controls/TouchPressControl.cs using Guid(e3da24ab555e0c04793b0618d387a2b5) Importer(2089858483,b0f066a214c2f5e87bad3c948f4d605d) (ScriptedImporter) -> (artifact id: '41d00a98e7b702a6700a11f96b8c2ae8') in 0.034496 seconds
Number of updated asset objects reloaded before import = 0Number of asset objects unloaded after import = 0

========================================================================
Received Import Request.
  Time since last request: 0.000188 seconds.
  path: Packages/com.unity.xr.arfoundation/Runtime/ARFoundation/LoaderUtility.cs
  artifactKey: Guid(c0d870950fb1446c95b8e66b03eb8a0b) Importer(2089858483,b0f066a214c2f5e87bad3c948f4d605d)
Start importing Packages/com.unity.xr.arfoundation/Runtime/ARFoundation/LoaderUtility.cs using Guid(c0d870950fb1446c95b8e66b03eb8a0b) Importer(2089858483,b0f066a214c2f5e87bad3c948f4d605d) (ScriptedImporter) -> (artifact id: '4b78b52e50a0e20f2f4597ba5e6c4580') in 0.0248038 seconds
Number of updated asset objects reloaded before import = 0Number of asset objects unloaded after import = 0

========================================================================
Received Import Request.
  Time since last request: 0.001327 seconds.
  path: Packages/com.unity.xr.management/Editor/Legacy/XRLegacyUninstaller.cs
  artifactKey: Guid(3ffc80ed5a6b6e74499a45b59a238640) Importer(2089858483,b0f066a214c2f5e87bad3c948f4d605d)
Start importing Packages/com.unity.xr.management/Editor/Legacy/XRLegacyUninstaller.cs using Guid(3ffc80ed5a6b6e74499a45b59a238640) Importer(2089858483,b0f066a214c2f5e87bad3c948f4d605d) (ScriptedImporter) -> (artifact id: 'e7e5237e22d32fa626948f8769cc177a') in 0.1164481 seconds
Number of updated asset objects reloaded before import = 0Number of asset objects unloaded after import = 0

========================================================================
Received Import Request.
  Time since last request: 0.000325 seconds.
  path: Packages/com.unity.xr.arfoundation/Runtime/ARFoundation/ARPointCloudManager.cs
  artifactKey: Guid(7ab0e80cee9cc1d44928bfe488dd1e2d) Importer(2089858483,b0f066a214c2f5e87bad3c948f4d605d)
Start importing Packages/com.unity.xr.arfoundation/Runtime/ARFoundation/ARPointCloudManager.cs using Guid(7ab0e80cee9cc1d44928bfe488dd1e2d) Importer(2089858483,b0f066a214c2f5e87bad3c948f4d605d) (ScriptedImporter) -> (artifact id: 'c27c2eef87a772fe4600101176d09ff0') in 0.0468776 seconds
Number of updated asset objects reloaded before import = 0Number of asset objects unloaded after import = 1

========================================================================
Received Import Request.
  Time since last request: 0.000722 seconds.
  path: Packages/com.unity.mathematics/Tests/Tests/Shared/TestFloat2.gen.cs
  artifactKey: Guid(79dc86a9e627dcb4a9b6c6ae87b366b6) Importer(2089858483,b0f066a214c2f5e87bad3c948f4d605d)
Start importing Packages/com.unity.mathematics/Tests/Tests/Shared/TestFloat2.gen.cs using Guid(79dc86a9e627dcb4a9b6c6ae87b366b6) Importer(2089858483,b0f066a214c2f5e87bad3c948f4d605d) (ScriptedImporter) -> (artifact id: 'b860143248e53f7101c88656dd4622bf') in 0.1082247 seconds
Number of updated asset objects reloaded before import = 0Number of asset objects unloaded after import = 0

========================================================================
Received Import Request.
  Time since last request: 0.025781 seconds.
  path: Packages/com.unity.xr.arfoundation/Runtime/ARFoundation/ARTrackedObjectManager.cs
  artifactKey: Guid(5f07ca66ce5514fb7a26ab1e51e9bfec) Importer(2089858483,b0f066a214c2f5e87bad3c948f4d605d)
Start importing Packages/com.unity.xr.arfoundation/Runtime/ARFoundation/ARTrackedObjectManager.cs using Guid(5f07ca66ce5514fb7a26ab1e51e9bfec) Importer(2089858483,b0f066a214c2f5e87bad3c948f4d605d) (ScriptedImporter) -> (artifact id: '5ce7f7d13530f05282bb1c39f5aa0b3b') in 0.1413588 seconds
Number of updated asset objects reloaded before import = 0Number of asset objects unloaded after import = 1

========================================================================
Received Import Request.
  Time since last request: 0.000088 seconds.
  path: Packages/com.unity.inputsystem/InputSystem/Editor/Icons/Axis@3x.png
  artifactKey: Guid(2e27a82b5cc4e4ef98cbef2d0b324aed) Importer(2089858483,b0f066a214c2f5e87bad3c948f4d605d)
Start importing Packages/com.unity.inputsystem/InputSystem/Editor/Icons/Axis@3x.png using Guid(2e27a82b5cc4e4ef98cbef2d0b324aed) Importer(2089858483,b0f066a214c2f5e87bad3c948f4d605d) (ScriptedImporter) -> (artifact id: '293a03271919cb66f02c44f9b11bafc7') in 0.0814684 seconds
Number of updated asset objects reloaded before import = 0Number of asset objects unloaded after import = 1

========================================================================
Received Import Request.
  Time since last request: 0.000095 seconds.
  path: Packages/com.unity.xr.management/Tests/StandaloneSubsystem/Unity.XR.Management.Tests.Standalone.asmdef
  artifactKey: Guid(575f7633d101095488b014272f40d6f7) Importer(2089858483,b0f066a214c2f5e87bad3c948f4d605d)
Start importing Packages/com.unity.xr.management/Tests/StandaloneSubsystem/Unity.XR.Management.Tests.Standalone.asmdef using Guid(575f7633d101095488b014272f40d6f7) Importer(2089858483,b0f066a214c2f5e87bad3c948f4d605d) (ScriptedImporter) -> (artifact id: 'c601350cfc5cbf6e59b93e02a3481e24') in 0.0701006 seconds
Number of updated asset objects reloaded before import = 0Number of asset objects unloaded after import = 1

========================================================================
Received Import Request.
  Time since last request: 0.001045 seconds.
  path: Packages/com.unity.xr.arfoundation/Editor/ARSubsystems/PreprocessBuildEventArgs.cs
  artifactKey: Guid(f9a757748aa34f95b291ee0cdf6c337e) Importer(2089858483,b0f066a214c2f5e87bad3c948f4d605d)
Start importing Packages/com.unity.xr.arfoundation/Editor/ARSubsystems/PreprocessBuildEventArgs.cs using Guid(f9a757748aa34f95b291ee0cdf6c337e) Importer(2089858483,b0f066a214c2f5e87bad3c948f4d605d) (ScriptedImporter) -> (artifact id: '00971da1ceff1f6427fb00921d0fff28') in 0.0437577 seconds
Number of updated asset objects reloaded before import = 0Number of asset objects unloaded after import = 0

========================================================================
Received Import Request.
  Time since last request: 0.000521 seconds.
  path: Packages/com.unity.inputsystem/InputSystem/Editor/Icons/d_ChevronUp@3x.png
  artifactKey: Guid(0efecba65ae4341a385cd5d39a2af765) Importer(2089858483,b0f066a214c2f5e87bad3c948f4d605d)
Start importing Packages/com.unity.inputsystem/InputSystem/Editor/Icons/d_ChevronUp@3x.png using Guid(0efecba65ae4341a385cd5d39a2af765) Importer(2089858483,b0f066a214c2f5e87bad3c948f4d605d) (ScriptedImporter) -> (artifact id: '41145f859c2a28e5cff34f8b5a9a9023') in 0.0648683 seconds
Number of updated asset objects reloaded before import = 0Number of asset objects unloaded after import = 1

========================================================================
Received Import Request.
  Time since last request: 0.000052 seconds.
  path: Packages/com.unity.xr.arfoundation/Editor/VisualScripting/Deprecated/ParticipantsChangedEventUnitDescriptor.deprecated.cs
  artifactKey: Guid(a86f419245e7148c6a71126cf80055e9) Importer(2089858483,b0f066a214c2f5e87bad3c948f4d605d)
Start importing Packages/com.unity.xr.arfoundation/Editor/VisualScripting/Deprecated/ParticipantsChangedEventUnitDescriptor.deprecated.cs using Guid(a86f419245e7148c6a71126cf80055e9) Importer(2089858483,b0f066a214c2f5e87bad3c948f4d605d) (ScriptedImporter) -> (artifact id: '2d0ef5b68b60efb03fae47afaedcd113') in 0.0310105 seconds
Number of updated asset objects reloaded before import = 0Number of asset objects unloaded after import = 0

========================================================================
Received Import Request.
  Time since last request: 0.000712 seconds.
  path: Packages/com.unity.xr.arfoundation/Runtime/VisualScripting/Units/Events/MessageListeners/ARCameraManagerListener.cs
  artifactKey: Guid(3a555387190414ca883c8012a8fa1800) Importer(2089858483,b0f066a214c2f5e87bad3c948f4d605d)
Start importing Packages/com.unity.xr.arfoundation/Runtime/VisualScripting/Units/Events/MessageListeners/ARCameraManagerListener.cs using Guid(3a555387190414ca883c8012a8fa1800) Importer(2089858483,b0f066a214c2f5e87bad3c948f4d605d) (ScriptedImporter) -> (artifact id: '020779ee4ae1a9457139253db3341ab2') in 0.0311754 seconds
Number of updated asset objects reloaded before import = 0Number of asset objects unloaded after import = 0

========================================================================
Received Import Request.
  Time since last request: 0.000274 seconds.
  path: Packages/com.unity.xr.arfoundation/Runtime/ARSubsystems/SessionSubsystem/XRSessionSubsystem.cs
  artifactKey: Guid(8089ddade313591489f06ce71fe8b791) Importer(2089858483,b0f066a214c2f5e87bad3c948f4d605d)
Start importing Packages/com.unity.xr.arfoundation/Runtime/ARSubsystems/SessionSubsystem/XRSessionSubsystem.cs using Guid(8089ddade313591489f06ce71fe8b791) Importer(2089858483,b0f066a214c2f5e87bad3c948f4d605d) (ScriptedImporter) -> (artifact id: 'a2e2107bc628a7a04067d77d90e9eb84') in 0.0259562 seconds
Number of updated asset objects reloaded before import = 0Number of asset objects unloaded after import = 0

========================================================================
Received Import Request.
  Time since last request: 0.000411 seconds.
  path: Packages/com.unity.mathematics/Unity.Mathematics/Noise/psrdnoise2D.cs
  artifactKey: Guid(8bf609f94feab4ac5af33f75a100630c) Importer(2089858483,b0f066a214c2f5e87bad3c948f4d605d)
Start importing Packages/com.unity.mathematics/Unity.Mathematics/Noise/psrdnoise2D.cs using Guid(8bf609f94feab4ac5af33f75a100630c) Importer(2089858483,b0f066a214c2f5e87bad3c948f4d605d) (ScriptedImporter) -> (artifact id: 'de53f3a85f0b047097c499bbd75db3be') in 0.0258656 seconds
Number of updated asset objects reloaded before import = 0Number of asset objects unloaded after import = 0

========================================================================
Received Import Request.
  Time since last request: 0.000179 seconds.
  path: Packages/com.unity.xr.management/Editor/XRConstants.cs
  artifactKey: Guid(15f789f4848004249b8e67d3fcf33a78) Importer(2089858483,b0f066a214c2f5e87bad3c948f4d605d)
Start importing Packages/com.unity.xr.management/Editor/XRConstants.cs using Guid(15f789f4848004249b8e67d3fcf33a78) Importer(2089858483,b0f066a214c2f5e87bad3c948f4d605d) (ScriptedImporter) -> (artifact id: '3ed8d0aed98b953f7b2865f4e1949c9f') in 0.0258196 seconds
Number of updated asset objects reloaded before import = 0Number of asset objects unloaded after import = 0

========================================================================
Received Import Request.
  Time since last request: 0.000196 seconds.
  path: Packages/com.unity.inputsystem/InputSystem/Editor/Icons/d_Button@2x.png
  artifactKey: Guid(0962795d1cafc460b9027de55b1c0a80) Importer(2089858483,b0f066a214c2f5e87bad3c948f4d605d)
Start importing Packages/com.unity.inputsystem/InputSystem/Editor/Icons/d_Button@2x.png using Guid(0962795d1cafc460b9027de55b1c0a80) Importer(2089858483,b0f066a214c2f5e87bad3c948f4d605d) (ScriptedImporter) -> (artifact id: '432e6c955cdacf1995e7670dee0037b7') in 0.0411775 seconds
Number of updated asset objects reloaded before import = 0Number of asset objects unloaded after import = 1

========================================================================
Received Import Request.
  Time since last request: 0.000053 seconds.
  path: Packages/com.unity.xr.arcore/Runtime/Input/InputLayoutLoader.cs
  artifactKey: Guid(0bd9df1adc4838d49bd71bc73b71dd75) Importer(2089858483,b0f066a214c2f5e87bad3c948f4d605d)
Start importing Packages/com.unity.xr.arcore/Runtime/Input/InputLayoutLoader.cs using Guid(0bd9df1adc4838d49bd71bc73b71dd75) Importer(2089858483,b0f066a214c2f5e87bad3c948f4d605d) (ScriptedImporter) -> (artifact id: '35f1961996b793abceb90d0cc81c3c79') in 0.0262671 seconds
Number of updated asset objects reloaded before import = 0Number of asset objects unloaded after import = 0

========================================================================
Received Import Request.
  Time since last request: 0.000200 seconds.
  path: Packages/com.unity.xr.arfoundation/Runtime/ARSubsystems/Configuration/DefaultConfigurationChooser.cs
  artifactKey: Guid(c563bbf53850b4d67b7a9e30192c0044) Importer(2089858483,b0f066a214c2f5e87bad3c948f4d605d)
Start importing Packages/com.unity.xr.arfoundation/Runtime/ARSubsystems/Configuration/DefaultConfigurationChooser.cs using Guid(c563bbf53850b4d67b7a9e30192c0044) Importer(2089858483,b0f066a214c2f5e87bad3c948f4d605d) (ScriptedImporter) -> (artifact id: 'd62a0a143f0406605485b981e7e411e9') in 0.0257844 seconds
Number of updated asset objects reloaded before import = 0Number of asset objects unloaded after import = 0

========================================================================
Received Import Request.
  Time since last request: 0.000345 seconds.
  path: Packages/com.unity.xr.arfoundation/Tests/Runtime/ARFoundation/CameraSubsystem/XRCameraSubsystemTests.cs
  artifactKey: Guid(c7d5cb690d080436d9657cbee5fd90bd) Importer(2089858483,b0f066a214c2f5e87bad3c948f4d605d)
Start importing Packages/com.unity.xr.arfoundation/Tests/Runtime/ARFoundation/CameraSubsystem/XRCameraSubsystemTests.cs using Guid(c7d5cb690d080436d9657cbee5fd90bd) Importer(2089858483,b0f066a214c2f5e87bad3c948f4d605d) (ScriptedImporter) -> (artifact id: '6b334a96139ae8a337607670daf7305d') in 0.0245795 seconds
Number of updated asset objects reloaded before import = 0Number of asset objects unloaded after import = 0

========================================================================
Received Import Request.
  Time since last request: 0.000171 seconds.
  path: Packages/com.unity.inputsystem/InputSystem/Editor/Icons/Button@4x.png
  artifactKey: Guid(aa356632480554016ab8f4200032981b) Importer(2089858483,b0f066a214c2f5e87bad3c948f4d605d)
Start importing Packages/com.unity.inputsystem/InputSystem/Editor/Icons/Button@4x.png using Guid(aa356632480554016ab8f4200032981b) Importer(2089858483,b0f066a214c2f5e87bad3c948f4d605d) (ScriptedImporter) -> (artifact id: '029c9f903b477699a3a883225cbc83f7') in 0.035906 seconds
Number of updated asset objects reloaded before import = 0Number of asset objects unloaded after import = 1

========================================================================
Received Import Request.
  Time since last request: 0.000183 seconds.
  path: Packages/com.unity.xr.arfoundation/Runtime/VisualScripting/Units/Events/MessageListeners/ARAnchorsChangedListener.cs
  artifactKey: Guid(72a0c287fbeb4e7eb82728d37fb5e04d) Importer(2089858483,b0f066a214c2f5e87bad3c948f4d605d)
Start importing Packages/com.unity.xr.arfoundation/Runtime/VisualScripting/Units/Events/MessageListeners/ARAnchorsChangedListener.cs using Guid(72a0c287fbeb4e7eb82728d37fb5e04d) Importer(2089858483,b0f066a214c2f5e87bad3c948f4d605d) (ScriptedImporter) -> (artifact id: '86f052ffb1ae56b0b0fdeb720b98282a') in 0.0267456 seconds
Number of updated asset objects reloaded before import = 0Number of asset objects unloaded after import = 0

========================================================================
Received Import Request.
  Time since last request: 0.000592 seconds.
  path: Packages/com.unity.xr.arfoundation/Runtime/ARSubsystems/ParticipantSubsystem/XRParticipant.cs
  artifactKey: Guid(0dc084e9b75f348499790f56de88d510) Importer(2089858483,b0f066a214c2f5e87bad3c948f4d605d)
Start importing Packages/com.unity.xr.arfoundation/Runtime/ARSubsystems/ParticipantSubsystem/XRParticipant.cs using Guid(0dc084e9b75f348499790f56de88d510) Importer(2089858483,b0f066a214c2f5e87bad3c948f4d605d) (ScriptedImporter) -> (artifact id: '455c67c4b52a8a633c130d57565edeee') in 0.0301062 seconds
Number of updated asset objects reloaded before import = 0Number of asset objects unloaded after import = 0

========================================================================
Received Import Request.
  Time since last request: 0.000241 seconds.
  path: Packages/com.unity.xr.arfoundation/Runtime/ARFoundation/ToolButton.cs
  artifactKey: Guid(899d2995c1d804655b9a93fe9e865e5a) Importer(2089858483,b0f066a214c2f5e87bad3c948f4d605d)
Start importing Packages/com.unity.xr.arfoundation/Runtime/ARFoundation/ToolButton.cs using Guid(899d2995c1d804655b9a93fe9e865e5a) Importer(2089858483,b0f066a214c2f5e87bad3c948f4d605d) (ScriptedImporter) -> (artifact id: '532237288fa32d3ec25709029e06925b') in 0.0282294 seconds
Number of updated asset objects reloaded before import = 0Number of asset objects unloaded after import = 0

========================================================================
Received Import Request.
  Time since last request: 0.000346 seconds.
  path: Packages/com.unity.inputsystem/InputSystem/Runtime/Actions/DeferBindingResolutionContext.cs
  artifactKey: Guid(40a986dbf9066476b8a3b360e74e99de) Importer(2089858483,b0f066a214c2f5e87bad3c948f4d605d)
Start importing Packages/com.unity.inputsystem/InputSystem/Runtime/Actions/DeferBindingResolutionContext.cs using Guid(40a986dbf9066476b8a3b360e74e99de) Importer(2089858483,b0f066a214c2f5e87bad3c948f4d605d) (ScriptedImporter) -> (artifact id: 'e55032f808a18751a0636b5ac55ba976') in 0.0249691 seconds
Number of updated asset objects reloaded before import = 0Number of asset objects unloaded after import = 0

========================================================================
Received Import Request.
  Time since last request: 0.000406 seconds.
  path: Packages/com.unity.xr.arfoundation/Runtime/Simulation/Subsystems/SimulationCameraPoseProvider.cs
  artifactKey: Guid(0487b835b3c82d246904d42edd34fa87) Importer(2089858483,b0f066a214c2f5e87bad3c948f4d605d)
Start importing Packages/com.unity.xr.arfoundation/Runtime/Simulation/Subsystems/SimulationCameraPoseProvider.cs using Guid(0487b835b3c82d246904d42edd34fa87) Importer(2089858483,b0f066a214c2f5e87bad3c948f4d605d) (ScriptedImporter) -> (artifact id: '43cd8fbaf7f727457bd6d3b997945f65') in 0.0202413 seconds
Number of updated asset objects reloaded before import = 0Number of asset objects unloaded after import = 0

========================================================================
Received Import Request.
  Time since last request: 0.000212 seconds.
  path: Packages/com.unity.inputsystem/InputSystem/Editor/Icons/Interactive Binding@2x.png
  artifactKey: Guid(2027b97fd12d842d7a3169c784502a54) Importer(2089858483,b0f066a214c2f5e87bad3c948f4d605d)
Start importing Packages/com.unity.inputsystem/InputSystem/Editor/Icons/Interactive Binding@2x.png using Guid(2027b97fd12d842d7a3169c784502a54) Importer(2089858483,b0f066a214c2f5e87bad3c948f4d605d) (ScriptedImporter) -> (artifact id: '3834e4044e0bccdb0387e3b43d16391e') in 0.0308429 seconds
Number of updated asset objects reloaded before import = 0Number of asset objects unloaded after import = 1

========================================================================
Received Prepare
[Licensing::Client] Successfully resolved entitlement details
Begin MonoManager ReloadAssembly
[Licensing::Client] Successfully resolved entitlement details
- Loaded All Assemblies, in  1.381 seconds
Refreshing native plugins compatible for Editor in 6.72 ms, found 3 plugins.
Assertion failed on expression: 'pred(*previous, *i)'
Assertion failed on expression: 'pred(*previous, *i)'
Assertion failed on expression: 'pred(*previous, *i)'
Assertion failed on expression: 'pred(*previous, *i)'
Assertion failed on expression: 'pred(*previous, *i)'
Assertion failed on expression: 'pred(*previous, *i)'
Assertion failed on expression: 'pred(*previous, *i)'
Assertion failed on expression: 'pred(*previous, *i)'
Assertion failed on expression: 'pred(*previous, *i)'
Assertion failed on expression: 'pred(*previous, *i)'
Assertion failed on expression: 'pred(*previous, *i)'
Assertion failed on expression: 'pred(*previous, *i)'
Assertion failed on expression: 'pred(*previous, *i)'
Assertion failed on expression: 'pred(*previous, *i)'
Assertion failed on expression: 'pred(*previous, *i)'
Assertion failed on expression: 'pred(*previous, *i)'
Assertion failed on expression: 'pred(*previous, *i)'
Assertion failed on expression: 'pred(*previous, *i)'
Assertion failed on expression: 'pred(*previous, *i)'
Assertion failed on expression: 'pred(*previous, *i)'
Assertion failed on expression: 'pred(*previous, *i)'
Assertion failed on expression: 'pred(*previous, *i)'
Assertion failed on expression: 'pred(*previous, *i)'
Assertion failed on expression: 'pred(*previous, *i)'
Assertion failed on expression: 'pred(*previous, *i)'
Assertion failed on expression: 'pred(*previous, *i)'
Assertion failed on expression: 'pred(*previous, *i)'
Assertion failed on expression: 'pred(*previous, *i)'
Assertion failed on expression: 'pred(*previous, *i)'
Assertion failed on expression: 'pred(*previous, *i)'
Assertion failed on expression: 'pred(*previous, *i)'
Assertion failed on expression: 'pred(*previous, *i)'
Assertion failed on expression: 'pred(*previous, *i)'
Assertion failed on expression: 'pred(*previous, *i)'
Assertion failed on expression: 'pred(*previous, *i)'
Assertion failed on expression: 'pred(*previous, *i)'
Assertion failed on expression: 'pred(*previous, *i)'
Assertion failed on expression: 'pred(*previous, *i)'
Assertion failed on expression: 'pred(*previous, *i)'
Assertion failed on expression: 'pred(*previous, *i)'
Assertion failed on expression: 'pred(*previous, *i)'
Assertion failed on expression: 'pred(*previous, *i)'
Assertion failed on expression: 'pred(*previous, *i)'
Assertion failed on expression: 'pred(*previous, *i)'
Assertion failed on expression: 'pred(*previous, *i)'
Assertion failed on expression: 'pred(*previous, *i)'
Assertion failed on expression: 'pred(*previous, *i)'
Assertion failed on expression: 'pred(*previous, *i)'
Assertion failed on expression: 'pred(*previous, *i)'
Assertion failed on expression: 'pred(*previous, *i)'
Assertion failed on expression: 'pred(*previous, *i)'
Assertion failed on expression: 'pred(*previous, *i)'
Assertion failed on expression: 'pred(*previous, *i)'
Assertion failed on expression: 'pred(*previous, *i)'
Assertion failed on expression: 'pred(*previous, *i)'
Assertion failed on expression: 'pred(*previous, *i)'
Assertion failed on expression: 'pred(*previous, *i)'
Assertion failed on expression: 'pred(*previous, *i)'
Assertion failed on expression: 'pred(*previous, *i)'
Assertion failed on expression: 'pred(*previous, *i)'
Assertion failed on expression: 'pred(*previous, *i)'
Assertion failed on expression: 'pred(*previous, *i)'
Assertion failed on expression: 'pred(*previous, *i)'
Assertion failed on expression: 'pred(*previous, *i)'
Assertion failed on expression: 'pred(*previous, *i)'
Assertion failed on expression: 'pred(*previous, *i)'
Assertion failed on expression: 'pred(*previous, *i)'
Assertion failed on expression: 'pred(*previous, *i)'
Assertion failed on expression: 'pred(*previous, *i)'
Assertion failed on expression: 'pred(*previous, *i)'
Assertion failed on expression: 'pred(*previous, *i)'
Assertion failed on expression: 'pred(*previous, *i)'
Assertion failed on expression: 'pred(*previous, *i)'
Assertion failed on expression: 'pred(*previous, *i)'
Assertion failed on expression: 'pred(*previous, *i)'
Assertion failed on expression: 'pred(*previous, *i)'
Assertion failed on expression: 'pred(*previous, *i)'
Assertion failed on expression: 'pred(*previous, *i)'
Assertion failed on expression: 'pred(*previous, *i)'
Assertion failed on expression: 'pred(*previous, *i)'
Assertion failed on expression: 'pred(*previous, *i)'
Assertion failed on expression: 'pred(*previous, *i)'
Assertion failed on expression: 'pred(*previous, *i)'
Assertion failed on expression: 'pred(*previous, *i)'
Assertion failed on expression: 'pred(*previous, *i)'
Assertion failed on expression: 'pred(*previous, *i)'
Assertion failed on expression: 'pred(*previous, *i)'
Assertion failed on expression: 'pred(*previous, *i)'
Assertion failed on expression: 'pred(*previous, *i)'
Assertion failed on expression: 'pred(*previous, *i)'
Assertion failed on expression: 'pred(*previous, *i)'
Assertion failed on expression: 'pred(*previous, *i)'
Assertion failed on expression: 'pred(*previous, *i)'
Assertion failed on expression: 'pred(*previous, *i)'
Assertion failed on expression: 'pred(*previous, *i)'
Assertion failed on expression: 'pred(*previous, *i)'
Assertion failed on expression: 'pred(*previous, *i)'
Assertion failed on expression: 'pred(*previous, *i)'
Assertion failed on expression: 'pred(*previous, *i)'
Assertion failed on expression: 'pred(*previous, *i)'
Assertion failed on expression: 'pred(*previous, *i)'
Assertion failed on expression: 'pred(*previous, *i)'
Assertion failed on expression: 'pred(*previous, *i)'
Assertion failed on expression: 'pred(*previous, *i)'
Assertion failed on expression: 'pred(*previous, *i)'
Assertion failed on expression: 'pred(*previous, *i)'
Assertion failed on expression: 'pred(*previous, *i)'
Assertion failed on expression: 'pred(*previous, *i)'
Assertion failed on expression: 'pred(*previous, *i)'
Assertion failed on expression: 'pred(*previous, *i)'
Assertion failed on expression: 'pred(*previous, *i)'
Assertion failed on expression: 'pred(*previous, *i)'
Assertion failed on expression: 'pred(*previous, *i)'
Assertion failed on expression: 'pred(*previous, *i)'
Assertion failed on expression: 'pred(*previous, *i)'
Assertion failed on expression: 'pred(*previous, *i)'
Assertion failed on expression: 'pred(*previous, *i)'
Assertion failed on expression: 'pred(*previous, *i)'
Assertion failed on expression: 'pred(*previous, *i)'
Assertion failed on expression: 'pred(*previous, *i)'
Assertion failed on expression: 'pred(*previous, *i)'
Assertion failed on expression: 'pred(*previous, *i)'
Assertion failed on expression: 'pred(*previous, *i)'
Assertion failed on expression: 'pred(*previous, *i)'
Assertion failed on expression: 'pred(*previous, *i)'
Assertion failed on expression: 'pred(*previous, *i)'
Assertion failed on expression: 'pred(*previous, *i)'
Assertion failed on expression: 'pred(*previous, *i)'
Assertion failed on expression: 'pred(*previous, *i)'
Assertion failed on expression: 'pred(*previous, *i)'
Assertion failed on expression: 'pred(*previous, *i)'
Assertion failed on expression: 'pred(*previous, *i)'
Assertion failed on expression: 'pred(*previous, *i)'
Assertion failed on expression: 'pred(*previous, *i)'
Assertion failed on expression: 'pred(*previous, *i)'
Assertion failed on expression: 'pred(*previous, *i)'
Assertion failed on expression: 'pred(*previous, *i)'
Assertion failed on expression: 'pred(*previous, *i)'
Assertion failed on expression: 'pred(*previous, *i)'
Assertion failed on expression: 'pred(*previous, *i)'
Assertion failed on expression: 'pred(*previous, *i)'
Assertion failed on expression: 'pred(*previous, *i)'
Assertion failed on expression: 'pred(*previous, *i)'
Assertion failed on expression: 'pred(*previous, *i)'
Assertion failed on expression: 'pred(*previous, *i)'
Assertion failed on expression: 'pred(*previous, *i)'
Assertion failed on expression: 'pred(*previous, *i)'
Assertion failed on expression: 'pred(*previous, *i)'
Assertion failed on expression: 'pred(*previous, *i)'
Assertion failed on expression: 'pred(*previous, *i)'
Assertion failed on expression: 'pred(*previous, *i)'
Assertion failed on expression: 'pred(*previous, *i)'
Assertion failed on expression: 'pred(*previous, *i)'
Assertion failed on expression: 'pred(*previous, *i)'
Assertion failed on expression: 'pred(*previous, *i)'
Assertion failed on expression: 'pred(*previous, *i)'
Assertion failed on expression: 'pred(*previous, *i)'
Assertion failed on expression: 'pred(*previous, *i)'
Assertion failed on expression: 'pred(*previous, *i)'
Assertion failed on expression: 'pred(*previous, *i)'
Assertion failed on expression: 'pred(*previous, *i)'
Assertion failed on expression: 'pred(*previous, *i)'
Assertion failed on expression: 'pred(*previous, *i)'
Assertion failed on expression: 'pred(*previous, *i)'
Assertion failed on expression: 'pred(*previous, *i)'
Assertion failed on expression: 'pred(*previous, *i)'
Assertion failed on expression: 'pred(*previous, *i)'
Assertion failed on expression: 'pred(*previous, *i)'
Assertion failed on expression: 'pred(*previous, *i)'
Assertion failed on expression: 'pred(*previous, *i)'
Assertion failed on expression: 'pred(*previous, *i)'
Assertion failed on expression: 'pred(*previous, *i)'
Assertion failed on expression: 'pred(*previous, *i)'
Assertion failed on expression: 'pred(*previous, *i)'
Assertion failed on expression: 'pred(*previous, *i)'
Assertion failed on expression: 'pred(*previous, *i)'
Assertion failed on expression: 'pred(*previous, *i)'
Assertion failed on expression: 'pred(*previous, *i)'
Assertion failed on expression: 'pred(*previous, *i)'
Assertion failed on expression: 'pred(*previous, *i)'
Assertion failed on expression: 'pred(*previous, *i)'
Assertion failed on expression: 'pred(*previous, *i)'
Assertion failed on expression: 'pred(*previous, *i)'
Assertion failed on expression: 'pred(*previous, *i)'
Assertion failed on expression: 'pred(*previous, *i)'
Assertion failed on expression: 'pred(*previous, *i)'
Assertion failed on expression: 'pred(*previous, *i)'
Assertion failed on expression: 'pred(*previous, *i)'
Assertion failed on expression: 'pred(*previous, *i)'
Assertion failed on expression: 'pred(*previous, *i)'
Assertion failed on expression: 'pred(*previous, *i)'
Assertion failed on expression: 'pred(*previous, *i)'
Assertion failed on expression: 'pred(*previous, *i)'
Assertion failed on expression: 'pred(*previous, *i)'
Assertion failed on expression: 'pred(*previous, *i)'
Assertion failed on expression: 'pred(*previous, *i)'
Assertion failed on expression: 'pred(*previous, *i)'
Assertion failed on expression: 'pred(*previous, *i)'
Assertion failed on expression: 'pred(*previous, *i)'
Assertion failed on expression: 'pred(*previous, *i)'
Assertion failed on expression: 'pred(*previous, *i)'
Assertion failed on expression: 'pred(*previous, *i)'
Assertion failed on expression: 'pred(*previous, *i)'
Assertion failed on expression: 'pred(*previous, *i)'
Assertion failed on expression: 'pred(*previous, *i)'
Assertion failed on expression: 'pred(*previous, *i)'
Assertion failed on expression: 'pred(*previous, *i)'
Assertion failed on expression: 'pred(*previous, *i)'
Assertion failed on expression: 'pred(*previous, *i)'
Assertion failed on expression: 'pred(*previous, *i)'
Assertion failed on expression: 'pred(*previous, *i)'
Assertion failed on expression: 'pred(*previous, *i)'
Assertion failed on expression: 'pred(*previous, *i)'
Assertion failed on expression: 'pred(*previous, *i)'
Assertion failed on expression: 'pred(*previous, *i)'
Assertion failed on expression: 'pred(*previous, *i)'
Assertion failed on expression: 'pred(*previous, *i)'
Assertion failed on expression: 'pred(*previous, *i)'
Assertion failed on expression: 'pred(*previous, *i)'
Assertion failed on expression: 'pred(*previous, *i)'
Assertion failed on expression: 'pred(*previous, *i)'
Assertion failed on expression: 'pred(*previous, *i)'
Assertion failed on expression: 'pred(*previous, *i)'
Assertion failed on expression: 'pred(*previous, *i)'
Assertion failed on expression: 'pred(*previous, *i)'
Assertion failed on expression: 'pred(*previous, *i)'
Assertion failed on expression: 'pred(*previous, *i)'
Assertion failed on expression: 'pred(*previous, *i)'
Assertion failed on expression: 'pred(*previous, *i)'
Assertion failed on expression: 'pred(*previous, *i)'
Assertion failed on expression: 'pred(*previous, *i)'
Assertion failed on expression: 'pred(*previous, *i)'
Assertion failed on expression: 'pred(*previous, *i)'
Assertion failed on expression: 'pred(*previous, *i)'
Assertion failed on expression: 'pred(*previous, *i)'
Assertion failed on expression: 'pred(*previous, *i)'
Assertion failed on expression: 'pred(*previous, *i)'
Assertion failed on expression: 'pred(*previous, *i)'
Assertion failed on expression: 'pred(*previous, *i)'
Assertion failed on expression: 'pred(*previous, *i)'
Assertion failed on expression: 'pred(*previous, *i)'
Assertion failed on expression: 'pred(*previous, *i)'
Assertion failed on expression: 'pred(*previous, *i)'
Assertion failed on expression: 'pred(*previous, *i)'
Assertion failed on expression: 'pred(*previous, *i)'
Assertion failed on expression: 'pred(*previous, *i)'
Assertion failed on expression: 'pred(*previous, *i)'
Assertion failed on expression: 'pred(*previous, *i)'
Assertion failed on expression: 'pred(*previous, *i)'
Assertion failed on expression: 'pred(*previous, *i)'
Assertion failed on expression: 'pred(*previous, *i)'
Assertion failed on expression: 'pred(*previous, *i)'
Assertion failed on expression: 'pred(*previous, *i)'
Assertion failed on expression: 'pred(*previous, *i)'
Assertion failed on expression: 'pred(*previous, *i)'
Assertion failed on expression: 'pred(*previous, *i)'
Assertion failed on expression: 'pred(*previous, *i)'
Assertion failed on expression: 'pred(*previous, *i)'
Assertion failed on expression: 'pred(*previous, *i)'
Assertion failed on expression: 'pred(*previous, *i)'
Assertion failed on expression: 'pred(*previous, *i)'
Assertion failed on expression: 'pred(*previous, *i)'
Assertion failed on expression: 'pred(*previous, *i)'
Assertion failed on expression: 'pred(*previous, *i)'
Assertion failed on expression: 'pred(*previous, *i)'
Assertion failed on expression: 'pred(*previous, *i)'
Assertion failed on expression: 'pred(*previous, *i)'
Assertion failed on expression: 'pred(*previous, *i)'
Assertion failed on expression: 'pred(*previous, *i)'
Assertion failed on expression: 'pred(*previous, *i)'
Assertion failed on expression: 'pred(*previous, *i)'
Assertion failed on expression: 'pred(*previous, *i)'
Assertion failed on expression: 'pred(*previous, *i)'
Assertion failed on expression: 'pred(*previous, *i)'
Assertion failed on expression: 'pred(*previous, *i)'
Assertion failed on expression: 'pred(*previous, *i)'
Assertion failed on expression: 'pred(*previous, *i)'
Assertion failed on expression: 'pred(*previous, *i)'
Assertion failed on expression: 'pred(*previous, *i)'
Assertion failed on expression: 'pred(*previous, *i)'
Assertion failed on expression: 'pred(*previous, *i)'
Assertion failed on expression: 'pred(*previous, *i)'
Assertion failed on expression: 'pred(*previous, *i)'
Assertion failed on expression: 'pred(*previous, *i)'
Assertion failed on expression: 'pred(*previous, *i)'
Assertion failed on expression: 'pred(*previous, *i)'
Assertion failed on expression: 'pred(*previous, *i)'
Assertion failed on expression: 'pred(*previous, *i)'
Assertion failed on expression: 'pred(*previous, *i)'
Assertion failed on expression: 'pred(*previous, *i)'
Assertion failed on expression: 'pred(*previous, *i)'
Assertion failed on expression: 'pred(*previous, *i)'
Assertion failed on expression: 'pred(*previous, *i)'
Assertion failed on expression: 'pred(*previous, *i)'
Assertion failed on expression: 'pred(*previous, *i)'
Assertion failed on expression: 'pred(*previous, *i)'
Assertion failed on expression: 'pred(*previous, *i)'
Assertion failed on expression: 'pred(*previous, *i)'
Assertion failed on expression: 'pred(*previous, *i)'
Assertion failed on expression: 'pred(*previous, *i)'
Assertion failed on expression: 'pred(*previous, *i)'
Assertion failed on expression: 'pred(*previous, *i)'
Assertion failed on expression: 'pred(*previous, *i)'
Assertion failed on expression: 'pred(*previous, *i)'
Assertion failed on expression: 'pred(*previous, *i)'
Assertion failed on expression: 'pred(*previous, *i)'
Assertion failed on expression: 'pred(*previous, *i)'
Assertion failed on expression: 'pred(*previous, *i)'
Assertion failed on expression: 'pred(*previous, *i)'
Assertion failed on expression: 'pred(*previous, *i)'
Assertion failed on expression: 'pred(*previous, *i)'
Assertion failed on expression: 'pred(*previous, *i)'
Assertion failed on expression: 'pred(*previous, *i)'
Assertion failed on expression: 'pred(*previous, *i)'
Assertion failed on expression: 'pred(*previous, *i)'
Assertion failed on expression: 'pred(*previous, *i)'
Assertion failed on expression: 'pred(*previous, *i)'
Assertion failed on expression: 'pred(*previous, *i)'
Assertion failed on expression: 'pred(*previous, *i)'
Assertion failed on expression: 'pred(*previous, *i)'
Assertion failed on expression: 'pred(*previous, *i)'
Assertion failed on expression: 'pred(*previous, *i)'
Assertion failed on expression: 'pred(*previous, *i)'
Assertion failed on expression: 'pred(*previous, *i)'
Assertion failed on expression: 'pred(*previous, *i)'
Assertion failed on expression: 'pred(*previous, *i)'
Assertion failed on expression: 'pred(*previous, *i)'
Assertion failed on expression: 'pred(*previous, *i)'
Assertion failed on expression: 'pred(*previous, *i)'
Assertion failed on expression: 'pred(*previous, *i)'
Assertion failed on expression: 'pred(*previous, *i)'
Assertion failed on expression: 'pred(*previous, *i)'
Assertion failed on expression: 'pred(*previous, *i)'
Assertion failed on expression: 'pred(*previous, *i)'
Assertion failed on expression: 'pred(*previous, *i)'
Assertion failed on expression: 'pred(*previous, *i)'
Assertion failed on expression: 'pred(*previous, *i)'
Assertion failed on expression: 'pred(*previous, *i)'
Assertion failed on expression: 'pred(*previous, *i)'
Assertion failed on expression: 'pred(*previous, *i)'
Assertion failed on expression: 'pred(*previous, *i)'
Assertion failed on expression: 'pred(*previous, *i)'
Assertion failed on expression: 'pred(*previous, *i)'
Assertion failed on expression: 'pred(*previous, *i)'
Assertion failed on expression: 'pred(*previous, *i)'
Assertion failed on expression: 'pred(*previous, *i)'
Assertion failed on expression: 'pred(*previous, *i)'
Assertion failed on expression: 'pred(*previous, *i)'
Assertion failed on expression: 'pred(*previous, *i)'
Assertion failed on expression: 'pred(*previous, *i)'
Assertion failed on expression: 'pred(*previous, *i)'
Assertion failed on expression: 'pred(*previous, *i)'
Assertion failed on expression: 'pred(*previous, *i)'
Assertion failed on expression: 'pred(*previous, *i)'
Assertion failed on expression: 'pred(*previous, *i)'
Assertion failed on expression: 'pred(*previous, *i)'
Assertion failed on expression: 'pred(*previous, *i)'
Assertion failed on expression: 'pred(*previous, *i)'
Assertion failed on expression: 'pred(*previous, *i)'
Assertion failed on expression: 'pred(*previous, *i)'
Assertion failed on expression: 'pred(*previous, *i)'
Assertion failed on expression: 'pred(*previous, *i)'
Assertion failed on expression: 'pred(*previous, *i)'
Assertion failed on expression: 'pred(*previous, *i)'
Assertion failed on expression: 'pred(*previous, *i)'
Assertion failed on expression: 'pred(*previous, *i)'
Assertion failed on expression: 'pred(*previous, *i)'
Assertion failed on expression: 'pred(*previous, *i)'
Assertion failed on expression: 'pred(*previous, *i)'
Assertion failed on expression: 'pred(*previous, *i)'
Assertion failed on expression: 'pred(*previous, *i)'
Assertion failed on expression: 'pred(*previous, *i)'
Assertion failed on expression: 'pred(*previous, *i)'
Assertion failed on expression: 'pred(*previous, *i)'
Assertion failed on expression: 'pred(*previous, *i)'
Assertion failed on expression: 'pred(*previous, *i)'
Assertion failed on expression: 'pred(*previous, *i)'
Assertion failed on expression: 'pred(*previous, *i)'
Assertion failed on expression: 'pred(*previous, *i)'
Assertion failed on expression: 'pred(*previous, *i)'
Assertion failed on expression: 'pred(*previous, *i)'
Assertion failed on expression: 'pred(*previous, *i)'
Assertion failed on expression: 'pred(*previous, *i)'
Assertion failed on expression: 'pred(*previous, *i)'
Assertion failed on expression: 'pred(*previous, *i)'
Assertion failed on expression: 'pred(*previous, *i)'
Assertion failed on expression: 'pred(*previous, *i)'
Assertion failed on expression: 'pred(*previous, *i)'
Assertion failed on expression: 'pred(*previous, *i)'
Assertion failed on expression: 'pred(*previous, *i)'
Assertion failed on expression: 'pred(*previous, *i)'
Assertion failed on expression: 'pred(*previous, *i)'
Assertion failed on expression: 'pred(*previous, *i)'
Assertion failed on expression: 'pred(*previous, *i)'
Assertion failed on expression: 'pred(*previous, *i)'
Assertion failed on expression: 'pred(*previous, *i)'
Assertion failed on expression: 'pred(*previous, *i)'
Assertion failed on expression: 'pred(*previous, *i)'
Assertion failed on expression: 'pred(*previous, *i)'
Assertion failed on expression: 'pred(*previous, *i)'
Assertion failed on expression: 'pred(*previous, *i)'
Assertion failed on expression: 'pred(*previous, *i)'
Assertion failed on expression: 'pred(*previous, *i)'
Assertion failed on expression: 'pred(*previous, *i)'
Assertion failed on expression: 'pred(*previous, *i)'
Assertion failed on expression: 'pred(*previous, *i)'
Assertion failed on expression: 'pred(*previous, *i)'
Assertion failed on expression: 'pred(*previous, *i)'
Assertion failed on expression: 'pred(*previous, *i)'
Assertion failed on expression: 'pred(*previous, *i)'
Assertion failed on expression: 'pred(*previous, *i)'
Assertion failed on expression: 'pred(*previous, *i)'
Assertion failed on expression: 'pred(*previous, *i)'
Assertion failed on expression: 'pred(*previous, *i)'
Assertion failed on expression: 'pred(*previous, *i)'
Assertion failed on expression: 'pred(*previous, *i)'
Assertion failed on expression: 'pred(*previous, *i)'
Assertion failed on expression: 'pred(*previous, *i)'
Assertion failed on expression: 'pred(*previous, *i)'
Assertion failed on expression: 'pred(*previous, *i)'
Assertion failed on expression: 'pred(*previous, *i)'
Assertion failed on expression: 'pred(*previous, *i)'
Assertion failed on expression: 'pred(*previous, *i)'
Assertion failed on expression: 'pred(*previous, *i)'
Assertion failed on expression: 'pred(*previous, *i)'
Assertion failed on expression: 'pred(*previous, *i)'
Assertion failed on expression: 'pred(*previous, *i)'
Assertion failed on expression: 'pred(*previous, *i)'
Assertion failed on expression: 'pred(*previous, *i)'
Assertion failed on expression: 'pred(*previous, *i)'
Assertion failed on expression: 'pred(*previous, *i)'
Assertion failed on expression: 'pred(*previous, *i)'
Assertion failed on expression: 'pred(*previous, *i)'
Assertion failed on expression: 'pred(*previous, *i)'
Assertion failed on expression: 'pred(*previous, *i)'
Assertion failed on expression: 'pred(*previous, *i)'
Assertion failed on expression: 'pred(*previous, *i)'
Assertion failed on expression: 'pred(*previous, *i)'
Assertion failed on expression: 'pred(*previous, *i)'
Assertion failed on expression: 'pred(*previous, *i)'
Assertion failed on expression: 'pred(*previous, *i)'
Assertion failed on expression: 'pred(*previous, *i)'
Assertion failed on expression: 'pred(*previous, *i)'
Assertion failed on expression: 'pred(*previous, *i)'
Assertion failed on expression: 'pred(*previous, *i)'
Assertion failed on expression: 'pred(*previous, *i)'
Assertion failed on expression: 'pred(*previous, *i)'
Assertion failed on expression: 'pred(*previous, *i)'
Assertion failed on expression: 'pred(*previous, *i)'
Assertion failed on expression: 'pred(*previous, *i)'
Assertion failed on expression: 'pred(*previous, *i)'
Assertion failed on expression: 'pred(*previous, *i)'
Assertion failed on expression: 'pred(*previous, *i)'
Assertion failed on expression: 'pred(*previous, *i)'
Assertion failed on expression: 'pred(*previous, *i)'
Assertion failed on expression: 'pred(*previous, *i)'
Assertion failed on expression: 'pred(*previous, *i)'
Assertion failed on expression: 'pred(*previous, *i)'
Assertion failed on expression: 'pred(*previous, *i)'
Assertion failed on expression: 'pred(*previous, *i)'
Assertion failed on expression: 'pred(*previous, *i)'
Assertion failed on expression: 'pred(*previous, *i)'
Assertion failed on expression: 'pred(*previous, *i)'
Assertion failed on expression: 'pred(*previous, *i)'
Assertion failed on expression: 'pred(*previous, *i)'
Assertion failed on expression: 'pred(*previous, *i)'
Assertion failed on expression: 'pred(*previous, *i)'
Assertion failed on expression: 'pred(*previous, *i)'
Assertion failed on expression: 'pred(*previous, *i)'
Assertion failed on expression: 'pred(*previous, *i)'
Assertion failed on expression: 'pred(*previous, *i)'
Assertion failed on expression: 'pred(*previous, *i)'
Assertion failed on expression: 'pred(*previous, *i)'
Assertion failed on expression: 'pred(*previous, *i)'
Assertion failed on expression: 'pred(*previous, *i)'
Assertion failed on expression: 'pred(*previous, *i)'
Assertion failed on expression: 'pred(*previous, *i)'
Assertion failed on expression: 'pred(*previous, *i)'
Assertion failed on expression: 'pred(*previous, *i)'
Assertion failed on expression: 'pred(*previous, *i)'
Assertion failed on expression: 'pred(*previous, *i)'
Assertion failed on expression: 'pred(*previous, *i)'
Assertion failed on expression: 'pred(*previous, *i)'
Assertion failed on expression: 'pred(*previous, *i)'
Assertion failed on expression: 'pred(*previous, *i)'
Assertion failed on expression: 'pred(*previous, *i)'
Assertion failed on expression: 'pred(*previous, *i)'
Assertion failed on expression: 'pred(*previous, *i)'
Assertion failed on expression: 'pred(*previous, *i)'
Assertion failed on expression: 'pred(*previous, *i)'
Assertion failed on expression: 'pred(*previous, *i)'
Assertion failed on expression: 'pred(*previous, *i)'
Assertion failed on expression: 'pred(*previous, *i)'
Assertion failed on expression: 'pred(*previous, *i)'
Assertion failed on expression: 'pred(*previous, *i)'
Assertion failed on expression: 'pred(*previous, *i)'
Assertion failed on expression: 'pred(*previous, *i)'
Assertion failed on expression: 'pred(*previous, *i)'
Assertion failed on expression: 'pred(*previous, *i)'
Assertion failed on expression: 'pred(*previous, *i)'
Assertion failed on expression: 'pred(*previous, *i)'
Assertion failed on expression: 'pred(*previous, *i)'
Assertion failed on expression: 'pred(*previous, *i)'
Assertion failed on expression: 'pred(*previous, *i)'
Assertion failed on expression: 'pred(*previous, *i)'
Assertion failed on expression: 'pred(*previous, *i)'
Assertion failed on expression: 'pred(*previous, *i)'
Assertion failed on expression: 'pred(*previous, *i)'
Assertion failed on expression: 'pred(*previous, *i)'
Assertion failed on expression: 'pred(*previous, *i)'
Assertion failed on expression: 'pred(*previous, *i)'
Assertion failed on expression: 'pred(*previous, *i)'
Assertion failed on expression: 'pred(*previous, *i)'
Assertion failed on expression: 'pred(*previous, *i)'
Assertion failed on expression: 'pred(*previous, *i)'
Assertion failed on expression: 'pred(*previous, *i)'
Assertion failed on expression: 'pred(*previous, *i)'
Assertion failed on expression: 'pred(*previous, *i)'
Assertion failed on expression: 'pred(*previous, *i)'
Assertion failed on expression: 'pred(*previous, *i)'
Assertion failed on expression: 'pred(*previous, *i)'
Assertion failed on expression: 'pred(*previous, *i)'
Assertion failed on expression: 'pred(*previous, *i)'
Assertion failed on expression: 'pred(*previous, *i)'
Assertion failed on expression: 'pred(*previous, *i)'
Assertion failed on expression: 'pred(*previous, *i)'
Assertion failed on expression: 'pred(*previous, *i)'
Assertion failed on expression: 'pred(*previous, *i)'
Assertion failed on expression: 'pred(*previous, *i)'
Assertion failed on expression: 'pred(*previous, *i)'
Assertion failed on expression: 'pred(*previous, *i)'
Assertion failed on expression: 'pred(*previous, *i)'
Assertion failed on expression: 'pred(*previous, *i)'
Assertion failed on expression: 'pred(*previous, *i)'
Assertion failed on expression: 'pred(*previous, *i)'
Assertion failed on expression: 'pred(*previous, *i)'
Assertion failed on expression: 'pred(*previous, *i)'
Assertion failed on expression: 'pred(*previous, *i)'
Assertion failed on expression: 'pred(*previous, *i)'
Assertion failed on expression: 'pred(*previous, *i)'
Assertion failed on expression: 'pred(*previous, *i)'
Assertion failed on expression: 'pred(*previous, *i)'
Assertion failed on expression: 'pred(*previous, *i)'
Assertion failed on expression: 'pred(*previous, *i)'
Assertion failed on expression: 'pred(*previous, *i)'
Assertion failed on expression: 'pred(*previous, *i)'
Assertion failed on expression: 'pred(*previous, *i)'
Assertion failed on expression: 'pred(*previous, *i)'
Assertion failed on expression: 'pred(*previous, *i)'
Assertion failed on expression: 'pred(*previous, *i)'
Assertion failed on expression: 'pred(*previous, *i)'
Assertion failed on expression: 'pred(*previous, *i)'
Assertion failed on expression: 'pred(*previous, *i)'
Assertion failed on expression: 'pred(*previous, *i)'
Assertion failed on expression: 'pred(*previous, *i)'
Assertion failed on expression: 'pred(*previous, *i)'
Assertion failed on expression: 'pred(*previous, *i)'
Assertion failed on expression: 'pred(*previous, *i)'
Assertion failed on expression: 'pred(*previous, *i)'
Assertion failed on expression: 'pred(*previous, *i)'
Assertion failed on expression: 'pred(*previous, *i)'
Assertion failed on expression: 'pred(*previous, *i)'
Assertion failed on expression: 'pred(*previous, *i)'
Assertion failed on expression: 'pred(*previous, *i)'
Assertion failed on expression: 'pred(*previous, *i)'
Assertion failed on expression: 'pred(*previous, *i)'
Assertion failed on expression: 'pred(*previous, *i)'
Assertion failed on expression: 'pred(*previous, *i)'
Assertion failed on expression: 'pred(*previous, *i)'
Assertion failed on expression: 'pred(*previous, *i)'
Assertion failed on expression: 'pred(*previous, *i)'
Assertion failed on expression: 'pred(*previous, *i)'
Assertion failed on expression: 'pred(*previous, *i)'
Assertion failed on expression: 'pred(*previous, *i)'
Assertion failed on expression: 'pred(*previous, *i)'
Assertion failed on expression: 'pred(*previous, *i)'
Assertion failed on expression: 'pred(*previous, *i)'
Assertion failed on expression: 'pred(*previous, *i)'
Assertion failed on expression: 'pred(*previous, *i)'
Assertion failed on expression: 'pred(*previous, *i)'
Assertion failed on expression: 'pred(*previous, *i)'
Assertion failed on expression: 'pred(*previous, *i)'
Assertion failed on expression: 'pred(*previous, *i)'
Assertion failed on expression: 'pred(*previous, *i)'
Assertion failed on expression: 'pred(*previous, *i)'
Assertion failed on expression: 'pred(*previous, *i)'
Assertion failed on expression: 'pred(*previous, *i)'
Assertion failed on expression: 'pred(*previous, *i)'
Assertion failed on expression: 'pred(*previous, *i)'
Assertion failed on expression: 'pred(*previous, *i)'
Assertion failed on expression: 'pred(*previous, *i)'
Assertion failed on expression: 'pred(*previous, *i)'
Assertion failed on expression: 'pred(*previous, *i)'
Assertion failed on expression: 'pred(*previous, *i)'
Assertion failed on expression: 'pred(*previous, *i)'
Assertion failed on expression: 'pred(*previous, *i)'
Assertion failed on expression: 'pred(*previous, *i)'
Assertion failed on expression: 'pred(*previous, *i)'
Assertion failed on expression: 'pred(*previous, *i)'
Assertion failed on expression: 'pred(*previous, *i)'
Assertion failed on expression: 'pred(*previous, *i)'
Assertion failed on expression: 'pred(*previous, *i)'
Assertion failed on expression: 'pred(*previous, *i)'
Assertion failed on expression: 'pred(*previous, *i)'
Assertion failed on expression: 'pred(*previous, *i)'
Assertion failed on expression: 'pred(*previous, *i)'
Assertion failed on expression: 'pred(*previous, *i)'
Assertion failed on expression: 'pred(*previous, *i)'
Assertion failed on expression: 'pred(*previous, *i)'
Assertion failed on expression: 'pred(*previous, *i)'
Assertion failed on expression: 'pred(*previous, *i)'
Assertion failed on expression: 'pred(*previous, *i)'
Assertion failed on expression: 'pred(*previous, *i)'
Assertion failed on expression: 'pred(*previous, *i)'
Assertion failed on expression: 'pred(*previous, *i)'
Assertion failed on expression: 'pred(*previous, *i)'
Assertion failed on expression: 'pred(*previous, *i)'
Assertion failed on expression: 'pred(*previous, *i)'
Assertion failed on expression: 'pred(*previous, *i)'
Assertion failed on expression: 'pred(*previous, *i)'
Assertion failed on expression: 'pred(*previous, *i)'
Assertion failed on expression: 'pred(*previous, *i)'
Assertion failed on expression: 'pred(*previous, *i)'
Assertion failed on expression: 'pred(*previous, *i)'
Assertion failed on expression: 'pred(*previous, *i)'
Assertion failed on expression: 'pred(*previous, *i)'
Assertion failed on expression: 'pred(*previous, *i)'
Assertion failed on expression: 'pred(*previous, *i)'
Assertion failed on expression: 'pred(*previous, *i)'
Assertion failed on expression: 'pred(*previous, *i)'
Assertion failed on expression: 'pred(*previous, *i)'
Assertion failed on expression: 'pred(*previous, *i)'
Assertion failed on expression: 'pred(*previous, *i)'
Assertion failed on expression: 'pred(*previous, *i)'
Assertion failed on expression: 'pred(*previous, *i)'
Assertion failed on expression: 'pred(*previous, *i)'
Assertion failed on expression: 'pred(*previous, *i)'
Assertion failed on expression: 'pred(*previous, *i)'
Assertion failed on expression: 'pred(*previous, *i)'
Assertion failed on expression: 'pred(*previous, *i)'
Assertion failed on expression: 'pred(*previous, *i)'
Assertion failed on expression: 'pred(*previous, *i)'
Assertion failed on expression: 'pred(*previous, *i)'
Assertion failed on expression: 'pred(*previous, *i)'
Assertion failed on expression: 'pred(*previous, *i)'
Assertion failed on expression: 'pred(*previous, *i)'
Assertion failed on expression: 'pred(*previous, *i)'
Assertion failed on expression: 'pred(*previous, *i)'
Assertion failed on expression: 'pred(*previous, *i)'
Assertion failed on expression: 'pred(*previous, *i)'
Assertion failed on expression: 'pred(*previous, *i)'
Assertion failed on expression: 'pred(*previous, *i)'
Assertion failed on expression: 'pred(*previous, *i)'
Assertion failed on expression: 'pred(*previous, *i)'
Assertion failed on expression: 'pred(*previous, *i)'
Assertion failed on expression: 'pred(*previous, *i)'
Assertion failed on expression: 'pred(*previous, *i)'
Assertion failed on expression: 'pred(*previous, *i)'
Assertion failed on expression: 'pred(*previous, *i)'
Assertion failed on expression: 'pred(*previous, *i)'
Assertion failed on expression: 'pred(*previous, *i)'
Assertion failed on expression: 'pred(*previous, *i)'
Assertion failed on expression: 'pred(*previous, *i)'
Assertion failed on expression: 'pred(*previous, *i)'
Assertion failed on expression: 'pred(*previous, *i)'
Assertion failed on expression: 'pred(*previous, *i)'
Assertion failed on expression: 'pred(*previous, *i)'
Assertion failed on expression: 'pred(*previous, *i)'
Assertion failed on expression: 'pred(*previous, *i)'
Assertion failed on expression: 'pred(*previous, *i)'
Assertion failed on expression: 'pred(*previous, *i)'
Assertion failed on expression: 'pred(*previous, *i)'
Assertion failed on expression: 'pred(*previous, *i)'
Assertion failed on expression: 'pred(*previous, *i)'
Assertion failed on expression: 'pred(*previous, *i)'
Assertion failed on expression: 'pred(*previous, *i)'
Assertion failed on expression: 'pred(*previous, *i)'
Assertion failed on expression: 'pred(*previous, *i)'
Assertion failed on expression: 'pred(*previous, *i)'
Assertion failed on expression: 'pred(*previous, *i)'
Assertion failed on expression: 'pred(*previous, *i)'
Assertion failed on expression: 'pred(*previous, *i)'
Assertion failed on expression: 'pred(*previous, *i)'
Assertion failed on expression: 'pred(*previous, *i)'
Assertion failed on expression: 'pred(*previous, *i)'
Assertion failed on expression: 'pred(*previous, *i)'
Assertion failed on expression: 'pred(*previous, *i)'
Assertion failed on expression: 'pred(*previous, *i)'
Assertion failed on expression: 'pred(*previous, *i)'
Assertion failed on expression: 'pred(*previous, *i)'
Assertion failed on expression: 'pred(*previous, *i)'
Assertion failed on expression: 'pred(*previous, *i)'
Assertion failed on expression: 'pred(*previous, *i)'
Assertion failed on expression: 'pred(*previous, *i)'
Assertion failed on expression: 'pred(*previous, *i)'
Assertion failed on expression: 'pred(*previous, *i)'
Assertion failed on expression: 'pred(*previous, *i)'
Assertion failed on expression: 'pred(*previous, *i)'
Assertion failed on expression: 'pred(*previous, *i)'
Assertion failed on expression: 'pred(*previous, *i)'
Assertion failed on expression: 'pred(*previous, *i)'
Assertion failed on expression: 'pred(*previous, *i)'
Assertion failed on expression: 'pred(*previous, *i)'
Assertion failed on expression: 'pred(*previous, *i)'
Assertion failed on expression: 'pred(*previous, *i)'
Assertion failed on expression: 'pred(*previous, *i)'
Assertion failed on expression: 'pred(*previous, *i)'
Assertion failed on expression: 'pred(*previous, *i)'
Assertion failed on expression: 'pred(*previous, *i)'
Assertion failed on expression: 'pred(*previous, *i)'
Assertion failed on expression: 'pred(*previous, *i)'
Assertion failed on expression: 'pred(*previous, *i)'
Assertion failed on expression: 'pred(*previous, *i)'
Assertion failed on expression: 'pred(*previous, *i)'
Assertion failed on expression: 'pred(*previous, *i)'
Assertion failed on expression: 'pred(*previous, *i)'
Assertion failed on expression: 'pred(*previous, *i)'
Assertion failed on expression: 'pred(*previous, *i)'
Assertion failed on expression: 'pred(*previous, *i)'
Assertion failed on expression: 'pred(*previous, *i)'
Assertion failed on expression: 'pred(*previous, *i)'
Assertion failed on expression: 'pred(*previous, *i)'
Assertion failed on expression: 'pred(*previous, *i)'
Assertion failed on expression: 'pred(*previous, *i)'
Assertion failed on expression: 'pred(*previous, *i)'
Assertion failed on expression: 'pred(*previous, *i)'
Assertion failed on expression: 'pred(*previous, *i)'
Assertion failed on expression: 'pred(*previous, *i)'
Assertion failed on expression: 'pred(*previous, *i)'
Assertion failed on expression: 'pred(*previous, *i)'
Assertion failed on expression: 'pred(*previous, *i)'
Assertion failed on expression: 'pred(*previous, *i)'
Assertion failed on expression: 'pred(*previous, *i)'
Assertion failed on expression: 'pred(*previous, *i)'
Assertion failed on expression: 'pred(*previous, *i)'
Assertion failed on expression: 'pred(*previous, *i)'
Assertion failed on expression: 'pred(*previous, *i)'
Assertion failed on expression: 'pred(*previous, *i)'
Assertion failed on expression: 'pred(*previous, *i)'
Assertion failed on expression: 'pred(*previous, *i)'
Assertion failed on expression: 'pred(*previous, *i)'
Assertion failed on expression: 'pred(*previous, *i)'
Assertion failed on expression: 'pred(*previous, *i)'
Assertion failed on expression: 'pred(*previous, *i)'
Assertion failed on expression: 'pred(*previous, *i)'
Assertion failed on expression: 'pred(*previous, *i)'
Assertion failed on expression: 'pred(*previous, *i)'
Assertion failed on expression: 'pred(*previous, *i)'
Assertion failed on expression: 'pred(*previous, *i)'
Assertion failed on expression: 'pred(*previous, *i)'
Assertion failed on expression: 'pred(*previous, *i)'
Assertion failed on expression: 'pred(*previous, *i)'
Assertion failed on expression: 'pred(*previous, *i)'
Assertion failed on expression: 'pred(*previous, *i)'
Assertion failed on expression: 'pred(*previous, *i)'
Assertion failed on expression: 'pred(*previous, *i)'
Assertion failed on expression: 'pred(*previous, *i)'
Assertion failed on expression: 'pred(*previous, *i)'
Assertion failed on expression: 'pred(*previous, *i)'
Assertion failed on expression: 'pred(*previous, *i)'
Assertion failed on expression: 'pred(*previous, *i)'
Assertion failed on expression: 'pred(*previous, *i)'
Assertion failed on expression: 'pred(*previous, *i)'
Assertion failed on expression: 'pred(*previous, *i)'
Assertion failed on expression: 'pred(*previous, *i)'
Assertion failed on expression: 'pred(*previous, *i)'
Assertion failed on expression: 'pred(*previous, *i)'
Assertion failed on expression: 'pred(*previous, *i)'
Assertion failed on expression: 'pred(*previous, *i)'
Assertion failed on expression: 'pred(*previous, *i)'
Assertion failed on expression: 'pred(*previous, *i)'
Assertion failed on expression: 'pred(*previous, *i)'
Assertion failed on expression: 'pred(*previous, *i)'
Assertion failed on expression: 'pred(*previous, *i)'
Assertion failed on expression: 'pred(*previous, *i)'
Assertion failed on expression: 'pred(*previous, *i)'
Assertion failed on expression: 'pred(*previous, *i)'
Assertion failed on expression: 'pred(*previous, *i)'
Assertion failed on expression: 'pred(*previous, *i)'
Assertion failed on expression: 'pred(*previous, *i)'
Assertion failed on expression: 'pred(*previous, *i)'
Assertion failed on expression: 'pred(*previous, *i)'
Assertion failed on expression: 'pred(*previous, *i)'
Assertion failed on expression: 'pred(*previous, *i)'
Assertion failed on expression: 'pred(*previous, *i)'
Assertion failed on expression: 'pred(*previous, *i)'
Assertion failed on expression: 'pred(*previous, *i)'
Assertion failed on expression: 'pred(*previous, *i)'
Assertion failed on expression: 'pred(*previous, *i)'
Assertion failed on expression: 'pred(*previous, *i)'
Assertion failed on expression: 'pred(*previous, *i)'
Assertion failed on expression: 'pred(*previous, *i)'
Assertion failed on expression: 'pred(*previous, *i)'
Assertion failed on expression: 'pred(*previous, *i)'
Assertion failed on expression: 'pred(*previous, *i)'
Assertion failed on expression: 'pred(*previous, *i)'
Assertion failed on expression: 'pred(*previous, *i)'
Assertion failed on expression: 'pred(*previous, *i)'
Assertion failed on expression: 'pred(*previous, *i)'
Assertion failed on expression: 'pred(*previous, *i)'
Assertion failed on expression: 'pred(*previous, *i)'
Assertion failed on expression: 'pred(*previous, *i)'
Assertion failed on expression: 'pred(*previous, *i)'
Assertion failed on expression: 'pred(*previous, *i)'
Assertion failed on expression: 'pred(*previous, *i)'
Assertion failed on expression: 'pred(*previous, *i)'
Assertion failed on expression: 'pred(*previous, *i)'
Assertion failed on expression: 'pred(*previous, *i)'
Assertion failed on expression: 'pred(*previous, *i)'
Assertion failed on expression: 'pred(*previous, *i)'
Assertion failed on expression: 'pred(*previous, *i)'
Assertion failed on expression: 'pred(*previous, *i)'
Assertion failed on expression: 'pred(*previous, *i)'
Assertion failed on expression: 'pred(*previous, *i)'
Assertion failed on expression: 'pred(*previous, *i)'
Assertion failed on expression: 'pred(*previous, *i)'
Assertion failed on expression: 'pred(*previous, *i)'
Assertion failed on expression: 'pred(*previous, *i)'
Assertion failed on expression: 'pred(*previous, *i)'
Assertion failed on expression: 'pred(*previous, *i)'
Assertion failed on expression: 'pred(*previous, *i)'
Assertion failed on expression: 'pred(*previous, *i)'
Assertion failed on expression: 'pred(*previous, *i)'
Assertion failed on expression: 'pred(*previous, *i)'
Assertion failed on expression: 'pred(*previous, *i)'
Assertion failed on expression: 'pred(*previous, *i)'
Assertion failed on expression: 'pred(*previous, *i)'
Assertion failed on expression: 'pred(*previous, *i)'
Assertion failed on expression: 'pred(*previous, *i)'
Assertion failed on expression: 'pred(*previous, *i)'
Assertion failed on expression: 'pred(*previous, *i)'
Assertion failed on expression: 'pred(*previous, *i)'
Assertion failed on expression: 'pred(*previous, *i)'
Assertion failed on expression: 'pred(*previous, *i)'
Assertion failed on expression: 'pred(*previous, *i)'
Assertion failed on expression: 'pred(*previous, *i)'
Assertion failed on expression: 'pred(*previous, *i)'
Assertion failed on expression: 'pred(*previous, *i)'
Assertion failed on expression: 'pred(*previous, *i)'
Assertion failed on expression: 'pred(*previous, *i)'
Assertion failed on expression: 'pred(*previous, *i)'
Assertion failed on expression: 'pred(*previous, *i)'
Assertion failed on expression: 'pred(*previous, *i)'
Assertion failed on expression: 'pred(*previous, *i)'
Assertion failed on expression: 'pred(*previous, *i)'
Assertion failed on expression: 'pred(*previous, *i)'
Assertion failed on expression: 'pred(*previous, *i)'
Assertion failed on expression: 'pred(*previous, *i)'
Assertion failed on expression: 'pred(*previous, *i)'
Assertion failed on expression: 'pred(*previous, *i)'
Assertion failed on expression: 'pred(*previous, *i)'
Assertion failed on expression: 'pred(*previous, *i)'
Assertion failed on expression: 'pred(*previous, *i)'
Assertion failed on expression: 'pred(*previous, *i)'
Assertion failed on expression: 'pred(*previous, *i)'
Assertion failed on expression: 'pred(*previous, *i)'
Assertion failed on expression: 'pred(*previous, *i)'
Assertion failed on expression: 'pred(*previous, *i)'
Assertion failed on expression: 'pred(*previous, *i)'
Assertion failed on expression: 'pred(*previous, *i)'
Assertion failed on expression: 'pred(*previous, *i)'
Assertion failed on expression: 'pred(*previous, *i)'
Assertion failed on expression: 'pred(*previous, *i)'
Assertion failed on expression: 'pred(*previous, *i)'
Assertion failed on expression: 'pred(*previous, *i)'
Assertion failed on expression: 'pred(*previous, *i)'
Assertion failed on expression: 'pred(*previous, *i)'
Assertion failed on expression: 'pred(*previous, *i)'
Assertion failed on expression: 'pred(*previous, *i)'
Assertion failed on expression: 'pred(*previous, *i)'
Assertion failed on expression: 'pred(*previous, *i)'
Assertion failed on expression: 'pred(*previous, *i)'
Assertion failed on expression: 'pred(*previous, *i)'
Assertion failed on expression: 'pred(*previous, *i)'
Assertion failed on expression: 'pred(*previous, *i)'
Assertion failed on expression: 'pred(*previous, *i)'
Assertion failed on expression: 'pred(*previous, *i)'
Assertion failed on expression: 'pred(*previous, *i)'
Assertion failed on expression: 'pred(*previous, *i)'
Assertion failed on expression: 'pred(*previous, *i)'
Assertion failed on expression: 'pred(*previous, *i)'
Assertion failed on expression: 'pred(*previous, *i)'
Assertion failed on expression: 'pred(*previous, *i)'
Assertion failed on expression: 'pred(*previous, *i)'
Assertion failed on expression: 'pred(*previous, *i)'
Assertion failed on expression: 'pred(*previous, *i)'
Assertion failed on expression: 'pred(*previous, *i)'
Assertion failed on expression: 'pred(*previous, *i)'
Assertion failed on expression: 'pred(*previous, *i)'
Assertion failed on expression: 'pred(*previous, *i)'
Assertion failed on expression: 'pred(*previous, *i)'
Assertion failed on expression: 'pred(*previous, *i)'
Assertion failed on expression: 'pred(*previous, *i)'
Assertion failed on expression: 'pred(*previous, *i)'
Assertion failed on expression: 'pred(*previous, *i)'
Assertion failed on expression: 'pred(*previous, *i)'
Assertion failed on expression: 'pred(*previous, *i)'
Assertion failed on expression: 'pred(*previous, *i)'
Assertion failed on expression: 'pred(*previous, *i)'
Assertion failed on expression: 'pred(*previous, *i)'
Assertion failed on expression: 'pred(*previous, *i)'
Assertion failed on expression: 'pred(*previous, *i)'
Assertion failed on expression: 'pred(*previous, *i)'
Assertion failed on expression: 'pred(*previous, *i)'
Assertion failed on expression: 'pred(*previous, *i)'
Assertion failed on expression: 'pred(*previous, *i)'
Assertion failed on expression: 'pred(*previous, *i)'
Assertion failed on expression: 'pred(*previous, *i)'
Assertion failed on expression: 'pred(*previous, *i)'
Assertion failed on expression: 'pred(*previous, *i)'
Assertion failed on expression: 'pred(*previous, *i)'
Assertion failed on expression: 'pred(*previous, *i)'
Assertion failed on expression: 'pred(*previous, *i)'
Assertion failed on expression: 'pred(*previous, *i)'
Assertion failed on expression: 'pred(*previous, *i)'
Assertion failed on expression: 'pred(*previous, *i)'
Assertion failed on expression: 'pred(*previous, *i)'
Assertion failed on expression: 'pred(*previous, *i)'
Assertion failed on expression: 'pred(*previous, *i)'
Assertion failed on expression: 'pred(*previous, *i)'
Assertion failed on expression: 'pred(*previous, *i)'
Assertion failed on expression: 'pred(*previous, *i)'
Assertion failed on expression: 'pred(*previous, *i)'
Assertion failed on expression: 'pred(*previous, *i)'
Assertion failed on expression: 'pred(*previous, *i)'
Assertion failed on expression: 'pred(*previous, *i)'
Assertion failed on expression: 'pred(*previous, *i)'
Assertion failed on expression: 'pred(*previous, *i)'
Assertion failed on expression: 'pred(*previous, *i)'
Assertion failed on expression: 'pred(*previous, *i)'
Assertion failed on expression: 'pred(*previous, *i)'
Assertion failed on expression: 'pred(*previous, *i)'
Assertion failed on expression: 'pred(*previous, *i)'
Assertion failed on expression: 'pred(*previous, *i)'
Assertion failed on expression: 'pred(*previous, *i)'
Assertion failed on expression: 'pred(*previous, *i)'
Assertion failed on expression: 'pred(*previous, *i)'
Assertion failed on expression: 'pred(*previous, *i)'
Assertion failed on expression: 'pred(*previous, *i)'
Assertion failed on expression: 'pred(*previous, *i)'
Assertion failed on expression: 'pred(*previous, *i)'
Assertion failed on expression: 'pred(*previous, *i)'
Assertion failed on expression: 'pred(*previous, *i)'
Assertion failed on expression: 'pred(*previous, *i)'
Assertion failed on expression: 'pred(*previous, *i)'
Assertion failed on expression: 'pred(*previous, *i)'
Assertion failed on expression: 'pred(*previous, *i)'
Assertion failed on expression: 'pred(*previous, *i)'
Assertion failed on expression: 'pred(*previous, *i)'
Assertion failed on expression: 'pred(*previous, *i)'
Assertion failed on expression: 'pred(*previous, *i)'
Assertion failed on expression: 'pred(*previous, *i)'
Assertion failed on expression: 'pred(*previous, *i)'
Assertion failed on expression: 'pred(*previous, *i)'
Assertion failed on expression: 'pred(*previous, *i)'
Assertion failed on expression: 'pred(*previous, *i)'
Assertion failed on expression: 'pred(*previous, *i)'
Assertion failed on expression: 'pred(*previous, *i)'
Assertion failed on expression: 'pred(*previous, *i)'
Assertion failed on expression: 'pred(*previous, *i)'
Assertion failed on expression: 'pred(*previous, *i)'
Assertion failed on expression: 'pred(*previous, *i)'
Assertion failed on expression: 'pred(*previous, *i)'
Assertion failed on expression: 'pred(*previous, *i)'
Assertion failed on expression: 'pred(*previous, *i)'
Assertion failed on expression: 'pred(*previous, *i)'
Assertion failed on expression: 'pred(*previous, *i)'
Assertion failed on expression: 'pred(*previous, *i)'
Assertion failed on expression: 'pred(*previous, *i)'
Assertion failed on expression: 'pred(*previous, *i)'
Assertion failed on expression: 'pred(*previous, *i)'
Assertion failed on expression: 'pred(*previous, *i)'
Assertion failed on expression: 'pred(*previous, *i)'
Assertion failed on expression: 'pred(*previous, *i)'
Assertion failed on expression: 'pred(*previous, *i)'
Assertion failed on expression: 'pred(*previous, *i)'
Assertion failed on expression: 'pred(*previous, *i)'
Assertion failed on expression: 'pred(*previous, *i)'
Assertion failed on expression: 'pred(*previous, *i)'
Assertion failed on expression: 'pred(*previous, *i)'
Assertion failed on expression: 'pred(*previous, *i)'
Assertion failed on expression: 'pred(*previous, *i)'
Assertion failed on expression: 'pred(*previous, *i)'
Assertion failed on expression: 'pred(*previous, *i)'
Assertion failed on expression: 'pred(*previous, *i)'
Assertion failed on expression: 'pred(*previous, *i)'
Assertion failed on expression: 'pred(*previous, *i)'
Assertion failed on expression: 'pred(*previous, *i)'
Assertion failed on expression: 'pred(*previous, *i)'
Assertion failed on expression: 'pred(*previous, *i)'
Assertion failed on expression: 'pred(*previous, *i)'
Assertion failed on expression: 'pred(*previous, *i)'
Assertion failed on expression: 'pred(*previous, *i)'
Assertion failed on expression: 'pred(*previous, *i)'
Assertion failed on expression: 'pred(*previous, *i)'
Assertion failed on expression: 'pred(*previous, *i)'
Assertion failed on expression: 'pred(*previous, *i)'
Assertion failed on expression: 'pred(*previous, *i)'
Assertion failed on expression: 'pred(*previous, *i)'
Assertion failed on expression: 'pred(*previous, *i)'
Assertion failed on expression: 'pred(*previous, *i)'
Assertion failed on expression: 'pred(*previous, *i)'
Assertion failed on expression: 'pred(*previous, *i)'
Assertion failed on expression: 'pred(*previous, *i)'
Assertion failed on expression: 'pred(*previous, *i)'
Assertion failed on expression: 'pred(*previous, *i)'
Assertion failed on expression: 'pred(*previous, *i)'
Assertion failed on expression: 'pred(*previous, *i)'
Assertion failed on expression: 'pred(*previous, *i)'
Assertion failed on expression: 'pred(*previous, *i)'
Assertion failed on expression: 'pred(*previous, *i)'
Assertion failed on expression: 'pred(*previous, *i)'
Assertion failed on expression: 'pred(*previous, *i)'
Assertion failed on expression: 'pred(*previous, *i)'
Assertion failed on expression: 'pred(*previous, *i)'
Assertion failed on expression: 'pred(*previous, *i)'
Assertion failed on expression: 'pred(*previous, *i)'
Assertion failed on expression: 'pred(*previous, *i)'
Assertion failed on expression: 'pred(*previous, *i)'
Assertion failed on expression: 'pred(*previous, *i)'
Assertion failed on expression: 'pred(*previous, *i)'
Assertion failed on expression: 'pred(*previous, *i)'
Assertion failed on expression: 'pred(*previous, *i)'
Assertion failed on expression: 'pred(*previous, *i)'
Assertion failed on expression: 'pred(*previous, *i)'
Assertion failed on expression: 'pred(*previous, *i)'
Assertion failed on expression: 'pred(*previous, *i)'
Assertion failed on expression: 'pred(*previous, *i)'
Assertion failed on expression: 'pred(*previous, *i)'
Assertion failed on expression: 'pred(*previous, *i)'
Assertion failed on expression: 'pred(*previous, *i)'
Assertion failed on expression: 'pred(*previous, *i)'
Assertion failed on expression: 'pred(*previous, *i)'
Assertion failed on expression: 'pred(*previous, *i)'
Assertion failed on expression: 'pred(*previous, *i)'
Assertion failed on expression: 'pred(*previous, *i)'
Assertion failed on expression: 'pred(*previous, *i)'
Assertion failed on expression: 'pred(*previous, *i)'
Assertion failed on expression: 'pred(*previous, *i)'
Assertion failed on expression: 'pred(*previous, *i)'
Assertion failed on expression: 'pred(*previous, *i)'
Assertion failed on expression: 'pred(*previous, *i)'
Assertion failed on expression: 'pred(*previous, *i)'
Assertion failed on expression: 'pred(*previous, *i)'
Assertion failed on expression: 'pred(*previous, *i)'
Assertion failed on expression: 'pred(*previous, *i)'
Assertion failed on expression: 'pred(*previous, *i)'
Assertion failed on expression: 'pred(*previous, *i)'
Assertion failed on expression: 'pred(*previous, *i)'
Assertion failed on expression: 'pred(*previous, *i)'
Assertion failed on expression: 'pred(*previous, *i)'
Assertion failed on expression: 'pred(*previous, *i)'
Assertion failed on expression: 'pred(*previous, *i)'
Assertion failed on expression: 'pred(*previous, *i)'
Assertion failed on expression: 'pred(*previous, *i)'
Assertion failed on expression: 'pred(*previous, *i)'
Assertion failed on expression: 'pred(*previous, *i)'
Assertion failed on expression: 'pred(*previous, *i)'
Assertion failed on expression: 'pred(*previous, *i)'
Assertion failed on expression: 'pred(*previous, *i)'
Assertion failed on expression: 'pred(*previous, *i)'
Assertion failed on expression: 'pred(*previous, *i)'
Assertion failed on expression: 'pred(*previous, *i)'
Assertion failed on expression: 'pred(*previous, *i)'
Assertion failed on expression: 'pred(*previous, *i)'
Assertion failed on expression: 'pred(*previous, *i)'
Assertion failed on expression: 'pred(*previous, *i)'
Assertion failed on expression: 'pred(*previous, *i)'
Assertion failed on expression: 'pred(*previous, *i)'
Assertion failed on expression: 'pred(*previous, *i)'
Assertion failed on expression: 'pred(*previous, *i)'
Assertion failed on expression: 'pred(*previous, *i)'
Assertion failed on expression: 'pred(*previous, *i)'
Assertion failed on expression: 'pred(*previous, *i)'
Assertion failed on expression: 'pred(*previous, *i)'
Assertion failed on expression: 'pred(*previous, *i)'
Assertion failed on expression: 'pred(*previous, *i)'
Assertion failed on expression: 'pred(*previous, *i)'
Assertion failed on expression: 'pred(*previous, *i)'
Assertion failed on expression: 'pred(*previous, *i)'
Assertion failed on expression: 'pred(*previous, *i)'
Assertion failed on expression: 'pred(*previous, *i)'
Assertion failed on expression: 'pred(*previous, *i)'
Assertion failed on expression: 'pred(*previous, *i)'
Assertion failed on expression: 'pred(*previous, *i)'
Assertion failed on expression: 'pred(*previous, *i)'
Assertion failed on expression: 'pred(*previous, *i)'
Assertion failed on expression: 'pred(*previous, *i)'
Assertion failed on expression: 'pred(*previous, *i)'
Assertion failed on expression: 'pred(*previous, *i)'
Assertion failed on expression: 'pred(*previous, *i)'
Assertion failed on expression: 'pred(*previous, *i)'
Assertion failed on expression: 'pred(*previous, *i)'
Assertion failed on expression: 'pred(*previous, *i)'
Assertion failed on expression: 'pred(*previous, *i)'
Assertion failed on expression: 'pred(*previous, *i)'
Assertion failed on expression: 'pred(*previous, *i)'
Assertion failed on expression: 'pred(*previous, *i)'
Assertion failed on expression: 'pred(*previous, *i)'
Assertion failed on expression: 'pred(*previous, *i)'
Assertion failed on expression: 'pred(*previous, *i)'
Assertion failed on expression: 'pred(*previous, *i)'
Assertion failed on expression: 'pred(*previous, *i)'
Assertion failed on expression: 'pred(*previous, *i)'
Assertion failed on expression: 'pred(*previous, *i)'
Assertion failed on expression: 'pred(*previous, *i)'
Assertion failed on expression: 'pred(*previous, *i)'
Assertion failed on expression: 'pred(*previous, *i)'
Assertion failed on expression: 'pred(*previous, *i)'
Assertion failed on expression: 'pred(*previous, *i)'
Assertion failed on expression: 'pred(*previous, *i)'
Assertion failed on expression: 'pred(*previous, *i)'
Assertion failed on expression: 'pred(*previous, *i)'
Assertion failed on expression: 'pred(*previous, *i)'
Assertion failed on expression: 'pred(*previous, *i)'
Assertion failed on expression: 'pred(*previous, *i)'
Assertion failed on expression: 'pred(*previous, *i)'
Assertion failed on expression: 'pred(*previous, *i)'
Assertion failed on expression: 'pred(*previous, *i)'
Assertion failed on expression: 'pred(*previous, *i)'
Assertion failed on expression: 'pred(*previous, *i)'
Assertion failed on expression: 'pred(*previous, *i)'
Assertion failed on expression: 'pred(*previous, *i)'
Assertion failed on expression: 'pred(*previous, *i)'
Assertion failed on expression: 'pred(*previous, *i)'
Assertion failed on expression: 'pred(*previous, *i)'
Assertion failed on expression: 'pred(*previous, *i)'
Assertion failed on expression: 'pred(*previous, *i)'
Assertion failed on expression: 'pred(*previous, *i)'
Assertion failed on expression: 'pred(*previous, *i)'
Assertion failed on expression: 'pred(*previous, *i)'
Assertion failed on expression: 'pred(*previous, *i)'
Assertion failed on expression: 'pred(*previous, *i)'
Assertion failed on expression: 'pred(*previous, *i)'
Assertion failed on expression: 'pred(*previous, *i)'
Assertion failed on expression: 'pred(*previous, *i)'
Assertion failed on expression: 'pred(*previous, *i)'
Assertion failed on expression: 'pred(*previous, *i)'
Assertion failed on expression: 'pred(*previous, *i)'
Assertion failed on expression: 'pred(*previous, *i)'
Assertion failed on expression: 'pred(*previous, *i)'
Assertion failed on expression: 'pred(*previous, *i)'
Assertion failed on expression: 'pred(*previous, *i)'
Assertion failed on expression: 'pred(*previous, *i)'
Assertion failed on expression: 'pred(*previous, *i)'
Assertion failed on expression: 'pred(*previous, *i)'
Assertion failed on expression: 'pred(*previous, *i)'
Assertion failed on expression: 'pred(*previous, *i)'
Assertion failed on expression: 'pred(*previous, *i)'
Assertion failed on expression: 'pred(*previous, *i)'
Assertion failed on expression: 'pred(*previous, *i)'
Assertion failed on expression: 'pred(*previous, *i)'
Assertion failed on expression: 'pred(*previous, *i)'
Assertion failed on expression: 'pred(*previous, *i)'
Assertion failed on expression: 'pred(*previous, *i)'
Assertion failed on expression: 'pred(*previous, *i)'
Assertion failed on expression: 'pred(*previous, *i)'
Assertion failed on expression: 'pred(*previous, *i)'
Assertion failed on expression: 'pred(*previous, *i)'
Assertion failed on expression: 'pred(*previous, *i)'
Assertion failed on expression: 'pred(*previous, *i)'
Assertion failed on expression: 'pred(*previous, *i)'
Assertion failed on expression: 'pred(*previous, *i)'
Assertion failed on expression: 'pred(*previous, *i)'
Assertion failed on expression: 'pred(*previous, *i)'
Assertion failed on expression: 'pred(*previous, *i)'
Assertion failed on expression: 'pred(*previous, *i)'
Assertion failed on expression: 'pred(*previous, *i)'
Assertion failed on expression: 'pred(*previous, *i)'
Assertion failed on expression: 'pred(*previous, *i)'
Assertion failed on expression: 'pred(*previous, *i)'
Assertion failed on expression: 'pred(*previous, *i)'
Assertion failed on expression: 'pred(*previous, *i)'
Assertion failed on expression: 'pred(*previous, *i)'
Assertion failed on expression: 'pred(*previous, *i)'
Assertion failed on expression: 'pred(*previous, *i)'
Assertion failed on expression: 'pred(*previous, *i)'
Assertion failed on expression: 'pred(*previous, *i)'
Assertion failed on expression: 'pred(*previous, *i)'
Assertion failed on expression: 'pred(*previous, *i)'
Assertion failed on expression: 'pred(*previous, *i)'
Assertion failed on expression: 'pred(*previous, *i)'
Assertion failed on expression: 'pred(*previous, *i)'
Assertion failed on expression: 'pred(*previous, *i)'
Assertion failed on expression: 'pred(*previous, *i)'
Assertion failed on expression: 'pred(*previous, *i)'
Assertion failed on expression: 'pred(*previous, *i)'
Assertion failed on expression: 'pred(*previous, *i)'
Assertion failed on expression: 'pred(*previous, *i)'
Assertion failed on expression: 'pred(*previous, *i)'
Assertion failed on expression: 'pred(*previous, *i)'
Assertion failed on expression: 'pred(*previous, *i)'
Assertion failed on expression: 'pred(*previous, *i)'
Assertion failed on expression: 'pred(*previous, *i)'
Assertion failed on expression: 'pred(*previous, *i)'
Assertion failed on expression: 'pred(*previous, *i)'
Assertion failed on expression: 'pred(*previous, *i)'
Assertion failed on expression: 'pred(*previous, *i)'
Assertion failed on expression: 'pred(*previous, *i)'
Assertion failed on expression: 'pred(*previous, *i)'
Assertion failed on expression: 'pred(*previous, *i)'
Assertion failed on expression: 'pred(*previous, *i)'
Assertion failed on expression: 'pred(*previous, *i)'
Assertion failed on expression: 'pred(*previous, *i)'
Assertion failed on expression: 'pred(*previous, *i)'
Assertion failed on expression: 'pred(*previous, *i)'
Assertion failed on expression: 'pred(*previous, *i)'
Assertion failed on expression: 'pred(*previous, *i)'
Assertion failed on expression: 'pred(*previous, *i)'
Assertion failed on expression: 'pred(*previous, *i)'
Assertion failed on expression: 'pred(*previous, *i)'
Assertion failed on expression: 'pred(*previous, *i)'
Assertion failed on expression: 'pred(*previous, *i)'
Assertion failed on expression: 'pred(*previous, *i)'
Assertion failed on expression: 'pred(*previous, *i)'
Assertion failed on expression: 'pred(*previous, *i)'
Assertion failed on expression: 'pred(*previous, *i)'
Assertion failed on expression: 'pred(*previous, *i)'
Assertion failed on expression: 'pred(*previous, *i)'
Assertion failed on expression: 'pred(*previous, *i)'
Assertion failed on expression: 'pred(*previous, *i)'
Assertion failed on expression: 'pred(*previous, *i)'
Assertion failed on expression: 'pred(*previous, *i)'
Assertion failed on expression: 'pred(*previous, *i)'
Assertion failed on expression: 'pred(*previous, *i)'
Assertion failed on expression: 'pred(*previous, *i)'
Assertion failed on expression: 'pred(*previous, *i)'
Assertion failed on expression: 'pred(*previous, *i)'
Assertion failed on expression: 'pred(*previous, *i)'
Assertion failed on expression: 'pred(*previous, *i)'
Assertion failed on expression: 'pred(*previous, *i)'
Assertion failed on expression: 'pred(*previous, *i)'
Assertion failed on expression: 'pred(*previous, *i)'
Assertion failed on expression: 'pred(*previous, *i)'
Assertion failed on expression: 'pred(*previous, *i)'
Assertion failed on expression: 'pred(*previous, *i)'
Assertion failed on expression: 'pred(*previous, *i)'
Assertion failed on expression: 'pred(*previous, *i)'
Assertion failed on expression: 'pred(*previous, *i)'
Assertion failed on expression: 'pred(*previous, *i)'
Assertion failed on expression: 'pred(*previous, *i)'
Assertion failed on expression: 'pred(*previous, *i)'
Assertion failed on expression: 'pred(*previous, *i)'
Assertion failed on expression: 'pred(*previous, *i)'
Assertion failed on expression: 'pred(*previous, *i)'
Assertion failed on expression: 'pred(*previous, *i)'
Assertion failed on expression: 'pred(*previous, *i)'
Assertion failed on expression: 'pred(*previous, *i)'
Assertion failed on expression: 'pred(*previous, *i)'
Assertion failed on expression: 'pred(*previous, *i)'
Assertion failed on expression: 'pred(*previous, *i)'
Assertion failed on expression: 'pred(*previous, *i)'
Assertion failed on expression: 'pred(*previous, *i)'
Assertion failed on expression: 'pred(*previous, *i)'
Assertion failed on expression: 'pred(*previous, *i)'
Assertion failed on expression: 'pred(*previous, *i)'
Assertion failed on expression: 'pred(*previous, *i)'
Assertion failed on expression: 'pred(*previous, *i)'
Assertion failed on expression: 'pred(*previous, *i)'
Assertion failed on expression: 'pred(*previous, *i)'
Assertion failed on expression: 'pred(*previous, *i)'
Assertion failed on expression: 'pred(*previous, *i)'
Assertion failed on expression: 'pred(*previous, *i)'
Assertion failed on expression: 'pred(*previous, *i)'
Assertion failed on expression: 'pred(*previous, *i)'
Assertion failed on expression: 'pred(*previous, *i)'
Assertion failed on expression: 'pred(*previous, *i)'
Assertion failed on expression: 'pred(*previous, *i)'
Assertion failed on expression: 'pred(*previous, *i)'
Assertion failed on expression: 'pred(*previous, *i)'
Assertion failed on expression: 'pred(*previous, *i)'
Assertion failed on expression: 'pred(*previous, *i)'
Assertion failed on expression: 'pred(*previous, *i)'
Assertion failed on expression: 'pred(*previous, *i)'
Assertion failed on expression: 'pred(*previous, *i)'
Assertion failed on expression: 'pred(*previous, *i)'
Assertion failed on expression: 'pred(*previous, *i)'
Assertion failed on expression: 'pred(*previous, *i)'
Assertion failed on expression: 'pred(*previous, *i)'
Assertion failed on expression: 'pred(*previous, *i)'
Assertion failed on expression: 'pred(*previous, *i)'
Assertion failed on expression: 'pred(*previous, *i)'
Assertion failed on expression: 'pred(*previous, *i)'
Assertion failed on expression: 'pred(*previous, *i)'
Assertion failed on expression: 'pred(*previous, *i)'
Assertion failed on expression: 'pred(*previous, *i)'
Assertion failed on expression: 'pred(*previous, *i)'
Assertion failed on expression: 'pred(*previous, *i)'
Assertion failed on expression: 'pred(*previous, *i)'
Assertion failed on expression: 'pred(*previous, *i)'
Assertion failed on expression: 'pred(*previous, *i)'
Assertion failed on expression: 'pred(*previous, *i)'
Assertion failed on expression: 'pred(*previous, *i)'
Assertion failed on expression: 'pred(*previous, *i)'
Assertion failed on expression: 'pred(*previous, *i)'
Assertion failed on expression: 'pred(*previous, *i)'
Assertion failed on expression: 'pred(*previous, *i)'
Assertion failed on expression: 'pred(*previous, *i)'
Assertion failed on expression: 'pred(*previous, *i)'
Assertion failed on expression: 'pred(*previous, *i)'
Assertion failed on expression: 'pred(*previous, *i)'
Assertion failed on expression: 'pred(*previous, *i)'
Assertion failed on expression: 'pred(*previous, *i)'
Assertion failed on expression: 'pred(*previous, *i)'
Assertion failed on expression: 'pred(*previous, *i)'
Assertion failed on expression: 'pred(*previous, *i)'
Assertion failed on expression: 'pred(*previous, *i)'
Assertion failed on expression: 'pred(*previous, *i)'
Assertion failed on expression: 'pred(*previous, *i)'
Assertion failed on expression: 'pred(*previous, *i)'
Assertion failed on expression: 'pred(*previous, *i)'
Assertion failed on expression: 'pred(*previous, *i)'
Assertion failed on expression: 'pred(*previous, *i)'
Assertion failed on expression: 'pred(*previous, *i)'
Assertion failed on expression: 'pred(*previous, *i)'
Assertion failed on expression: 'pred(*previous, *i)'
Assertion failed on expression: 'pred(*previous, *i)'
Assertion failed on expression: 'pred(*previous, *i)'
Assertion failed on expression: 'pred(*previous, *i)'
Assertion failed on expression: 'pred(*previous, *i)'
Assertion failed on expression: 'pred(*previous, *i)'
Assertion failed on expression: 'pred(*previous, *i)'
Assertion failed on expression: 'pred(*previous, *i)'
Assertion failed on expression: 'pred(*previous, *i)'
Assertion failed on expression: 'pred(*previous, *i)'
Assertion failed on expression: 'pred(*previous, *i)'
Assertion failed on expression: 'pred(*previous, *i)'
Assertion failed on expression: 'pred(*previous, *i)'
Assertion failed on expression: 'pred(*previous, *i)'
Assertion failed on expression: 'pred(*previous, *i)'
Assertion failed on expression: 'pred(*previous, *i)'
Assertion failed on expression: 'pred(*previous, *i)'
Assertion failed on expression: 'pred(*previous, *i)'
Assertion failed on expression: 'pred(*previous, *i)'
Assertion failed on expression: 'pred(*previous, *i)'
Assertion failed on expression: 'pred(*previous, *i)'
Assertion failed on expression: 'pred(*previous, *i)'
Assertion failed on expression: 'pred(*previous, *i)'
Assertion failed on expression: 'pred(*previous, *i)'
Assertion failed on expression: 'pred(*previous, *i)'
Assertion failed on expression: 'pred(*previous, *i)'
Assertion failed on expression: 'pred(*previous, *i)'
Assertion failed on expression: 'pred(*previous, *i)'
Assertion failed on expression: 'pred(*previous, *i)'
Assertion failed on expression: 'pred(*previous, *i)'
Assertion failed on expression: 'pred(*previous, *i)'
Assertion failed on expression: 'pred(*previous, *i)'
Assertion failed on expression: 'pred(*previous, *i)'
Assertion failed on expression: 'pred(*previous, *i)'
Assertion failed on expression: 'pred(*previous, *i)'
Assertion failed on expression: 'pred(*previous, *i)'
Assertion failed on expression: 'pred(*previous, *i)'
Assertion failed on expression: 'pred(*previous, *i)'
Assertion failed on expression: 'pred(*previous, *i)'
Assertion failed on expression: 'pred(*previous, *i)'
Assertion failed on expression: 'pred(*previous, *i)'
Assertion failed on expression: 'pred(*previous, *i)'
Assertion failed on expression: 'pred(*previous, *i)'
Assertion failed on expression: 'pred(*previous, *i)'
Assertion failed on expression: 'pred(*previous, *i)'
Assertion failed on expression: 'pred(*previous, *i)'
Assertion failed on expression: 'pred(*previous, *i)'
Assertion failed on expression: 'pred(*previous, *i)'
Assertion failed on expression: 'pred(*previous, *i)'
Assertion failed on expression: 'pred(*previous, *i)'
Assertion failed on expression: 'pred(*previous, *i)'
Assertion failed on expression: 'pred(*previous, *i)'
Assertion failed on expression: 'pred(*previous, *i)'
Assertion failed on expression: 'pred(*previous, *i)'
Assertion failed on expression: 'pred(*previous, *i)'
Assertion failed on expression: 'pred(*previous, *i)'
Assertion failed on expression: 'pred(*previous, *i)'
Assertion failed on expression: 'pred(*previous, *i)'
Assertion failed on expression: 'pred(*previous, *i)'
Assertion failed on expression: 'pred(*previous, *i)'
Assertion failed on expression: 'pred(*previous, *i)'
Assertion failed on expression: 'pred(*previous, *i)'
Assertion failed on expression: 'pred(*previous, *i)'
Assertion failed on expression: 'pred(*previous, *i)'
Assertion failed on expression: 'pred(*previous, *i)'
Assertion failed on expression: 'pred(*previous, *i)'
Assertion failed on expression: 'pred(*previous, *i)'
Assertion failed on expression: 'pred(*previous, *i)'
Assertion failed on expression: 'pred(*previous, *i)'
Assertion failed on expression: 'pred(*previous, *i)'
Assertion failed on expression: 'pred(*previous, *i)'
Assertion failed on expression: 'pred(*previous, *i)'
Assertion failed on expression: 'pred(*previous, *i)'
Assertion failed on expression: 'pred(*previous, *i)'
Assertion failed on expression: 'pred(*previous, *i)'
Assertion failed on expression: 'pred(*previous, *i)'
Assertion failed on expression: 'pred(*previous, *i)'
Assertion failed on expression: 'pred(*previous, *i)'
Assertion failed on expression: 'pred(*previous, *i)'
Assertion failed on expression: 'pred(*previous, *i)'
Assertion failed on expression: 'pred(*previous, *i)'
Assertion failed on expression: 'pred(*previous, *i)'
Assertion failed on expression: 'pred(*previous, *i)'
Assertion failed on expression: 'pred(*previous, *i)'
Assertion failed on expression: 'pred(*previous, *i)'
Assertion failed on expression: 'pred(*previous, *i)'
Assertion failed on expression: 'pred(*previous, *i)'
Assertion failed on expression: 'pred(*previous, *i)'
Assertion failed on expression: 'pred(*previous, *i)'
Assertion failed on expression: 'pred(*previous, *i)'
Assertion failed on expression: 'pred(*previous, *i)'
Assertion failed on expression: 'pred(*previous, *i)'
Assertion failed on expression: 'pred(*previous, *i)'
Assertion failed on expression: 'pred(*previous, *i)'
Assertion failed on expression: 'pred(*previous, *i)'
Assertion failed on expression: 'pred(*previous, *i)'
Assertion failed on expression: 'pred(*previous, *i)'
Assertion failed on expression: 'pred(*previous, *i)'
Assertion failed on expression: 'pred(*previous, *i)'
Assertion failed on expression: 'pred(*previous, *i)'
Assertion failed on expression: 'pred(*previous, *i)'
Assertion failed on expression: 'pred(*previous, *i)'
Assertion failed on expression: 'pred(*previous, *i)'
Assertion failed on expression: 'pred(*previous, *i)'
Assertion failed on expression: 'pred(*previous, *i)'
Assertion failed on expression: 'pred(*previous, *i)'
Assertion failed on expression: 'pred(*previous, *i)'
Assertion failed on expression: 'pred(*previous, *i)'
Assertion failed on expression: 'pred(*previous, *i)'
Assertion failed on expression: 'pred(*previous, *i)'
Assertion failed on expression: 'pred(*previous, *i)'
Assertion failed on expression: 'pred(*previous, *i)'
Assertion failed on expression: 'pred(*previous, *i)'
Assertion failed on expression: 'pred(*previous, *i)'
Assertion failed on expression: 'pred(*previous, *i)'
Assertion failed on expression: 'pred(*previous, *i)'
Assertion failed on expression: 'pred(*previous, *i)'
Assertion failed on expression: 'pred(*previous, *i)'
Assertion failed on expression: 'pred(*previous, *i)'
Assertion failed on expression: 'pred(*previous, *i)'
Assertion failed on expression: 'pred(*previous, *i)'
Assertion failed on expression: 'pred(*previous, *i)'
Assertion failed on expression: 'pred(*previous, *i)'
Assertion failed on expression: 'pred(*previous, *i)'
Assertion failed on expression: 'pred(*previous, *i)'
Assertion failed on expression: 'pred(*previous, *i)'
Assertion failed on expression: 'pred(*previous, *i)'
Assertion failed on expression: 'pred(*previous, *i)'
Assertion failed on expression: 'pred(*previous, *i)'
Assertion failed on expression: 'pred(*previous, *i)'
Assertion failed on expression: 'pred(*previous, *i)'
Assertion failed on expression: 'pred(*previous, *i)'
Assertion failed on expression: 'pred(*previous, *i)'
Assertion failed on expression: 'pred(*previous, *i)'
Assertion failed on expression: 'pred(*previous, *i)'
Assertion failed on expression: 'pred(*previous, *i)'
Assertion failed on expression: 'pred(*previous, *i)'
Assertion failed on expression: 'pred(*previous, *i)'
Assertion failed on expression: 'pred(*previous, *i)'
Assertion failed on expression: 'pred(*previous, *i)'
Assertion failed on expression: 'pred(*previous, *i)'
Assertion failed on expression: 'pred(*previous, *i)'
Assertion failed on expression: 'pred(*previous, *i)'
Assertion failed on expression: 'pred(*previous, *i)'
Assertion failed on expression: 'pred(*previous, *i)'
Assertion failed on expression: 'pred(*previous, *i)'
Assertion failed on expression: 'pred(*previous, *i)'
Assertion failed on expression: 'pred(*previous, *i)'
Assertion failed on expression: 'pred(*previous, *i)'
Assertion failed on expression: 'pred(*previous, *i)'
Assertion failed on expression: 'pred(*previous, *i)'
Assertion failed on expression: 'pred(*previous, *i)'
Assertion failed on expression: 'pred(*previous, *i)'
Assertion failed on expression: 'pred(*previous, *i)'
Assertion failed on expression: 'pred(*previous, *i)'
Assertion failed on expression: 'pred(*previous, *i)'
Assertion failed on expression: 'pred(*previous, *i)'
Assertion failed on expression: 'pred(*previous, *i)'
Assertion failed on expression: 'pred(*previous, *i)'
Assertion failed on expression: 'pred(*previous, *i)'
Assertion failed on expression: 'pred(*previous, *i)'
Assertion failed on expression: 'pred(*previous, *i)'
Assertion failed on expression: 'pred(*previous, *i)'
Assertion failed on expression: 'pred(*previous, *i)'
Assertion failed on expression: 'pred(*previous, *i)'
Assertion failed on expression: 'pred(*previous, *i)'
Assertion failed on expression: 'pred(*previous, *i)'
Assertion failed on expression: 'pred(*previous, *i)'
Assertion failed on expression: 'pred(*previous, *i)'
Assertion failed on expression: 'pred(*previous, *i)'
Assertion failed on expression: 'pred(*previous, *i)'
Assertion failed on expression: 'pred(*previous, *i)'
Assertion failed on expression: 'pred(*previous, *i)'
Assertion failed on expression: 'pred(*previous, *i)'
Assertion failed on expression: 'pred(*previous, *i)'
Assertion failed on expression: 'pred(*previous, *i)'
Assertion failed on expression: 'pred(*previous, *i)'
Assertion failed on expression: 'pred(*previous, *i)'
Assertion failed on expression: 'pred(*previous, *i)'
Assertion failed on expression: 'pred(*previous, *i)'
Assertion failed on expression: 'pred(*previous, *i)'
Assertion failed on expression: 'pred(*previous, *i)'
Assertion failed on expression: 'pred(*previous, *i)'
Assertion failed on expression: 'pred(*previous, *i)'
Assertion failed on expression: 'pred(*previous, *i)'
Assertion failed on expression: 'pred(*previous, *i)'
Assertion failed on expression: 'pred(*previous, *i)'
Assertion failed on expression: 'pred(*previous, *i)'
Assertion failed on expression: 'pred(*previous, *i)'
Assertion failed on expression: 'pred(*previous, *i)'
Assertion failed on expression: 'pred(*previous, *i)'
Assertion failed on expression: 'pred(*previous, *i)'
Assertion failed on expression: 'pred(*previous, *i)'
Assertion failed on expression: 'pred(*previous, *i)'
Assertion failed on expression: 'pred(*previous, *i)'
Assertion failed on expression: 'pred(*previous, *i)'
Assertion failed on expression: 'pred(*previous, *i)'
Assertion failed on expression: 'pred(*previous, *i)'
Assertion failed on expression: 'pred(*previous, *i)'
Assertion failed on expression: 'pred(*previous, *i)'
Assertion failed on expression: 'pred(*previous, *i)'
Assertion failed on expression: 'pred(*previous, *i)'
Assertion failed on expression: 'pred(*previous, *i)'
Assertion failed on expression: 'pred(*previous, *i)'
Assertion failed on expression: 'pred(*previous, *i)'
Assertion failed on expression: 'pred(*previous, *i)'
Assertion failed on expression: 'pred(*previous, *i)'
Assertion failed on expression: 'pred(*previous, *i)'
Assertion failed on expression: 'pred(*previous, *i)'
Assertion failed on expression: 'pred(*previous, *i)'
Assertion failed on expression: 'pred(*previous, *i)'
Assertion failed on expression: 'pred(*previous, *i)'
Assertion failed on expression: 'pred(*previous, *i)'
Assertion failed on expression: 'pred(*previous, *i)'
Assertion failed on expression: 'pred(*previous, *i)'
Assertion failed on expression: 'pred(*previous, *i)'
Assertion failed on expression: 'pred(*previous, *i)'
Assertion failed on expression: 'pred(*previous, *i)'
Assertion failed on expression: 'pred(*previous, *i)'
Assertion failed on expression: 'pred(*previous, *i)'
Assertion failed on expression: 'pred(*previous, *i)'
Assertion failed on expression: 'pred(*previous, *i)'
Assertion failed on expression: 'pred(*previous, *i)'
Assertion failed on expression: 'pred(*previous, *i)'
Assertion failed on expression: 'pred(*previous, *i)'
Assertion failed on expression: 'pred(*previous, *i)'
Assertion failed on expression: 'pred(*previous, *i)'
Assertion failed on expression: 'pred(*previous, *i)'
Assertion failed on expression: 'pred(*previous, *i)'
Assertion failed on expression: 'pred(*previous, *i)'
Assertion failed on expression: 'pred(*previous, *i)'
Assertion failed on expression: 'pred(*previous, *i)'
Assertion failed on expression: 'pred(*previous, *i)'
Assertion failed on expression: 'pred(*previous, *i)'
Assertion failed on expression: 'pred(*previous, *i)'
Assertion failed on expression: 'pred(*previous, *i)'
Assertion failed on expression: 'pred(*previous, *i)'
Assertion failed on expression: 'pred(*previous, *i)'
Assertion failed on expression: 'pred(*previous, *i)'
Assertion failed on expression: 'pred(*previous, *i)'
Assertion failed on expression: 'pred(*previous, *i)'
Assertion failed on expression: 'pred(*previous, *i)'
Assertion failed on expression: 'pred(*previous, *i)'
Assertion failed on expression: 'pred(*previous, *i)'
Assertion failed on expression: 'pred(*previous, *i)'
Assertion failed on expression: 'pred(*previous, *i)'
Assertion failed on expression: 'pred(*previous, *i)'
Assertion failed on expression: 'pred(*previous, *i)'
Assertion failed on expression: 'pred(*previous, *i)'
Assertion failed on expression: 'pred(*previous, *i)'
Assertion failed on expression: 'pred(*previous, *i)'
Assertion failed on expression: 'pred(*previous, *i)'
Assertion failed on expression: 'pred(*previous, *i)'
Assertion failed on expression: 'pred(*previous, *i)'
Assertion failed on expression: 'pred(*previous, *i)'
Assertion failed on expression: 'pred(*previous, *i)'
Assertion failed on expression: 'pred(*previous, *i)'
Assertion failed on expression: 'pred(*previous, *i)'
Assertion failed on expression: 'pred(*previous, *i)'
Assertion failed on expression: 'pred(*previous, *i)'
Assertion failed on expression: 'pred(*previous, *i)'
Assertion failed on expression: 'pred(*previous, *i)'
Assertion failed on expression: 'pred(*previous, *i)'
Assertion failed on expression: 'pred(*previous, *i)'
Assertion failed on expression: 'pred(*previous, *i)'
Assertion failed on expression: 'pred(*previous, *i)'
Assertion failed on expression: 'pred(*previous, *i)'
Assertion failed on expression: 'pred(*previous, *i)'
Assertion failed on expression: 'pred(*previous, *i)'
Assertion failed on expression: 'pred(*previous, *i)'
Assertion failed on expression: 'pred(*previous, *i)'
Assertion failed on expression: 'pred(*previous, *i)'
Assertion failed on expression: 'pred(*previous, *i)'
Assertion failed on expression: 'pred(*previous, *i)'
Assertion failed on expression: 'pred(*previous, *i)'
Assertion failed on expression: 'pred(*previous, *i)'
Assertion failed on expression: 'pred(*previous, *i)'
Assertion failed on expression: 'pred(*previous, *i)'
Assertion failed on expression: 'pred(*previous, *i)'
Assertion failed on expression: 'pred(*previous, *i)'
Assertion failed on expression: 'pred(*previous, *i)'
Assertion failed on expression: 'pred(*previous, *i)'
Assertion failed on expression: 'pred(*previous, *i)'
Assertion failed on expression: 'pred(*previous, *i)'
Assertion failed on expression: 'pred(*previous, *i)'
Assertion failed on expression: 'pred(*previous, *i)'
Assertion failed on expression: 'pred(*previous, *i)'
Assertion failed on expression: 'pred(*previous, *i)'
Assertion failed on expression: 'pred(*previous, *i)'
Assertion failed on expression: 'pred(*previous, *i)'
Assertion failed on expression: 'pred(*previous, *i)'
Assertion failed on expression: 'pred(*previous, *i)'
Assertion failed on expression: 'pred(*previous, *i)'
Assertion failed on expression: 'pred(*previous, *i)'
Assertion failed on expression: 'pred(*previous, *i)'
Assertion failed on expression: 'pred(*previous, *i)'
Assertion failed on expression: 'pred(*previous, *i)'
Assertion failed on expression: 'pred(*previous, *i)'
Assertion failed on expression: 'pred(*previous, *i)'
Assertion failed on expression: 'pred(*previous, *i)'
Assertion failed on expression: 'pred(*previous, *i)'
Assertion failed on expression: 'pred(*previous, *i)'
Assertion failed on expression: 'pred(*previous, *i)'
Assertion failed on expression: 'pred(*previous, *i)'
Assertion failed on expression: 'pred(*previous, *i)'
Assertion failed on expression: 'pred(*previous, *i)'
Assertion failed on expression: 'pred(*previous, *i)'
Assertion failed on expression: 'pred(*previous, *i)'
Assertion failed on expression: 'pred(*previous, *i)'
Assertion failed on expression: 'pred(*previous, *i)'
Assertion failed on expression: 'pred(*previous, *i)'
Assertion failed on expression: 'pred(*previous, *i)'
Assertion failed on expression: 'pred(*previous, *i)'
Assertion failed on expression: 'pred(*previous, *i)'
Assertion failed on expression: 'pred(*previous, *i)'
Assertion failed on expression: 'pred(*previous, *i)'
Assertion failed on expression: 'pred(*previous, *i)'
Assertion failed on expression: 'pred(*previous, *i)'
Assertion failed on expression: 'pred(*previous, *i)'
Assertion failed on expression: 'pred(*previous, *i)'
Assertion failed on expression: 'pred(*previous, *i)'
Assertion failed on expression: 'pred(*previous, *i)'
Assertion failed on expression: 'pred(*previous, *i)'
Assertion failed on expression: 'pred(*previous, *i)'
Assertion failed on expression: 'pred(*previous, *i)'
Assertion failed on expression: 'pred(*previous, *i)'
Assertion failed on expression: 'pred(*previous, *i)'
Assertion failed on expression: 'pred(*previous, *i)'
Assertion failed on expression: 'pred(*previous, *i)'
Assertion failed on expression: 'pred(*previous, *i)'
Assertion failed on expression: 'pred(*previous, *i)'
Assertion failed on expression: 'pred(*previous, *i)'
Assertion failed on expression: 'pred(*previous, *i)'
Assertion failed on expression: 'pred(*previous, *i)'
Assertion failed on expression: 'pred(*previous, *i)'
Assertion failed on expression: 'pred(*previous, *i)'
Assertion failed on expression: 'pred(*previous, *i)'
Assertion failed on expression: 'pred(*previous, *i)'
Assertion failed on expression: 'pred(*previous, *i)'
Assertion failed on expression: 'pred(*previous, *i)'
Assertion failed on expression: 'pred(*previous, *i)'
Assertion failed on expression: 'pred(*previous, *i)'
Assertion failed on expression: 'pred(*previous, *i)'
Assertion failed on expression: 'pred(*previous, *i)'
Assertion failed on expression: 'pred(*previous, *i)'
Assertion failed on expression: 'pred(*previous, *i)'
Assertion failed on expression: 'pred(*previous, *i)'
Assertion failed on expression: 'pred(*previous, *i)'
Assertion failed on expression: 'pred(*previous, *i)'
Assertion failed on expression: 'pred(*previous, *i)'
Assertion failed on expression: 'pred(*previous, *i)'
Assertion failed on expression: 'pred(*previous, *i)'
Assertion failed on expression: 'pred(*previous, *i)'
Assertion failed on expression: 'pred(*previous, *i)'
Assertion failed on expression: 'pred(*previous, *i)'
Assertion failed on expression: 'pred(*previous, *i)'
Assertion failed on expression: 'pred(*previous, *i)'
Assertion failed on expression: 'pred(*previous, *i)'
Assertion failed on expression: 'pred(*previous, *i)'
Assertion failed on expression: 'pred(*previous, *i)'
Assertion failed on expression: 'pred(*previous, *i)'
Assertion failed on expression: 'pred(*previous, *i)'
Assertion failed on expression: 'pred(*previous, *i)'
Assertion failed on expression: 'pred(*previous, *i)'
Assertion failed on expression: 'pred(*previous, *i)'
Assertion failed on expression: 'pred(*previous, *i)'
Assertion failed on expression: 'pred(*previous, *i)'
Assertion failed on expression: 'pred(*previous, *i)'
Assertion failed on expression: 'pred(*previous, *i)'
Assertion failed on expression: 'pred(*previous, *i)'
Assertion failed on expression: 'pred(*previous, *i)'
Assertion failed on expression: 'pred(*previous, *i)'
Assertion failed on expression: 'pred(*previous, *i)'
Assertion failed on expression: 'pred(*previous, *i)'
Assertion failed on expression: 'pred(*previous, *i)'
Assertion failed on expression: 'pred(*previous, *i)'
Assertion failed on expression: 'pred(*previous, *i)'
Assertion failed on expression: 'pred(*previous, *i)'
Assertion failed on expression: 'pred(*previous, *i)'
Assertion failed on expression: 'pred(*previous, *i)'
Assertion failed on expression: 'pred(*previous, *i)'
Assertion failed on expression: 'pred(*previous, *i)'
Assertion failed on expression: 'pred(*previous, *i)'
Assertion failed on expression: 'pred(*previous, *i)'
Assertion failed on expression: 'pred(*previous, *i)'
Assertion failed on expression: 'pred(*previous, *i)'
Assertion failed on expression: 'pred(*previous, *i)'
Assertion failed on expression: 'pred(*previous, *i)'
Assertion failed on expression: 'pred(*previous, *i)'
Assertion failed on expression: 'pred(*previous, *i)'
Assertion failed on expression: 'pred(*previous, *i)'
Assertion failed on expression: 'pred(*previous, *i)'
Assertion failed on expression: 'pred(*previous, *i)'
Assertion failed on expression: 'pred(*previous, *i)'
Assertion failed on expression: 'pred(*previous, *i)'
Assertion failed on expression: 'pred(*previous, *i)'
Assertion failed on expression: 'pred(*previous, *i)'
Assertion failed on expression: 'pred(*previous, *i)'
Assertion failed on expression: 'pred(*previous, *i)'
Assertion failed on expression: 'pred(*previous, *i)'
Assertion failed on expression: 'pred(*previous, *i)'
Assertion failed on expression: 'pred(*previous, *i)'
Assertion failed on expression: 'pred(*previous, *i)'
Assertion failed on expression: 'pred(*previous, *i)'
Assertion failed on expression: 'pred(*previous, *i)'
Assertion failed on expression: 'pred(*previous, *i)'
Assertion failed on expression: 'pred(*previous, *i)'
Assertion failed on expression: 'pred(*previous, *i)'
Assertion failed on expression: 'pred(*previous, *i)'
Assertion failed on expression: 'pred(*previous, *i)'
Assertion failed on expression: 'pred(*previous, *i)'
Assertion failed on expression: 'pred(*previous, *i)'
Assertion failed on expression: 'pred(*previous, *i)'
Assertion failed on expression: 'pred(*previous, *i)'
Assertion failed on expression: 'pred(*previous, *i)'
Assertion failed on expression: 'pred(*previous, *i)'
Assertion failed on expression: 'pred(*previous, *i)'
Assertion failed on expression: 'pred(*previous, *i)'
Assertion failed on expression: 'pred(*previous, *i)'
Assertion failed on expression: 'pred(*previous, *i)'
Assertion failed on expression: 'pred(*previous, *i)'
Assertion failed on expression: 'pred(*previous, *i)'
Assertion failed on expression: 'pred(*previous, *i)'
Assertion failed on expression: 'pred(*previous, *i)'
Assertion failed on expression: 'pred(*previous, *i)'
Assertion failed on expression: 'pred(*previous, *i)'
Assertion failed on expression: 'pred(*previous, *i)'
Assertion failed on expression: 'pred(*previous, *i)'
Assertion failed on expression: 'pred(*previous, *i)'
Assertion failed on expression: 'pred(*previous, *i)'
Assertion failed on expression: 'pred(*previous, *i)'
Assertion failed on expression: 'pred(*previous, *i)'
Native extension for Android target not found
Native extension for WindowsStandalone target not found
[Package Manager] Failed to launch server process. Reason: Unity was launched with the -noUpm command-line argument
[Package Manager] Unable to send message (not connected to server process).
[Package Manager] Cannot connect to Unity Package Manager local server
[Package Manager] Failed to launch server process. Reason: Unity was launched with the -noUpm command-line argument
[Package Manager] Unable to send message (not connected to server process).
[Package Manager] Cannot connect to Unity Package Manager local server
ScheduleIndexationOnStartup MainProcess:False IndexOnStartup:True
Mono: successfully reloaded assembly
[Package Manager] Failed to launch server process. Reason: Unity was launched with the -noUpm command-line argument
[Package Manager] Unable to send message (not connected to server process).
[Package Manager] Cannot connect to Unity Package Manager local server
- Finished resetting the current domain, in  1.453 seconds
Domain Reload Profiling: 2831ms
	BeginReloadAssembly (529ms)
		ExecutionOrderSort (0ms)
		DisableScriptedObjects (18ms)
		BackupInstance (0ms)
		ReleaseScriptingObjects (1ms)
		CreateAndSetChildDomain (107ms)
	RebuildCommonClasses (72ms)
	RebuildNativeTypeToScriptingClass (26ms)
	initialDomainReloadingComplete (59ms)
	LoadAllAssembliesAndSetupDomain (691ms)
		LoadAssemblies (724ms)
		RebuildTransferFunctionScriptingTraits (0ms)
		AnalyzeDomain (255ms)
			TypeCache.Refresh (114ms)
				TypeCache.ScanAssembly (86ms)
			BuildScriptInfoCaches (121ms)
			ResolveRequiredComponents (10ms)
	FinalizeReload (1454ms)
		ReleaseScriptCaches (0ms)
		RebuildScriptCaches (0ms)
		SetupLoadedEditorAssemblies (1188ms)
			LogAssemblyErrors (0ms)
			InitializePlatformSupportModulesInManaged (16ms)
			SetLoadedEditorAssemblies (7ms)
			BeforeProcessingInitializeOnLoad (227ms)
			ProcessInitializeOnLoadAttributes (830ms)
			ProcessInitializeOnLoadMethodAttributes (100ms)
			AfterProcessingInitializeOnLoad (7ms)
			EditorAssembliesLoaded (1ms)
		ExecutionOrderSort2 (0ms)
		AwakeInstancesAfterBackupRestoration (11ms)
WARNING: Shader Unsupported: 'Hidden/Simulation/URP/Synthetic' - All subshaders removed
WARNING: Shader Did you use #pragma only_renderers and omit this platform?
WARNING: Shader If subshaders removal was intentional, you may have forgotten turning Fallback off?
WARNING: Shader Unsupported: 'Hidden/Simulation/URP/Synthetic' - All subshaders removed
WARNING: Shader Did you use #pragma only_renderers and omit this platform?
WARNING: Shader If subshaders removal was intentional, you may have forgotten turning Fallback off?
WARNING: Shader Unsupported: 'Hidden/Simulation/Synthetic Lit' - All subshaders removed
WARNING: Shader Did you use #pragma only_renderers and omit this platform?
WARNING: Shader If subshaders removal was intentional, you may have forgotten turning Fallback off?
WARNING: Shader Unsupported: 'Hidden/Simulation/Synthetic Lit' - All subshaders removed
WARNING: Shader Did you use #pragma only_renderers and omit this platform?
WARNING: Shader If subshaders removal was intentional, you may have forgotten turning Fallback off?
WARNING: Shader Unsupported: 'Simulation/URP/Room X-Ray' - All subshaders removed
WARNING: Shader Did you use #pragma only_renderers and omit this platform?
WARNING: Shader If subshaders removal was intentional, you may have forgotten turning Fallback off?
WARNING: Shader Unsupported: 'Simulation/URP/Room X-Ray' - All subshaders removed
WARNING: Shader Did you use #pragma only_renderers and omit this platform?
WARNING: Shader If subshaders removal was intentional, you may have forgotten turning Fallback off?
WARNING: Shader Unsupported: 'Simulation/URP/Lit' - All subshaders removed
WARNING: Shader Did you use #pragma only_renderers and omit this platform?
WARNING: Shader If subshaders removal was intentional, you may have forgotten turning Fallback off?
WARNING: Shader Unsupported: 'Simulation/URP/Lit' - All subshaders removed
WARNING: Shader Did you use #pragma only_renderers and omit this platform?
WARNING: Shader If subshaders removal was intentional, you may have forgotten turning Fallback off?
WARNING: Shader Unsupported: 'Simulation/Standard Lit' - All subshaders removed
WARNING: Shader Did you use #pragma only_renderers and omit this platform?
WARNING: Shader If subshaders removal was intentional, you may have forgotten turning Fallback off?
WARNING: Shader Unsupported: 'Simulation/Standard Lit' - All subshaders removed
WARNING: Shader Did you use #pragma only_renderers and omit this platform?
WARNING: Shader If subshaders removal was intentional, you may have forgotten turning Fallback off?
WARNING: Shader Unsupported: 'Simulation/Room X-Ray' - All subshaders removed
WARNING: Shader Did you use #pragma only_renderers and omit this platform?
WARNING: Shader If subshaders removal was intentional, you may have forgotten turning Fallback off?
WARNING: Shader Unsupported: 'Simulation/Room X-Ray' - All subshaders removed
WARNING: Shader Did you use #pragma only_renderers and omit this platform?
WARNING: Shader If subshaders removal was intentional, you may have forgotten turning Fallback off?
Refreshing native plugins compatible for Editor in 3.96 ms, found 3 plugins.
Preloading 0 native plugins for Editor in 0.00 ms.
Unloading 8 Unused Serialized files (Serialized files now loaded: 0)
Unloading 2631 unused Assets / (1.2 MB). Loaded Objects now: 3232.
Memory consumption went from 98.2 MB to 97.0 MB.
Total: 12.916200 ms (FindLiveObjects: 0.696500 ms CreateObjectMapping: 0.513700 ms MarkObjects: 9.690500 ms  DeleteObjects: 2.012000 ms)

Prepare: number of updated asset objects reloaded= 0
Editor requested this worker to shutdown with reason: Scaling down because of idle timeout
AssetImportWorker is now disconnected from the server
Process exiting
Exiting without the bug reporter. Application will terminate with return code 0